Temps (s), T1 (°C), T2 (°C), T3 (°C),Ampérage (A)
0,23.6,23.96,23.87,0.0
1,23.6,23.96,23.87,0.0
2,23.6,23.96,23.87,0.0
3,23.6,23.96,23.87,0.0
4,23.6,23.96,23.87,0.0
5,23.6,23.96,23.87,0.0
6,23.6,23.96,23.87,0.0
7,23.6,23.96,23.87,0.0
8,23.6,23.96,23.87,0.0
9,23.6,23.96,23.87,0.0
10,23.6,23.96,23.87,0.0
11,23.6,23.96,23.87,0.0
12,23.6,23.96,23.87,0.0
13,23.6,23.96,23.87,0.0
14,23.6,23.96,23.87,0.0
15,23.6,23.96,23.87,0.0
16,23.6,23.96,23.87,0.0
17,23.6,23.96,23.87,0.0
18,23.51,23.96,23.87,0.0
19,23.6,23.96,23.87,0.0
20,23.6,23.96,23.87,0.0
21,23.6,23.96,23.87,0.0
22,23.6,23.96,23.87,0.0
23,23.6,23.96,23.87,0.0
24,23.6,23.96,23.87,0.0
25,23.6,23.96,23.87,0.0
26,23.6,23.96,23.87,0.0
27,23.6,23.96,23.87,0.0
28,23.6,23.96,23.87,0.0
29,23.6,23.96,23.87,0.0
30,23.51,23.96,23.87,0.0
31,23.51,23.96,23.87,0.0
32,23.6,23.96,23.87,0.0
33,23.51,23.96,23.87,0.0
34,23.6,23.96,23.87,0.0
35,23.51,23.96,23.87,0.0
36,23.51,23.96,23.87,0.0
37,23.6,23.96,23.87,0.0
38,23.6,23.96,23.87,0.0
39,23.69,23.96,23.87,0.2
40,23.78,23.96,23.87,0.2
41,23.78,23.96,23.87,0.2
42,23.87,23.96,23.87,0.2
43,23.87,23.96,23.87,0.2
44,23.96,23.96,23.78,0.2
45,23.96,23.96,23.78,0.2
46,24.05,23.96,23.87,0.2
47,24.05,23.96,23.87,0.2
48,24.05,23.96,23.78,0.2
49,24.05,23.96,23.78,0.2
50,24.14,23.96,23.78,0.2
51,24.14,23.96,23.78,0.2
52,24.23,24.05,23.87,0.2
53,24.23,24.05,23.78,0.2
54,24.23,24.05,23.87,0.2
55,24.23,24.05,23.87,0.2
56,24.23,24.05,23.78,0.2
57,24.32,24.05,23.87,0.2
58,24.32,24.05,23.87,0.2
59,24.32,24.05,23.87,0.2
60,24.32,24.05,23.87,0.2
61,24.41,24.14,23.87,0.2
62,24.41,24.14,23.87,0.2
63,24.41,24.14,23.87,0.2
64,24.41,24.14,23.87,0.2
65,24.41,24.14,23.87,0.2
66,24.41,24.14,23.87,0.2
67,24.41,24.14,23.87,0.2
68,24.5,24.14,23.87,0.2
69,24.5,24.14,23.87,0.2
70,24.5,24.23,23.87,0.2
71,24.5,24.23,23.87,0.2
72,24.5,24.23,23.87,0.2
73,24.5,24.23,23.87,0.2
74,24.59,24.23,23.96,0.2
75,24.59,24.23,23.96,0.2
76,24.59,24.23,23.96,0.2
77,24.59,24.32,23.96,0.2
78,24.59,24.32,23.96,0.2
79,24.59,24.32,23.96,0.2
80,24.59,24.32,23.96,0.2
81,24.59,24.32,23.96,0.2
82,24.68,24.32,23.96,0.2
83,24.68,24.32,23.96,0.2
84,24.68,24.32,23.96,0.2
85,24.68,24.32,24.05,0.2
86,24.68,24.41,24.05,0.2
87,24.68,24.41,24.05,0.2
88,24.68,24.41,24.05,0.2
89,24.68,24.41,24.05,0.2
90,24.77,24.41,24.05,0.2
91,24.77,24.41,24.05,0.2
92,24.77,24.41,24.05,0.2
93,24.77,24.41,24.05,0.2
94,24.77,24.5,24.05,0.2
95,24.77,24.41,24.14,0.2
96,24.77,24.41,24.05,0.2
97,24.77,24.5,24.05,0.2
98,24.77,24.5,24.14,0.2
99,24.77,24.5,24.14,0.2
100,24.77,24.5,24.14,0.2
101,24.86,24.5,24.14,0.2
102,24.86,24.5,24.14,0.2
103,24.86,24.5,24.14,0.2
104,24.86,24.5,24.14,0.2
105,24.86,24.5,24.14,0.2
106,24.86,24.5,24.14,0.2
107,24.86,24.5,24.14,0.2
108,24.86,24.5,24.14,0.2
109,24.86,24.5,24.14,0.2
110,24.86,24.59,24.23,0.2
111,24.86,24.59,24.23,0.2
112,24.86,24.59,24.14,0.2
113,24.95,24.59,24.23,0.2
114,24.95,24.59,24.23,0.2
115,24.95,24.59,24.23,0.2
116,24.95,24.59,24.23,0.2
117,24.95,24.59,24.23,0.2
118,24.95,24.59,24.23,0.2
119,24.95,24.59,24.23,0.2
120,24.95,24.59,24.23,0.2
121,24.95,24.59,24.23,0.2
122,24.95,24.68,24.32,0.2
123,24.95,24.59,24.32,0.2
124,24.95,24.68,24.32,0.2
125,24.95,24.68,24.32,0.2
126,25.04,24.68,24.32,0.2
127,25.04,24.68,24.32,0.2
128,25.04,24.68,24.32,0.2
129,25.04,24.68,24.32,0.2
130,25.04,24.68,24.32,0.2
131,25.04,24.68,24.32,0.2
132,25.04,24.68,24.32,0.2
133,25.04,24.68,24.32,0.2
134,25.04,24.77,24.32,0.2
135,25.04,24.68,24.32,0.2
136,25.04,24.77,24.41,0.2
137,25.04,24.77,24.41,0.2
138,25.04,24.77,24.41,0.2
139,25.04,24.77,24.41,0.2
140,25.04,24.77,24.41,0.2
141,25.04,24.77,24.41,0.2
142,25.04,24.77,24.41,0.2
143,25.04,24.77,24.41,0.2
144,25.04,24.77,24.41,0.2
145,25.04,24.77,24.41,0.2
146,25.04,24.77,24.41,0.2
147,25.04,24.77,24.41,0.2
148,25.04,24.77,24.41,0.2
149,25.13,24.77,24.41,0.2
150,25.04,24.77,24.41,0.2
151,25.13,24.77,24.41,0.2
152,25.13,24.77,24.41,0.2
153,25.13,24.77,24.41,0.2
154,25.13,24.86,24.41,0.2
155,25.13,24.86,24.41,0.2
156,25.13,24.86,24.5,0.2
157,25.13,24.86,24.5,0.2
158,25.13,24.86,24.5,0.2
159,25.13,24.86,24.5,0.2
160,25.13,24.86,24.5,0.2
161,25.13,24.86,24.5,0.2
162,25.13,24.86,24.5,0.2
163,25.13,24.86,24.5,0.2
164,25.13,24.86,24.5,0.2
165,25.13,24.86,24.5,0.2
166,25.13,24.86,24.5,0.2
167,25.13,24.86,24.5,0.2
168,25.13,24.86,24.5,0.2
169,25.13,24.86,24.5,0.2
170,25.13,24.86,24.5,0.2
171,25.13,24.86,24.5,0.2
172,25.22,24.86,24.5,0.2
173,25.22,24.86,24.59,0.2
174,25.22,24.95,24.5,0.2
175,25.22,24.95,24.59,0.2
176,25.22,24.95,24.59,0.2
177,25.22,24.95,24.59,0.2
178,25.22,24.95,24.59,0.2
179,25.22,24.95,24.5,0.2
180,25.22,24.95,24.59,0.2
181,25.22,24.95,24.59,0.2
182,25.22,24.95,24.59,0.2
183,25.22,24.95,24.59,0.2
184,25.22,24.95,24.59,0.2
185,25.22,24.95,24.59,0.2
186,25.22,24.95,24.59,0.2
187,25.22,24.95,24.59,0.2
188,25.22,24.95,24.59,0.2
189,25.22,24.95,24.59,0.2
190,25.22,24.95,24.59,0.2
191,25.22,24.95,24.59,0.2
192,25.22,24.95,24.59,0.2
193,25.22,24.95,24.59,0.2
194,25.22,24.95,24.59,0.2
195,25.22,24.95,24.59,0.2
196,25.22,24.95,24.59,0.2
197,25.22,24.95,24.59,0.2
198,25.22,24.95,24.59,0.2
199,25.22,24.95,24.59,0.2
200,25.22,24.95,24.59,0.2
201,25.22,25.04,24.68,0.2
202,25.22,25.04,24.68,0.2
203,25.22,25.04,24.68,0.2
204,25.31,25.04,24.59,0.2
205,25.31,25.04,24.68,0.2
206,25.31,25.04,24.68,0.2
207,25.31,25.04,24.68,0.2
208,25.31,25.04,24.68,0.2
209,25.31,25.04,24.68,0.2
210,25.31,25.04,24.68,0.2
211,25.31,25.04,24.68,0.2
212,25.31,25.04,24.68,0.2
213,25.31,25.04,24.68,0.2
214,25.31,25.04,24.68,0.2
215,25.31,25.04,24.68,0.2
216,25.31,25.04,24.68,0.2
217,25.31,25.04,24.68,0.2
218,25.31,25.04,24.68,0.2
219,25.31,25.04,24.68,0.2
220,25.31,25.04,24.68,0.2
221,25.31,25.04,24.68,0.2
222,25.31,25.04,24.68,0.2
223,25.31,25.04,24.68,0.2
224,25.31,25.04,24.68,0.2
225,25.31,25.04,24.68,0.2
226,25.31,25.04,24.68,0.2
227,25.31,25.04,24.68,0.2
228,25.31,25.04,24.68,0.2
229,25.31,25.13,24.68,0.2
230,25.31,25.04,24.68,0.2
231,25.31,25.04,24.68,0.2
232,25.31,25.04,24.68,0.2
233,25.31,25.04,24.68,0.2
234,25.31,25.13,24.68,0.2
235,25.31,25.13,24.77,0.2
236,25.31,25.13,24.68,0.2
237,25.31,25.13,24.77,0.2
238,25.31,25.13,24.77,0.2
239,25.31,25.13,24.77,0.2
240,25.31,25.13,24.77,0.2
241,25.4,25.13,24.77,0.2
242,25.4,25.13,24.77,0.2
243,25.4,25.13,24.77,0.2
244,25.4,25.13,24.77,0.2
245,25.4,25.13,24.77,0.2
246,25.4,25.13,24.77,0.2
247,25.4,25.13,24.77,0.2
248,25.4,25.13,24.77,0.2
249,25.4,25.13,24.77,0.2
250,25.4,25.13,24.77,0.2
251,25.4,25.13,24.77,0.2
252,25.4,25.13,24.77,0.2
253,25.4,25.13,24.86,0.2
254,25.4,25.13,24.86,0.2
255,25.4,25.13,24.86,0.2
256,25.4,25.13,24.86,0.2
257,25.4,25.22,24.86,0.2
258,25.4,25.13,24.86,0.2
259,25.4,25.22,24.86,0.2
260,25.49,25.22,24.86,0.2
261,25.49,25.22,24.86,0.2
262,25.4,25.22,24.86,0.2
263,25.49,25.22,24.86,0.2
264,25.49,25.22,24.86,0.2
265,25.49,25.22,24.86,0.2
266,25.49,25.22,24.86,0.2
268,25.49,25.22,24.86,0.2
269,25.49,25.22,24.86,0.2
270,25.49,25.22,24.86,0.2
271,25.49,25.22,24.86,0.2
272,25.49,25.22,24.86,0.2
273,25.4,25.22,24.86,0.2
274,25.49,25.22,24.86,0.2
275,25.49,25.22,24.86,0.2
276,25.49,25.22,24.86,0.2
277,25.49,25.22,24.86,0.2
278,25.49,25.22,24.86,0.2
279,25.49,25.22,24.86,0.2
280,25.49,25.22,24.86,0.2
281,25.49,25.22,24.86,0.2
282,25.49,25.22,24.86,0.2
283,25.49,25.22,24.86,0.2
284,25.49,25.22,24.86,0.2
285,25.49,25.22,24.86,0.2
286,25.49,25.22,24.86,0.2
287,25.49,25.22,24.86,0.2
288,25.49,25.22,24.86,0.2
289,25.49,25.22,24.86,0.2
290,25.49,25.22,24.86,0.2
291,25.49,25.22,24.86,0.2
292,25.49,25.22,24.86,0.2
293,25.49,25.22,24.86,0.2
294,25.49,25.22,24.86,0.2
295,25.49,25.22,24.86,0.2
296,25.58,25.31,24.95,0.2
297,25.58,25.31,24.95,0.2
298,25.58,25.31,24.86,0.2
299,25.49,25.22,24.86,0.2
300,25.49,25.31,24.95,0.2
301,25.49,25.31,24.86,0.2
302,25.49,25.31,24.86,0.2
303,25.49,25.31,24.95,0.2
304,25.49,25.31,24.95,0.2
305,25.58,25.31,24.95,0.2
306,25.49,25.31,24.95,0.2
307,25.58,25.31,24.95,0.2
308,25.58,25.31,24.95,0.2
309,25.58,25.31,24.95,0.2
310,25.58,25.31,24.95,0.2
311,25.58,25.31,24.95,0.2
312,25.58,25.31,24.95,0.2
313,25.58,25.31,24.95,0.2
314,25.58,25.31,24.95,0.2
315,25.58,25.31,24.95,0.2
316,25.58,25.31,24.95,0.2
317,25.58,25.31,24.95,0.2
318,25.58,25.31,24.95,0.2
319,25.58,25.31,24.95,0.2
320,25.58,25.31,24.95,0.2
321,25.58,25.31,24.95,0.2
322,25.58,25.31,24.95,0.2
323,25.58,25.31,24.95,0.2
324,25.58,25.31,24.95,0.2
325,25.58,25.31,24.95,0.2
326,25.58,25.31,24.95,0.2
327,25.58,25.4,24.95,0.2
328,25.58,25.31,24.95,0.2
329,25.58,25.4,25.04,0.2
330,25.58,25.4,24.95,0.2
331,25.58,25.4,25.04,0.2
332,25.58,25.4,25.04,0.2
333,25.58,25.4,25.04,0.2
334,25.58,25.4,25.04,0.2
335,25.58,25.4,25.04,0.2
336,25.58,25.4,25.04,0.2
337,25.58,25.4,24.95,0.2
338,25.58,25.4,25.04,0.2
339,25.58,25.4,25.04,0.2
340,25.58,25.4,25.04,0.2
341,25.58,25.4,25.04,0.2
342,25.58,25.4,25.04,0.2
343,25.67,25.4,25.04,0.2
344,25.67,25.4,25.04,0.2
345,25.58,25.4,25.04,0.2
346,25.67,25.4,25.04,0.2
347,25.67,25.4,25.04,0.2
348,25.67,25.4,25.04,0.2
349,25.58,25.4,25.04,0.2
350,25.67,25.4,25.04,0.2
351,25.67,25.4,25.04,0.2
352,25.67,25.4,25.04,0.2
353,25.67,25.4,25.04,0.2
354,25.67,25.4,25.04,0.2
355,25.67,25.4,25.04,0.2
356,25.67,25.4,25.04,0.2
357,25.67,25.4,25.04,0.2
358,25.67,25.4,25.04,0.2
359,25.67,25.49,25.04,0.2
360,25.67,25.4,25.04,0.2
361,25.67,25.4,25.04,0.2
362,25.67,25.4,25.04,0.2
363,25.67,25.49,25.04,0.2
364,25.67,25.49,25.04,0.2
365,25.67,25.4,25.04,0.2
366,25.67,25.4,25.04,0.2
367,25.67,25.49,25.13,0.2
368,25.67,25.49,25.13,0.2
369,25.67,25.49,25.04,0.2
370,25.67,25.49,25.13,0.2
371,25.67,25.49,25.13,0.2
372,25.67,25.49,25.13,0.2
373,25.67,25.49,25.04,0.2
374,25.67,25.49,25.13,0.2
375,25.67,25.49,25.13,0.2
376,25.67,25.49,25.13,0.2
377,25.67,25.49,25.04,0.2
378,25.67,25.49,25.13,0.2
379,25.67,25.49,25.13,0.2
380,25.67,25.49,25.13,0.2
381,25.67,25.49,25.13,0.2
382,25.67,25.49,25.13,0.2
383,25.67,25.49,25.13,0.2
384,25.67,25.49,25.13,0.2
385,25.67,25.49,25.13,0.2
386,25.67,25.49,25.13,0.2
387,25.67,25.49,25.13,0.2
388,25.67,25.49,25.13,0.2
389,25.67,25.49,25.13,0.2
390,25.67,25.49,25.13,0.2
391,25.67,25.49,25.13,0.2
392,25.67,25.49,25.13,0.2
393,25.67,25.49,25.13,0.2
394,25.67,25.49,25.13,0.2
395,25.67,25.49,25.13,0.2
396,25.67,25.49,25.13,0.2
397,25.67,25.49,25.13,0.2
398,25.67,25.49,25.13,0.2
399,25.77,25.49,25.13,0.2
400,25.67,25.49,25.13,0.2
401,25.67,25.49,25.13,0.2
402,25.67,25.49,25.13,0.2
403,25.77,25.49,25.13,0.2
404,25.67,25.49,25.13,0.2
405,25.77,25.49,25.13,0.2
406,25.77,25.49,25.13,0.2
407,25.77,25.49,25.13,0.2
408,25.77,25.49,25.13,0.2
409,25.77,25.49,25.13,0.2
410,25.77,25.49,25.13,0.2
411,25.77,25.49,25.13,0.2
412,25.77,25.49,25.22,0.2
413,25.77,25.58,25.22,0.2
414,25.77,25.49,25.13,0.2
415,25.77,25.49,25.13,0.2
416,25.77,25.49,25.22,0.2
417,25.77,25.58,25.22,0.2
418,25.77,25.58,25.22,0.2
419,25.77,25.58,25.22,0.2
420,25.77,25.58,25.22,0.2
421,25.77,25.58,25.22,0.2
422,25.77,25.58,25.22,0.2
423,25.77,25.58,25.22,0.2
424,25.77,25.58,25.22,0.2
425,25.77,25.58,25.22,0.2
426,25.77,25.58,25.22,0.2
427,25.77,25.58,25.22,0.2
428,25.77,25.58,25.22,0.2
429,25.77,25.58,25.13,0.2
430,25.77,25.58,25.22,0.2
431,25.77,25.58,25.22,0.2
432,25.77,25.58,25.22,0.2
433,25.77,25.58,25.13,0.2
434,25.77,25.58,25.13,0.2
435,25.77,25.58,25.13,0.2
436,25.77,25.58,25.13,0.2
437,25.77,25.58,25.13,0.2
438,25.77,25.58,25.22,0.2
439,25.77,25.58,25.13,0.2
440,25.77,25.58,25.22,0.2
441,25.77,25.58,25.22,0.2
442,25.77,25.58,25.22,0.2
443,25.77,25.58,25.22,0.2
444,25.77,25.58,25.22,0.2
445,25.77,25.58,25.22,0.2
446,25.77,25.58,25.22,0.2
447,25.77,25.58,25.22,0.2
448,25.86,25.58,25.22,0.2
449,25.86,25.58,25.22,0.2
450,25.86,25.58,25.22,0.2
451,25.86,25.58,25.22,0.2
452,25.86,25.58,25.22,0.2
453,25.77,25.58,25.22,0.2
454,25.77,25.58,25.22,0.2
455,25.77,25.58,25.22,0.2
456,25.77,25.58,25.22,0.2
457,25.77,25.58,25.22,0.2
458,25.86,25.58,25.22,0.2
459,25.77,25.58,25.22,0.2
460,25.77,25.58,25.22,0.2
461,25.86,25.58,25.22,0.2
462,25.86,25.58,25.22,0.2
463,25.77,25.58,25.22,0.2
464,25.86,25.58,25.22,0.2
465,25.77,25.58,25.22,0.2
466,25.77,25.58,25.22,0.2
467,25.77,25.58,25.22,0.2
468,25.77,25.58,25.22,0.2
469,25.77,25.58,25.22,0.2
470,25.77,25.58,25.22,0.2
471,25.77,25.58,25.22,0.2
472,25.77,25.58,25.22,0.2
473,25.77,25.58,25.22,0.2
474,25.77,25.58,25.22,0.2
475,25.77,25.58,25.22,0.2
476,25.86,25.58,25.22,0.2
477,25.86,25.58,25.22,0.2
478,25.86,25.67,25.22,0.2
479,25.86,25.58,25.22,0.2
480,25.86,25.58,25.22,0.2
481,25.86,25.58,25.22,0.2
482,25.86,25.58,25.22,0.2
483,25.86,25.58,25.22,0.2
484,25.86,25.58,25.22,0.2
485,25.86,25.58,25.22,0.2
486,25.86,25.58,25.22,0.2
487,25.86,25.58,25.22,0.2
488,25.77,25.58,25.22,0.2
489,25.77,25.58,25.22,0.2
490,25.77,25.58,25.22,0.2
491,25.86,25.58,25.22,0.2
492,25.77,25.58,25.22,0.2
493,25.77,25.58,25.22,0.2
494,25.77,25.58,25.22,0.2
495,25.77,25.58,25.22,0.2
496,25.77,25.58,25.22,0.2
497,25.77,25.58,25.22,0.2
498,25.77,25.58,25.22,0.2
499,25.77,25.58,25.22,0.2
500,25.86,25.58,25.22,0.2
501,25.86,25.58,25.22,0.2
502,25.86,25.58,25.22,0.2
503,25.86,25.58,25.22,0.2
504,25.86,25.58,25.22,0.2
505,25.86,25.58,25.22,0.2
506,25.86,25.58,25.22,0.2
507,25.86,25.58,25.22,0.2
508,25.86,25.58,25.22,0.2
509,25.86,25.58,25.22,0.2
510,25.86,25.58,25.22,0.2
511,25.86,25.58,25.22,0.2
512,25.86,25.58,25.22,0.2
513,25.86,25.58,25.22,0.2
514,25.86,25.58,25.22,0.2
515,25.86,25.58,25.22,0.2
516,25.86,25.58,25.22,0.2
517,25.86,25.58,25.22,0.2
518,25.86,25.58,25.22,0.2
519,25.86,25.58,25.22,0.2
520,25.86,25.58,25.22,0.2
521,25.86,25.58,25.22,0.2
522,25.86,25.58,25.22,0.2
523,25.86,25.58,25.22,0.2
524,25.86,25.58,25.22,0.2
525,25.86,25.58,25.22,0.2
526,25.86,25.58,25.22,0.2
527,25.86,25.58,25.22,0.2
528,25.86,25.58,25.22,0.2
529,25.86,25.58,25.22,0.2
530,25.86,25.58,25.22,0.2
531,25.86,25.58,25.22,0.2
532,25.86,25.58,25.22,0.2
533,25.86,25.58,25.22,0.2
535,25.86,25.58,25.22,0.2
536,25.86,25.58,25.22,0.2
537,25.86,25.67,25.22,0.2
538,25.86,25.58,25.22,0.2
539,25.86,25.58,25.22,0.2
540,25.86,25.67,25.22,0.2
541,25.86,25.58,25.22,0.2
542,25.86,25.58,25.22,0.2
543,25.86,25.58,25.22,0.2
544,25.86,25.67,25.22,0.2
545,25.86,25.58,25.22,0.2
546,25.86,25.58,25.22,0.2
547,25.86,25.58,25.22,0.2
548,25.86,25.58,25.22,0.2
549,25.86,25.58,25.22,0.2
550,25.86,25.67,25.22,0.2
551,25.86,25.58,25.22,0.2
552,25.86,25.58,25.22,0.2
553,25.86,25.58,25.22,0.2
554,25.86,25.58,25.22,0.2
555,25.86,25.58,25.22,0.2
556,25.86,25.58,25.22,0.2
557,25.86,25.58,25.22,0.2
558,25.77,25.58,25.22,0.2
559,25.86,25.58,25.22,0.2
560,25.86,25.58,25.22,0.2
561,25.77,25.58,25.22,0.2
562,25.86,25.58,25.22,0.2
563,25.77,25.58,25.22,0.2
564,25.86,25.58,25.22,0.2
565,25.77,25.58,25.22,0.2
566,25.77,25.58,25.22,0.2
567,25.86,25.58,25.22,0.2
568,25.86,25.58,25.22,0.2
569,25.86,25.58,25.22,0.2
570,25.86,25.58,25.22,0.2
571,25.77,25.58,25.22,0.2
572,25.86,25.67,25.22,0.2
573,25.86,25.58,25.22,0.2
574,25.86,25.58,25.22,0.2
575,25.77,25.58,25.22,0.2
576,25.77,25.58,25.22,0.2
577,25.77,25.58,25.22,0.2
578,25.77,25.58,25.22,0.2
579,25.77,25.58,25.22,0.2
580,25.77,25.58,25.22,0.2
581,25.77,25.58,25.22,0.2
582,25.77,25.58,25.22,0.2
583,25.77,25.58,25.22,0.2
584,25.77,25.58,25.22,0.2
585,25.77,25.58,25.22,0.2
586,25.77,25.58,25.22,0.2
587,25.77,25.58,25.22,0.2
588,25.86,25.58,25.22,0.2
589,25.77,25.58,25.22,0.2
590,25.77,25.58,25.22,0.2
591,25.77,25.58,25.22,0.2
592,25.77,25.58,25.22,0.2
593,25.86,25.58,25.22,0.2
594,25.86,25.58,25.22,0.2
595,25.77,25.58,25.22,0.2
596,25.77,25.58,25.22,0.2
597,25.77,25.58,25.22,0.2
598,25.77,25.58,25.22,0.2
599,25.77,25.58,25.22,0.2
600,25.77,25.58,25.22,0.2
601,25.77,25.58,25.22,0.2
602,25.77,25.58,25.22,0.2
603,25.77,25.58,25.22,0.2
604,25.77,25.58,25.22,0.2
605,25.77,25.58,25.22,0.2
606,25.77,25.58,25.22,0.2
607,25.77,25.58,25.22,0.2
608,25.77,25.58,25.22,0.2
609,25.77,25.58,25.22,0.2
610,25.77,25.58,25.22,0.2
611,25.77,25.58,25.22,0.2
612,25.77,25.58,25.22,0.2
613,25.77,25.58,25.22,0.2
614,25.77,25.58,25.22,0.2
615,25.77,25.58,25.22,0.2
616,25.77,25.58,25.22,0.2
617,25.77,25.58,25.22,0.2
618,25.77,25.58,25.22,0.2
619,25.77,25.58,25.22,0.2
620,25.77,25.58,25.22,0.2
621,25.77,25.58,25.22,0.2
622,25.77,25.58,25.22,0.2
623,25.77,25.58,25.22,0.2
624,25.77,25.58,25.22,0.2
625,25.77,25.58,25.22,0.2
626,25.77,25.58,25.22,0.2
627,25.77,25.58,25.22,0.2
628,25.77,25.58,25.22,0.2
629,25.77,25.58,25.22,0.2
630,25.77,25.58,25.13,0.2
631,25.77,25.58,25.22,0.2
632,25.77,25.58,25.22,0.2
633,25.77,25.58,25.22,0.2
634,25.77,25.58,25.13,0.2
635,25.77,25.58,25.13,0.2
636,25.77,25.58,25.13,0.2
637,25.77,25.58,25.22,0.2
638,25.77,25.58,25.22,0.2
639,25.77,25.58,25.22,0.2
640,25.77,25.58,25.13,0.2
641,25.77,25.58,25.13,0.2
642,25.77,25.58,25.22,0.2
643,25.77,25.58,25.22,0.2
644,25.77,25.58,25.13,0.2
645,25.77,25.58,25.22,0.2
646,25.77,25.58,25.22,0.2
647,25.77,25.58,25.22,0.2
648,25.77,25.58,25.22,0.2
649,25.77,25.58,25.22,0.2
650,25.77,25.58,25.22,0.2
651,25.77,25.58,25.22,0.2
652,25.77,25.58,25.22,0.2
653,25.77,25.58,25.22,0.2
654,25.77,25.58,25.22,0.2
655,25.77,25.58,25.13,0.2
656,25.77,25.58,25.22,0.2
657,25.77,25.58,25.13,0.2
658,25.77,25.58,25.13,0.2
659,25.77,25.58,25.13,0.2
660,25.77,25.49,25.13,0.2
661,25.77,25.58,25.13,0.2
662,25.77,25.49,25.13,0.2
663,25.77,25.49,25.13,0.2
664,25.77,25.49,25.13,0.2
665,25.77,25.58,25.13,0.2
666,25.77,25.49,25.13,0.2
667,25.77,25.49,25.13,0.2
668,25.77,25.49,25.13,0.2
669,25.77,25.58,25.13,0.2
670,25.77,25.49,25.13,0.2
671,25.77,25.49,25.13,0.2
672,25.77,25.49,25.13,0.2
673,25.77,25.58,25.13,0.2
674,25.77,25.49,25.13,0.2
675,25.77,25.49,25.13,0.2
676,25.77,25.49,25.13,0.2
677,25.77,25.49,25.13,0.2
678,25.77,25.49,25.13,0.2
679,25.77,25.49,25.13,0.2
680,25.77,25.49,25.13,0.2
681,25.77,25.49,25.13,0.2
682,25.77,25.49,25.13,0.2
683,25.77,25.49,25.13,0.2
684,25.77,25.49,25.13,0.2
685,25.77,25.49,25.13,0.2
686,25.67,25.49,25.13,0.2
687,25.77,25.49,25.13,0.2
688,25.77,25.49,25.13,0.2
689,25.77,25.49,25.13,0.2
690,25.77,25.49,25.13,0.2
691,25.77,25.49,25.13,0.2
692,25.77,25.49,25.13,0.2
693,25.67,25.49,25.13,0.2
694,25.67,25.49,25.13,0.2
695,25.77,25.49,25.13,0.2
696,25.67,25.49,25.13,0.2
697,25.77,25.49,25.13,0.2
698,25.67,25.49,25.13,0.2
699,25.67,25.49,25.13,0.2
700,25.67,25.49,25.13,0.2
701,25.77,25.49,25.13,0.2
702,25.77,25.49,25.13,0.2
703,25.77,25.49,25.13,0.2
704,25.77,25.49,25.13,0.2
705,25.77,25.49,25.13,0.2
706,25.77,25.49,25.13,0.2
707,25.77,25.49,25.13,0.2
708,25.77,25.49,25.13,0.2
709,25.67,25.49,25.13,0.2
710,25.77,25.49,25.13,0.2
711,25.77,25.49,25.13,0.2
712,25.67,25.49,25.13,0.2
713,25.67,25.49,25.13,0.2
714,25.67,25.49,25.13,0.2
715,25.67,25.49,25.13,0.2
716,25.67,25.49,25.13,0.2
717,25.67,25.49,25.13,0.2
718,25.67,25.49,25.13,0.2
719,25.67,25.49,25.13,0.2
720,25.67,25.49,25.13,0.2
721,25.67,25.49,25.13,0.2
722,25.67,25.49,25.13,0.2
723,25.67,25.49,25.13,0.2
724,25.67,25.49,25.13,0.2
725,25.67,25.49,25.13,0.2
726,25.67,25.49,25.13,0.2
727,25.67,25.49,25.13,0.2
728,25.67,25.49,25.13,0.2
729,25.67,25.49,25.13,0.2
730,25.67,25.49,25.13,0.2
731,25.67,25.49,25.13,0.2
732,25.67,25.49,25.13,0.2
733,25.67,25.49,25.13,0.2
734,25.67,25.49,25.13,0.2
735,25.67,25.49,25.13,0.2
736,25.67,25.49,25.13,0.2
737,25.67,25.49,25.13,0.2
738,25.77,25.49,25.13,0.2
739,25.86,25.49,25.13,0.454
740,25.86,25.49,25.13,0.454
741,25.95,25.49,25.13,0.454
742,25.95,25.49,25.13,0.454
743,26.04,25.49,25.13,0.454
744,26.13,25.58,25.13,0.454
745,26.13,25.58,25.13,0.454
746,26.22,25.58,25.13,0.454
747,26.22,25.58,25.13,0.454
748,26.31,25.58,25.13,0.454
749,26.31,25.58,25.22,0.454
750,26.31,25.58,25.13,0.454
751,26.31,25.67,25.22,0.454
752,26.4,25.67,25.13,0.454
753,26.4,25.67,25.22,0.454
754,26.4,25.67,25.22,0.454
755,26.49,25.67,25.13,0.454
756,26.49,25.67,25.13,0.454
757,26.49,25.67,25.22,0.454
758,26.49,25.67,25.13,0.454
759,26.49,25.67,25.22,0.454
760,26.59,25.67,25.13,0.454
761,26.59,25.77,25.22,0.454
762,26.59,25.77,25.22,0.454
763,26.68,25.77,25.22,0.454
764,26.68,25.77,25.22,0.454
765,26.68,25.77,25.22,0.454
766,26.68,25.86,25.22,0.454
767,26.68,25.77,25.22,0.454
768,26.77,25.86,25.31,0.454
769,26.77,25.86,25.31,0.454
770,26.77,25.86,25.31,0.454
771,26.86,25.86,25.31,0.454
772,26.86,25.86,25.31,0.454
773,26.86,25.95,25.4,0.454
774,26.86,25.95,25.4,0.454
775,26.86,25.95,25.4,0.454
776,26.86,25.95,25.4,0.454
777,26.86,25.95,25.4,0.454
778,26.86,25.95,25.4,0.454
779,26.86,25.95,25.4,0.454
780,26.86,26.04,25.4,0.454
781,26.95,26.04,25.4,0.454
782,26.95,26.04,25.4,0.454
783,26.95,26.04,25.4,0.454
784,26.95,26.04,25.4,0.454
785,26.95,26.04,25.49,0.454
786,27.04,26.04,25.49,0.454
787,27.04,26.13,25.49,0.454
788,27.04,26.13,25.49,0.454
789,27.04,26.13,25.49,0.454
790,27.04,26.13,25.49,0.454
791,27.04,26.13,25.49,0.454
792,27.04,26.13,25.49,0.454
793,27.04,26.13,25.49,0.454
794,27.13,26.13,25.58,0.454
795,27.13,26.13,25.58,0.454
796,27.13,26.22,25.58,0.454
797,27.13,26.22,25.58,0.454
798,27.13,26.22,25.58,0.454
800,27.23,26.22,25.67,0.454
801,27.23,26.31,25.67,0.454
802,27.23,26.31,25.67,0.454
803,27.23,26.31,25.67,0.454
804,27.23,26.31,25.67,0.454
805,27.23,26.31,25.67,0.454
806,27.23,26.31,25.67,0.454
807,27.23,26.31,25.67,0.454
808,27.23,26.31,25.67,0.454
809,27.23,26.31,25.67,0.454
810,27.23,26.31,25.67,0.454
811,27.23,26.31,25.77,0.454
812,27.23,26.31,25.77,0.454
813,27.23,26.4,25.77,0.454
814,27.23,26.4,25.77,0.454
815,27.23,26.4,25.77,0.454
816,27.23,26.4,25.77,0.454
817,27.23,26.4,25.77,0.454
818,27.32,26.4,25.86,0.454
819,27.32,26.4,25.86,0.454
820,27.32,26.4,25.86,0.454
821,27.32,26.4,25.86,0.454
822,27.41,26.49,25.86,0.454
823,27.41,26.49,25.86,0.454
824,27.41,26.49,25.86,0.454
825,27.41,26.49,25.86,0.454
826,27.41,26.49,25.86,0.454
827,27.41,26.49,25.95,0.454
828,27.41,26.49,25.95,0.454
829,27.41,26.49,25.95,0.454
830,27.41,26.59,25.95,0.454
831,27.5,26.49,25.95,0.454
832,27.5,26.59,25.95,0.454
833,27.41,26.59,25.95,0.454
834,27.41,26.59,25.95,0.454
835,27.41,26.59,25.95,0.454
836,27.41,26.59,26.04,0.454
837,27.41,26.59,26.04,0.454
838,27.41,26.59,26.04,0.454
839,27.41,26.59,26.04,0.454
840,27.5,26.68,26.04,0.454
841,27.5,26.59,26.04,0.454
842,27.5,26.68,26.04,0.454
843,27.5,26.68,26.04,0.454
844,27.5,26.68,26.04,0.454
845,27.5,26.68,26.13,0.454
846,27.5,26.68,26.04,0.454
847,27.5,26.68,26.13,0.454
848,27.5,26.68,26.13,0.454
849,27.5,26.68,26.13,0.454
850,27.5,26.68,26.13,0.454
851,27.59,26.68,26.13,0.454
852,27.59,26.68,26.13,0.454
853,27.59,26.68,26.13,0.454
854,27.59,26.68,26.13,0.454
855,27.59,26.77,26.13,0.454
856,27.59,26.77,26.13,0.454
857,27.59,26.77,26.13,0.454
858,27.59,26.77,26.13,0.454
859,27.59,26.77,26.13,0.454
860,27.59,26.77,26.22,0.454
861,27.69,26.77,26.22,0.454
862,27.69,26.77,26.22,0.454
863,27.69,26.77,26.22,0.454
864,27.69,26.77,26.22,0.454
865,27.69,26.77,26.22,0.454
866,27.69,26.86,26.22,0.454
867,27.69,26.86,26.22,0.454
868,27.69,26.86,26.22,0.454
869,27.69,26.86,26.22,0.454
870,27.69,26.86,26.22,0.454
871,27.69,26.86,26.22,0.454
872,27.69,26.86,26.22,0.454
873,27.69,26.86,26.22,0.454
874,27.69,26.86,26.22,0.454
875,27.78,26.86,26.31,0.454
876,27.69,26.86,26.22,0.454
877,27.69,26.86,26.31,0.454
878,27.78,26.86,26.31,0.454
879,27.69,26.95,26.31,0.454
880,27.69,26.95,26.31,0.454
881,27.78,26.95,26.31,0.454
882,27.78,26.95,26.31,0.454
883,27.78,26.95,26.31,0.454
884,27.78,26.95,26.31,0.454
885,27.78,26.95,26.31,0.454
886,27.78,26.95,26.31,0.454
887,27.78,26.95,26.31,0.454
888,27.78,26.95,26.31,0.454
889,27.87,26.95,26.31,0.454
890,27.87,26.95,26.31,0.454
891,27.87,26.95,26.31,0.454
892,27.87,26.95,26.31,0.454
893,27.87,26.95,26.31,0.454
894,27.87,26.95,26.31,0.454
895,27.87,26.95,26.31,0.454
896,27.87,26.95,26.4,0.454
897,27.87,26.95,26.4,0.454
898,27.87,26.95,26.31,0.454
899,27.87,26.95,26.31,0.454
900,27.87,26.95,26.4,0.454
901,27.87,26.95,26.4,0.454
902,27.87,26.95,26.4,0.454
903,27.87,27.04,26.4,0.454
904,27.87,27.04,26.4,0.454
905,27.87,27.04,26.4,0.454
906,27.87,27.04,26.4,0.454
907,27.87,27.04,26.4,0.454
908,27.87,27.04,26.4,0.454
909,27.87,27.04,26.4,0.454
910,27.87,27.04,26.4,0.454
911,27.87,27.04,26.4,0.454
912,27.96,27.04,26.4,0.454
913,27.96,27.04,26.4,0.454
914,27.96,27.04,26.4,0.454
915,27.96,27.04,26.4,0.454
916,27.96,27.04,26.4,0.454
917,27.96,27.04,26.4,0.454
918,27.96,27.04,26.4,0.454
919,27.96,27.04,26.49,0.454
920,27.96,27.13,26.4,0.454
921,27.96,27.13,26.49,0.454
922,27.96,27.13,26.49,0.454
923,27.96,27.13,26.49,0.454
924,27.96,27.13,26.49,0.454
925,27.96,27.13,26.49,0.454
926,27.96,27.04,26.49,0.454
927,27.96,27.13,26.49,0.454
928,27.96,27.13,26.49,0.454
929,27.96,27.13,26.49,0.454
930,27.96,27.13,26.49,0.454
931,27.96,27.13,26.49,0.454
932,27.96,27.13,26.49,0.454
933,28.05,27.13,26.49,0.454
934,27.96,27.13,26.49,0.454
935,28.05,27.13,26.49,0.454
936,28.05,27.13,26.49,0.454
937,28.05,27.13,26.49,0.454
938,27.96,27.13,26.49,0.454
939,28.05,27.13,26.49,0.454
940,27.96,27.23,26.59,0.454
941,27.96,27.13,26.49,0.454
942,27.96,27.13,26.59,0.454
943,27.96,27.23,26.49,0.454
944,27.96,27.23,26.49,0.454
945,27.96,27.23,26.59,0.454
946,27.96,27.23,26.59,0.454
947,28.05,27.23,26.59,0.454
948,28.05,27.23,26.59,0.454
949,28.05,27.23,26.59,0.454
950,28.05,27.23,26.59,0.454
951,28.05,27.23,26.59,0.454
952,28.05,27.23,26.59,0.454
953,28.05,27.23,26.59,0.454
954,28.05,27.23,26.59,0.454
955,28.05,27.23,26.59,0.454
956,28.05,27.23,26.59,0.454
957,28.05,27.23,26.59,0.454
958,28.05,27.23,26.59,0.454
959,28.05,27.23,26.59,0.454
960,28.05,27.23,26.59,0.454
961,28.05,27.23,26.59,0.454
962,28.05,27.23,26.59,0.454
963,28.05,27.23,26.59,0.454
964,28.05,27.23,26.59,0.454
965,28.05,27.23,26.59,0.454
966,28.05,27.23,26.68,0.454
967,28.05,27.23,26.59,0.454
968,28.05,27.23,26.59,0.454
969,28.05,27.23,26.68,0.454
970,28.05,27.23,26.68,0.454
971,28.05,27.23,26.59,0.454
972,28.05,27.23,26.68,0.454
973,28.05,27.23,26.68,0.454
974,28.05,27.23,26.59,0.454
975,28.05,27.23,26.59,0.454
976,28.05,27.32,26.68,0.454
977,28.05,27.23,26.68,0.454
978,28.05,27.23,26.68,0.454
979,28.15,27.32,26.68,0.454
980,28.15,27.32,26.68,0.454
981,28.15,27.32,26.68,0.454
982,28.15,27.32,26.68,0.454
983,28.15,27.32,26.68,0.454
984,28.15,27.23,26.68,0.454
985,28.15,27.23,26.68,0.454
986,28.15,27.32,26.68,0.454
987,28.15,27.32,26.68,0.454
988,28.15,27.23,26.68,0.454
989,28.15,27.23,26.68,0.454
990,28.15,27.32,26.68,0.454
991,28.15,27.32,26.68,0.454
992,28.15,27.32,26.68,0.454
993,28.15,27.32,26.68,0.454
994,28.15,27.32,26.68,0.454
995,28.15,27.32,26.68,0.454
996,28.15,27.32,26.68,0.454
997,28.15,27.32,26.68,0.454
998,28.15,27.32,26.68,0.454
999,28.15,27.32,26.68,0.454
1000,28.15,27.32,26.68,0.454
1001,28.15,27.32,26.68,0.454
1002,28.15,27.32,26.68,0.454
1003,28.15,27.32,26.68,0.454
1004,28.15,27.32,26.68,0.454
1005,28.15,27.32,26.68,0.454
1006,28.15,27.32,26.68,0.454
1007,28.15,27.32,26.68,0.454
1008,28.15,27.32,26.68,0.454
1009,28.15,27.32,26.68,0.454
1010,28.15,27.32,26.68,0.454
1011,28.15,27.32,26.68,0.454
1012,28.15,27.32,26.68,0.454
1013,28.15,27.32,26.68,0.454
1014,28.15,27.32,26.68,0.454
1015,28.15,27.41,26.77,0.454
1016,28.24,27.41,26.68,0.454
1017,28.24,27.32,26.68,0.454
1018,28.15,27.32,26.68,0.454
1019,28.15,27.32,26.77,0.454
1020,28.15,27.32,26.77,0.454
1021,28.24,27.32,26.77,0.454
1022,28.24,27.32,26.68,0.454
1023,28.15,27.32,26.68,0.454
1024,28.15,27.32,26.77,0.454
1025,28.15,27.32,26.77,0.454
1026,28.15,27.32,26.77,0.454
1027,28.24,27.32,26.77,0.454
1028,28.24,27.32,26.77,0.454
1029,28.24,27.32,26.77,0.454
1030,28.15,27.32,26.77,0.454
1031,28.24,27.32,26.77,0.454
1032,28.15,27.32,26.77,0.454
1033,28.24,27.41,26.77,0.454
1034,28.15,27.32,26.77,0.454
1035,28.24,27.32,26.77,0.454
1036,28.15,27.41,26.77,0.454
1037,28.15,27.32,26.77,0.454
1038,28.24,27.41,26.77,0.454
1039,28.24,27.41,26.77,0.454
1040,28.24,27.41,26.77,0.454
1041,28.15,27.41,26.77,0.454
1042,28.24,27.32,26.77,0.454
1043,28.24,27.41,26.77,0.454
1044,28.24,27.32,26.68,0.454
1045,28.24,27.32,26.77,0.454
1046,28.24,27.32,26.77,0.454
1047,28.24,27.41,26.77,0.454
1048,28.24,27.41,26.77,0.454
1049,28.24,27.41,26.77,0.454
1050,28.24,27.41,26.77,0.454
1051,28.24,27.41,26.77,0.454
1052,28.24,27.41,26.77,0.454
1053,28.24,27.41,26.77,0.454
1054,28.24,27.41,26.77,0.454
1055,28.24,27.41,26.77,0.454
1056,28.24,27.41,26.77,0.454
1057,28.24,27.41,26.77,0.454
1058,28.24,27.41,26.77,0.454
1059,28.24,27.41,26.86,0.454
1060,28.24,27.41,26.77,0.454
1061,28.24,27.41,26.86,0.454
1062,28.24,27.41,26.77,0.454
1063,28.24,27.41,26.77,0.454
1065,28.24,27.41,26.77,0.454
1066,28.24,27.41,26.77,0.454
1067,28.24,27.41,26.77,0.454
1068,28.24,27.41,26.77,0.454
1069,28.24,27.41,26.77,0.454
1070,28.24,27.41,26.77,0.454
1071,28.24,27.41,26.77,0.454
1072,28.24,27.41,26.77,0.454
1073,28.24,27.41,26.77,0.454
1074,28.24,27.41,26.77,0.454
1075,28.24,27.41,26.77,0.454
1076,28.24,27.41,26.86,0.454
1077,28.24,27.41,26.77,0.454
1078,28.24,27.41,26.77,0.454
1079,28.24,27.41,26.77,0.454
1080,28.24,27.41,26.86,0.454
1081,28.24,27.41,26.77,0.454
1082,28.15,27.41,26.77,0.454
1083,28.15,27.41,26.77,0.454
1084,28.24,27.41,26.77,0.454
1085,28.24,27.41,26.77,0.454
1086,28.24,27.41,26.77,0.454
1087,28.24,27.41,26.77,0.454
1088,28.24,27.41,26.77,0.454
1089,28.24,27.41,26.77,0.454
1090,28.24,27.41,26.86,0.454
1091,28.24,27.41,26.86,0.454
1092,28.24,27.41,26.86,0.454
1093,28.24,27.41,26.77,0.454
1094,28.24,27.41,26.86,0.454
1095,28.24,27.41,26.86,0.454
1096,28.24,27.41,26.86,0.454
1097,28.24,27.41,26.86,0.454
1098,28.24,27.41,26.86,0.454
1099,28.24,27.41,26.77,0.454
1100,28.24,27.5,26.86,0.454
1101,28.24,27.41,26.86,0.454
1102,28.33,27.41,26.86,0.454
1103,28.24,27.5,26.86,0.454
1104,28.33,27.5,26.86,0.454
1105,28.33,27.5,26.86,0.454
1106,28.24,27.5,26.86,0.454
1107,28.33,27.5,26.86,0.454
1108,28.33,27.5,26.86,0.454
1109,28.24,27.5,26.86,0.454
1110,28.24,27.5,26.86,0.454
1111,28.24,27.5,26.86,0.454
1112,28.24,27.5,26.86,0.454
1113,28.24,27.5,26.86,0.454
1114,28.24,27.5,26.86,0.454
1115,28.24,27.5,26.86,0.454
1116,28.33,27.5,26.86,0.454
1117,28.33,27.5,26.86,0.454
1118,28.33,27.5,26.86,0.454
1119,28.33,27.5,26.86,0.454
1120,28.33,27.5,26.86,0.454
1121,28.33,27.5,26.86,0.454
1122,28.33,27.5,26.86,0.454
1123,28.33,27.5,26.86,0.454
1124,28.33,27.5,26.86,0.454
1125,28.33,27.5,26.86,0.454
1126,28.33,27.5,26.86,0.454
1127,28.33,27.5,26.86,0.454
1128,28.33,27.5,26.86,0.454
1129,28.33,27.5,26.86,0.454
1130,28.33,27.5,26.86,0.454
1131,28.33,27.5,26.86,0.454
1132,28.33,27.5,26.86,0.454
1133,28.33,27.5,26.86,0.454
1134,28.33,27.5,26.95,0.454
1135,28.33,27.5,26.86,0.454
1136,28.33,27.5,26.86,0.454
1137,28.33,27.5,26.86,0.454
1138,28.33,27.5,26.86,0.454
1139,28.33,27.5,26.86,0.454
1140,28.24,27.5,26.86,0.454
1141,28.24,27.5,26.86,0.454
1142,28.33,27.5,26.86,0.454
1143,28.33,27.5,26.86,0.454
1144,28.24,27.5,26.86,0.454
1145,28.24,27.5,26.86,0.454
1146,28.33,27.5,26.86,0.454
1147,28.33,27.5,26.86,0.454
1148,28.33,27.5,26.86,0.454
1149,28.33,27.5,26.86,0.454
1150,28.33,27.5,26.86,0.454
1151,28.33,27.5,26.86,0.454
1152,28.33,27.5,26.86,0.454
1153,28.33,27.5,26.86,0.454
1154,28.33,27.5,26.86,0.454
1155,28.33,27.5,26.86,0.454
1156,28.33,27.5,26.86,0.454
1157,28.33,27.5,26.95,0.454
1158,28.33,27.5,26.86,0.454
1159,28.33,27.5,26.95,0.454
1160,28.33,27.5,26.95,0.454
1161,28.33,27.5,26.95,0.454
1162,28.33,27.5,26.86,0.454
1163,28.33,27.5,26.86,0.454
1164,28.33,27.5,26.95,0.454
1165,28.33,27.5,26.95,0.454
1166,28.33,27.5,26.86,0.454
1167,28.33,27.5,26.86,0.454
1168,28.33,27.5,26.86,0.454
1169,28.33,27.5,26.95,0.454
1170,28.33,27.5,26.86,0.454
1171,28.33,27.5,26.95,0.454
1172,28.33,27.5,26.95,0.454
1173,28.33,27.5,26.86,0.454
1174,28.33,27.5,26.95,0.454
1175,28.33,27.5,26.95,0.454
1176,28.33,27.5,26.95,0.454
1177,28.33,27.5,26.86,0.454
1178,28.33,27.5,26.86,0.454
1179,28.33,27.5,26.86,0.454
1180,28.33,27.5,26.86,0.454
1181,28.33,27.5,26.86,0.454
1182,28.33,27.5,26.86,0.454
1183,28.33,27.5,26.86,0.454
1184,28.33,27.5,26.86,0.454
1185,28.33,27.5,26.95,0.454
1186,28.33,27.5,26.86,0.454
1187,28.33,27.5,26.86,0.454
1188,28.33,27.5,26.95,0.454
1189,28.33,27.5,26.86,0.454
1190,28.33,27.5,26.86,0.454
1191,28.33,27.5,26.86,0.454
1192,28.33,27.5,26.86,0.454
1193,28.33,27.5,26.86,0.454
1194,28.33,27.59,26.95,0.454
1195,28.33,27.5,26.95,0.454
1196,28.33,27.59,26.95,0.454
1197,28.33,27.5,26.95,0.454
1198,28.33,27.5,26.95,0.454
1199,28.33,27.5,26.95,0.454
1200,28.33,27.5,26.95,0.454
1201,28.33,27.5,26.95,0.454
1202,28.33,27.5,26.95,0.454
1203,28.33,27.5,26.95,0.454
1204,28.33,27.5,26.86,0.454
1205,28.33,27.5,26.86,0.454
1206,28.33,27.5,26.86,0.454
1207,28.33,27.5,26.95,0.454
1208,28.33,27.5,26.95,0.454
1209,28.33,27.5,26.95,0.454
1210,28.33,27.5,26.86,0.454
1211,28.33,27.5,26.86,0.454
1212,28.33,27.5,26.86,0.454
1213,28.33,27.5,26.86,0.454
1214,28.33,27.5,26.86,0.454
1215,28.33,27.5,26.86,0.454
1216,28.33,27.5,26.86,0.454
1217,28.33,27.5,26.86,0.454
1218,28.33,27.5,26.95,0.454
1219,28.33,27.5,26.86,0.454
1220,28.33,27.5,26.86,0.454
1221,28.33,27.5,26.86,0.454
1222,28.33,27.5,26.86,0.454
1223,28.33,27.5,26.86,0.454
1224,28.33,27.5,26.86,0.454
1225,28.33,27.5,26.86,0.454
1226,28.33,27.5,26.86,0.454
1227,28.33,27.5,26.86,0.454
1228,28.33,27.5,26.95,0.454
1229,28.33,27.5,26.86,0.454
1230,28.33,27.5,26.95,0.454
1231,28.33,27.5,26.86,0.454
1232,28.33,27.5,26.95,0.454
1233,28.33,27.5,26.86,0.454
1234,28.33,27.5,26.86,0.454
1235,28.33,27.5,26.95,0.454
1236,28.33,27.5,26.95,0.454
1237,28.33,27.5,26.95,0.454
1238,28.33,27.5,26.95,0.454
1239,28.33,27.5,26.86,0.454
1240,28.33,27.5,26.95,0.454
1241,28.33,27.5,26.86,0.454
1242,28.33,27.5,26.95,0.454
1243,28.33,27.5,26.86,0.454
1244,28.33,27.5,26.86,0.454
1245,28.33,27.5,26.86,0.454
1246,28.33,27.5,26.86,0.454
1247,28.33,27.5,26.95,0.454
1248,28.33,27.5,26.95,0.454
1249,28.33,27.5,26.95,0.454
1250,28.33,27.5,26.86,0.454
1251,28.33,27.5,26.86,0.454
1252,28.33,27.5,26.95,0.454
1253,28.33,27.5,26.95,0.454
1254,28.33,27.5,26.86,0.454
1255,28.33,27.5,26.95,0.454
1256,28.33,27.5,26.95,0.454
1257,28.33,27.5,26.95,0.454
1258,28.33,27.5,26.95,0.454
1259,28.33,27.5,26.95,0.454
1260,28.33,27.5,26.95,0.454
1261,28.33,27.5,26.95,0.454
1262,28.33,27.5,26.95,0.454
1263,28.33,27.5,26.95,0.454
1264,28.33,27.5,26.86,0.454
1265,28.33,27.5,26.95,0.454
1266,28.33,27.5,26.86,0.454
1267,28.33,27.5,26.86,0.454
1268,28.33,27.5,26.86,0.454
1269,28.33,27.5,26.86,0.454
1270,28.33,27.5,26.86,0.454
1271,28.33,27.5,26.86,0.454
1272,28.33,27.5,26.86,0.454
1273,28.33,27.5,26.86,0.454
1274,28.33,27.5,26.86,0.454
1275,28.33,27.5,26.86,0.454
1276,28.33,27.5,26.86,0.454
1277,28.33,27.5,26.86,0.454
1278,28.33,27.5,26.95,0.454
1279,28.33,27.5,26.95,0.454
1280,28.33,27.5,26.86,0.454
1281,28.33,27.5,26.95,0.454
1282,28.33,27.5,26.95,0.454
1283,28.33,27.5,26.95,0.454
1284,28.33,27.5,26.86,0.454
1285,28.33,27.5,26.95,0.454
1286,28.33,27.5,26.95,0.454
1287,28.33,27.5,26.95,0.454
1288,28.33,27.5,26.95,0.454
1289,28.33,27.59,26.95,0.454
1290,28.33,27.5,26.95,0.454
1291,28.33,27.5,26.95,0.454
1292,28.33,27.5,26.95,0.454
1293,28.33,27.59,26.95,0.454
1294,28.33,27.5,26.95,0.454
1295,28.33,27.5,26.95,0.454
1296,28.33,27.5,26.86,0.454
1297,28.33,27.5,26.86,0.454
1298,28.33,27.5,26.95,0.454
1299,28.33,27.5,26.86,0.454
1300,28.33,27.5,26.86,0.454
1301,28.33,27.5,26.86,0.454
1302,28.33,27.5,26.86,0.454
1303,28.33,27.5,26.95,0.454
1304,28.33,27.5,26.86,0.454
1305,28.33,27.5,26.86,0.454
1306,28.33,27.5,26.86,0.454
1307,28.33,27.5,26.95,0.454
1308,28.33,27.5,26.86,0.454
1309,28.33,27.5,26.95,0.454
1310,28.33,27.5,26.95,0.454
1311,28.33,27.5,26.95,0.454
1312,28.33,27.5,26.95,0.454
1313,28.33,27.5,26.95,0.454
1314,28.33,27.5,26.95,0.454
1315,28.33,27.5,26.95,0.454
1316,28.33,27.5,26.95,0.454
1317,28.33,27.5,26.95,0.454
1318,28.33,27.5,26.95,0.454
1319,28.33,27.5,26.95,0.454
1320,28.33,27.5,26.95,0.454
1321,28.33,27.5,26.95,0.454
1322,28.33,27.5,26.95,0.454
1323,28.33,27.5,26.86,0.454
1324,28.33,27.5,26.86,0.454
1325,28.33,27.5,26.86,0.454
1327,28.33,27.5,26.95,0.454
1328,28.33,27.5,26.95,0.454
1329,28.33,27.5,26.95,0.454
1330,28.33,27.5,26.86,0.454
1331,28.33,27.5,26.86,0.454
1332,28.33,27.5,26.86,0.454
1333,28.33,27.5,26.86,0.454
1334,28.33,27.5,26.86,0.454
1335,28.33,27.5,26.95,0.454
1336,28.33,27.59,26.86,0.454
1337,28.33,27.59,26.95,0.454
1338,28.33,27.59,26.86,0.454
1339,28.33,27.5,26.86,0.454
1340,28.33,27.59,26.95,0.454
1341,28.33,27.59,26.95,0.454
1342,28.33,27.59,26.95,0.454
1343,28.33,27.59,26.95,0.454
1344,28.33,27.59,26.95,0.454
1345,28.33,27.5,26.95,0.454
1346,28.33,27.5,26.95,0.454
1347,28.42,27.59,26.95,0.454
1348,28.42,27.5,26.95,0.454
1349,28.42,27.59,26.95,0.454
1350,28.42,27.5,26.95,0.454
1351,28.33,27.59,26.95,0.454
1352,28.33,27.5,26.95,0.454
1353,28.42,27.59,26.95,0.454
1354,28.33,27.59,26.95,0.454
1355,28.42,27.59,26.95,0.454
1356,28.33,27.59,26.95,0.454
1357,28.42,27.59,26.95,0.454
1358,28.33,27.59,26.95,0.454
1359,28.33,27.59,26.95,0.454
1360,28.42,27.59,26.95,0.454
1361,28.33,27.59,26.95,0.454
1362,28.33,27.59,26.95,0.454
1363,28.33,27.59,26.95,0.454
1364,28.33,27.59,26.95,0.454
1365,28.33,27.59,26.95,0.454
1366,28.33,27.59,26.95,0.454
1367,28.42,27.59,26.95,0.454
1368,28.42,27.59,26.95,0.454
1369,28.42,27.59,26.95,0.454
1370,28.42,27.59,26.95,0.454
1371,28.42,27.59,26.95,0.454
1372,28.33,27.59,26.95,0.454
1373,28.42,27.59,26.95,0.454
1374,28.42,27.59,26.95,0.454
1375,28.33,27.59,26.95,0.454
1376,28.33,27.59,26.95,0.454
1377,28.33,27.59,26.95,0.454
1378,28.33,27.59,26.95,0.454
1379,28.33,27.59,26.95,0.454
1380,28.33,27.59,26.95,0.454
1381,28.33,27.59,26.95,0.454
1382,28.33,27.59,26.95,0.454
1383,28.33,27.59,26.95,0.454
1384,28.33,27.59,26.95,0.454
1385,28.33,27.59,27.04,0.454
1386,28.33,27.59,26.95,0.454
1387,28.33,27.59,26.95,0.454
1388,28.33,27.59,26.95,0.454
1389,28.33,27.59,26.95,0.454
1390,28.33,27.59,26.95,0.454
1391,28.33,27.59,26.95,0.454
1392,28.33,27.59,26.95,0.454
1393,28.33,27.59,26.95,0.454
1394,28.33,27.59,26.95,0.454
1395,28.33,27.59,26.95,0.454
1396,28.33,27.59,26.95,0.454
1397,28.33,27.59,26.95,0.454
1398,28.33,27.59,26.95,0.454
1399,28.33,27.59,26.95,0.454
1400,28.33,27.59,26.95,0.454
1401,28.33,27.59,26.95,0.454
1402,28.33,27.59,26.95,0.454
1403,28.33,27.59,26.95,0.454
1404,28.33,27.59,27.04,0.454
1405,28.33,27.59,27.04,0.454
1406,28.24,27.59,27.04,0.454
1407,28.24,27.59,27.04,0.454
1408,28.24,27.59,27.04,0.454
1409,28.24,27.59,27.04,0.454
1410,28.33,27.59,27.04,0.454
1411,28.24,27.59,27.04,0.454
1412,28.24,27.59,27.04,0.454
1413,28.33,27.59,27.04,0.454
1414,28.24,27.59,27.04,0.454
1415,28.33,27.59,27.04,0.454
1416,28.33,27.59,27.04,0.454
1417,28.33,27.59,27.04,0.454
1418,28.33,27.59,27.04,0.454
1419,28.24,27.59,27.04,0.454
1420,28.24,27.59,27.04,0.454
1421,28.24,27.59,27.04,0.454
1422,28.24,27.59,27.04,0.454
1423,28.24,27.59,27.04,0.454
1424,28.24,27.59,27.04,0.454
1425,28.24,27.59,27.04,0.454
1426,28.24,27.59,27.04,0.454
1427,28.24,27.59,27.04,0.454
1428,28.24,27.59,27.04,0.454
1429,28.24,27.59,27.04,0.454
1430,28.24,27.59,27.04,0.454
1431,28.33,27.59,27.04,0.454
1432,28.33,27.59,27.04,0.454
1433,28.24,27.59,27.04,0.454
1434,28.33,27.59,27.04,0.454
1435,28.24,27.59,27.04,0.454
1436,28.24,27.59,27.04,0.454
1437,28.24,27.59,27.04,0.454
1438,28.33,27.59,27.04,0.454
1439,28.24,27.59,27.04,0.454
1440,28.33,27.59,27.13,0.454
1441,28.24,27.59,27.04,0.454
1442,28.33,27.59,27.04,0.454
1443,28.33,27.59,27.04,0.454
1444,28.24,27.59,27.04,0.454
1445,28.24,27.59,27.04,0.454
1446,28.24,27.59,27.04,0.454
1447,28.24,27.59,27.04,0.454
1448,28.24,27.59,27.04,0.454
1449,28.24,27.59,27.04,0.454
1450,28.33,27.59,27.04,0.454
1451,28.33,27.59,27.04,0.454
1452,28.33,27.69,27.04,0.454
1453,28.33,27.59,27.04,0.454
1454,28.33,27.59,27.04,0.454
1455,28.33,27.59,27.04,0.454
1456,28.33,27.59,27.04,0.454
1457,28.33,27.59,27.04,0.454
1458,28.33,27.59,27.04,0.454
1459,28.33,27.59,27.04,0.454
1460,28.33,27.59,27.04,0.454
1461,28.33,27.59,27.04,0.454
1462,28.33,27.59,27.04,0.454
1463,28.33,27.59,27.04,0.454
1464,28.33,27.59,27.04,0.454
1465,28.33,27.59,27.04,0.454
1466,28.33,27.59,27.04,0.454
1467,28.33,27.59,27.04,0.454
1468,28.33,27.59,27.04,0.454
1469,28.33,27.59,27.04,0.454
1470,28.33,27.59,27.04,0.454
1471,28.42,27.59,27.04,0.454
1472,28.33,27.59,27.04,0.454
1473,28.42,27.59,27.04,0.454
1474,28.42,27.59,26.95,0.454
1475,28.42,27.59,27.04,0.454
1476,28.42,27.59,27.04,0.454
1477,28.42,27.59,27.04,0.454
1478,28.42,27.59,27.04,0.454
1479,28.42,27.59,27.04,0.454
1480,28.42,27.59,27.04,0.454
1481,28.42,27.59,26.95,0.454
1482,28.42,27.59,27.04,0.454
1483,28.42,27.59,27.04,0.454
1484,28.42,27.59,27.04,0.454
1485,28.42,27.59,27.04,0.454
1486,28.42,27.59,27.04,0.454
1487,28.42,27.59,27.04,0.454
1488,28.42,27.59,27.04,0.454
1489,28.42,27.69,27.04,0.454
1490,28.42,27.59,27.04,0.454
1491,28.42,27.59,27.04,0.454
1492,28.42,27.69,27.04,0.454
1493,28.42,27.69,27.04,0.454
1494,28.42,27.59,27.04,0.454
1495,28.42,27.59,27.04,0.454
1496,28.52,27.59,27.04,0.454
1497,28.42,27.59,27.04,0.454
1498,28.42,27.59,27.04,0.454
1499,28.42,27.59,27.04,0.454
1500,28.42,27.59,27.04,0.454
1501,28.42,27.59,27.04,0.454
1502,28.42,27.59,27.04,0.454
1503,28.42,27.59,27.04,0.454
1504,28.42,27.59,27.04,0.454
1505,28.42,27.59,27.04,0.454
1506,28.42,27.59,27.04,0.454
1507,28.42,27.69,27.04,0.454
1508,28.42,27.69,27.04,0.454
1509,28.42,27.59,27.04,0.454
1510,28.42,27.69,27.04,0.454
1511,28.42,27.69,27.04,0.454
1512,28.42,27.69,27.04,0.454
1513,28.42,27.69,27.04,0.454
1514,28.42,27.69,27.04,0.454
1515,28.42,27.69,27.04,0.454
1516,28.42,27.69,27.04,0.454
1517,28.42,27.69,27.04,0.454
1518,28.42,27.69,27.04,0.454
1519,28.42,27.69,27.04,0.454
1520,28.42,27.69,27.04,0.454
1521,28.42,27.69,27.04,0.454
1522,28.42,27.69,27.04,0.454
1523,28.42,27.69,27.04,0.454
1524,28.42,27.69,27.04,0.454
1525,28.42,27.69,27.04,0.454
1526,28.42,27.69,27.04,0.454
1527,28.42,27.69,27.04,0.454
1528,28.42,27.69,27.04,0.454
1529,28.42,27.69,27.04,0.454
1530,28.42,27.69,27.04,0.454
1531,28.52,27.69,27.04,0.454
1532,28.42,27.69,27.04,0.454
1533,28.52,27.69,27.04,0.454
1534,28.52,27.69,27.04,0.454
1535,28.52,27.69,27.04,0.454
1536,28.52,27.69,27.04,0.454
1537,28.52,27.69,27.04,0.454
1538,28.52,27.69,27.13,0.454
1539,28.42,27.69,27.13,0.454
1540,28.42,27.69,27.13,0.454
1541,28.42,27.69,27.13,0.454
1542,28.42,27.69,27.04,0.454
1543,28.42,27.69,27.13,0.454
1544,28.42,27.69,27.13,0.454
1545,28.42,27.69,27.13,0.454
1546,28.42,27.69,27.13,0.454
1547,28.42,27.69,27.13,0.454
1548,28.42,27.69,27.13,0.454
1549,28.42,27.69,27.13,0.454
1550,28.52,27.69,27.13,0.454
1551,28.52,27.69,27.13,0.454
1552,28.52,27.69,27.13,0.454
1553,28.52,27.69,27.13,0.454
1554,28.52,27.69,27.13,0.454
1555,28.42,27.69,27.13,0.454
1556,28.42,27.69,27.13,0.454
1557,28.42,27.69,27.13,0.454
1558,28.42,27.69,27.13,0.454
1559,28.42,27.69,27.13,0.454
1560,28.42,27.69,27.13,0.454
1561,28.42,27.69,27.13,0.454
1562,28.42,27.69,27.13,0.454
1563,28.42,27.69,27.13,0.454
1564,28.42,27.78,27.13,0.454
1565,28.42,27.78,27.13,0.454
1566,28.42,27.78,27.13,0.454
1567,28.52,27.78,27.13,0.454
1568,28.52,27.78,27.13,0.454
1569,28.52,27.69,27.13,0.454
1570,28.52,27.69,27.13,0.454
1571,28.52,27.78,27.13,0.454
1572,28.42,27.69,27.13,0.454
1573,28.42,27.78,27.04,0.454
1574,28.42,27.78,27.13,0.454
1575,28.42,27.78,27.13,0.454
1576,28.42,27.78,27.13,0.454
1577,28.42,27.78,27.13,0.454
1578,28.42,27.78,27.13,0.454
1579,28.52,27.78,27.13,0.454
1580,28.52,27.78,27.13,0.454
1581,28.52,27.78,27.23,0.454
1582,28.52,27.78,27.23,0.454
1583,28.52,27.78,27.23,0.454
1584,28.52,27.78,27.23,0.454
1585,28.52,27.78,27.23,0.454
1586,28.42,27.78,27.23,0.454
1587,28.52,27.78,27.23,0.454
1588,28.42,27.78,27.23,0.454
1590,28.42,27.78,27.23,0.454
1591,28.42,27.78,27.23,0.454
1592,28.42,27.78,27.23,0.454
1593,28.42,27.78,27.23,0.454
1594,28.42,27.78,27.23,0.454
1595,28.42,27.78,27.23,0.454
1596,28.52,27.78,27.23,0.454
1597,28.52,27.78,27.23,0.454
1598,28.52,27.78,27.23,0.454
1599,28.52,27.78,27.23,0.454
1600,28.52,27.78,27.23,0.454
1601,28.52,27.78,27.23,0.454
1602,28.52,27.78,27.23,0.454
1603,28.52,27.78,27.13,0.454
1604,28.52,27.78,27.13,0.454
1605,28.52,27.78,27.13,0.454
1606,28.52,27.78,27.13,0.454
1607,28.52,27.78,27.13,0.454
1608,28.52,27.78,27.13,0.454
1609,28.52,27.78,27.13,0.454
1610,28.52,27.78,27.13,0.454
1611,28.52,27.78,27.13,0.454
1612,28.52,27.78,27.23,0.454
1613,28.52,27.78,27.23,0.454
1614,28.52,27.78,27.23,0.454
1615,28.52,27.78,27.23,0.454
1616,28.52,27.78,27.23,0.454
1617,28.52,27.78,27.23,0.454
1618,28.52,27.78,27.23,0.454
1619,28.61,27.78,27.23,0.454
1620,28.61,27.78,27.23,0.454
1621,28.61,27.78,27.23,0.454
1622,28.52,27.78,27.23,0.454
1623,28.52,27.78,27.23,0.454
1624,28.52,27.78,27.23,0.454
1625,28.52,27.78,27.23,0.454
1626,28.52,27.87,27.23,0.454
1627,28.52,27.78,27.23,0.454
1628,28.52,27.78,27.23,0.454
1629,28.52,27.78,27.23,0.454
1630,28.52,27.78,27.13,0.454
1631,28.52,27.78,27.23,0.454
1632,28.52,27.78,27.23,0.454
1633,28.52,27.78,27.23,0.454
1634,28.52,27.78,27.13,0.454
1635,28.52,27.78,27.13,0.454
1636,28.52,27.78,27.23,0.454
1637,28.52,27.78,27.13,0.454
1638,28.61,27.78,27.13,0.454
1639,28.61,27.78,27.13,0.454
1640,28.61,27.78,27.23,0.454
1641,28.61,27.78,27.23,0.454
1642,28.61,27.78,27.13,0.454
1643,28.61,27.78,27.23,0.454
1644,28.61,27.78,27.23,0.454
1645,28.61,27.78,27.23,0.454
1646,28.61,27.78,27.23,0.454
1647,28.61,27.78,27.23,0.454
1648,28.61,27.78,27.23,0.454
1649,28.61,27.78,27.23,0.454
1650,28.61,27.78,27.23,0.454
1651,28.61,27.78,27.23,0.454
1652,28.61,27.78,27.23,0.454
1653,28.61,27.78,27.23,0.454
1654,28.61,27.78,27.23,0.454
1655,28.61,27.78,27.23,0.454
1656,28.61,27.78,27.23,0.454
1657,28.61,27.78,27.23,0.454
1658,28.61,27.78,27.23,0.454
1659,28.61,27.78,27.23,0.454
1660,28.61,27.78,27.23,0.454
1661,28.61,27.78,27.23,0.454
1662,28.61,27.78,27.23,0.454
1663,28.61,27.87,27.23,0.454
1664,28.61,27.78,27.23,0.454
1665,28.61,27.78,27.23,0.454
1666,28.61,27.87,27.23,0.454
1667,28.61,27.87,27.23,0.454
1668,28.61,27.87,27.23,0.454
1669,28.61,27.87,27.23,0.454
1670,28.61,27.87,27.23,0.454
1671,28.61,27.87,27.23,0.454
1672,28.61,27.87,27.23,0.454
1673,28.61,27.87,27.23,0.454
1674,28.61,27.87,27.23,0.454
1675,28.61,27.87,27.23,0.454
1676,28.61,27.87,27.23,0.454
1677,28.61,27.87,27.23,0.454
1678,28.61,27.87,27.23,0.454
1679,28.61,27.87,27.23,0.454
1680,28.61,27.87,27.23,0.454
1681,28.61,27.87,27.23,0.454
1682,28.61,27.87,27.23,0.454
1683,28.61,27.87,27.23,0.454
1684,28.61,27.87,27.23,0.454
1685,28.61,27.87,27.23,0.454
1686,28.61,27.87,27.23,0.454
1687,28.61,27.87,27.23,0.454
1688,28.61,27.87,27.23,0.454
1689,28.61,27.87,27.23,0.454
1690,28.61,27.87,27.23,0.454
1691,28.61,27.87,27.23,0.454
1692,28.61,27.87,27.23,0.454
1693,28.61,27.87,27.23,0.454
1694,28.52,27.87,27.23,0.454
1695,28.61,27.87,27.23,0.454
1696,28.61,27.87,27.23,0.454
1697,28.61,27.87,27.23,0.454
1698,28.61,27.87,27.23,0.454
1699,28.61,27.87,27.23,0.454
1700,28.61,27.87,27.32,0.454
1701,28.61,27.87,27.23,0.454
1702,28.61,27.87,27.23,0.454
1703,28.61,27.87,27.23,0.454
1704,28.61,27.87,27.32,0.454
1705,28.61,27.87,27.32,0.454
1706,28.61,27.87,27.23,0.454
1707,28.61,27.87,27.32,0.454
1708,28.61,27.87,27.32,0.454
1709,28.61,27.87,27.23,0.454
1710,28.61,27.87,27.32,0.454
1711,28.61,27.87,27.32,0.454
1712,28.61,27.87,27.32,0.454
1713,28.61,27.87,27.32,0.454
1714,28.61,27.87,27.32,0.454
1715,28.61,27.87,27.32,0.454
1716,28.61,27.87,27.32,0.454
1717,28.61,27.87,27.32,0.454
1718,28.61,27.87,27.32,0.454
1719,28.61,27.87,27.32,0.454
1720,28.61,27.87,27.32,0.454
1721,28.61,27.87,27.32,0.454
1722,28.61,27.87,27.32,0.454
1723,28.7,27.96,27.32,0.454
1724,28.7,27.96,27.32,0.454
1725,28.7,27.96,27.32,0.454
1726,28.7,27.96,27.32,0.454
1727,28.7,27.96,27.32,0.454
1728,28.7,27.96,27.32,0.454
1729,28.7,27.96,27.32,0.454
1730,28.7,27.96,27.32,0.454
1731,28.7,27.96,27.32,0.454
1732,28.7,27.96,27.32,0.454
1733,28.7,27.96,27.32,0.454
1734,28.7,27.96,27.41,0.454
1735,28.7,27.96,27.32,0.454
1736,28.7,27.96,27.32,0.454
1737,28.7,27.96,27.32,0.454
1738,28.7,27.96,27.32,0.454
1739,28.7,27.96,27.32,0.454
1740,28.7,27.96,27.32,0.454
1741,28.7,27.96,27.32,0.454
1742,28.7,27.96,27.41,0.454
1743,28.7,27.96,27.32,0.454
1744,28.79,27.96,27.32,0.454
1745,28.79,27.96,27.32,0.454
1746,28.7,27.96,27.32,0.454
1747,28.79,27.96,27.32,0.454
1748,28.79,27.96,27.32,0.454
1749,28.79,27.96,27.32,0.454
1750,28.79,27.96,27.32,0.454
1751,28.79,27.96,27.32,0.454
1752,28.79,27.96,27.32,0.454
1753,28.79,27.96,27.32,0.454
1754,28.79,27.96,27.32,0.454
1755,28.7,27.96,27.32,0.454
1756,28.7,27.96,27.32,0.454
1757,28.7,27.96,27.32,0.454
1758,28.79,27.96,27.32,0.454
1759,28.79,27.96,27.32,0.454
1760,28.79,27.96,27.32,0.454
1761,28.79,27.96,27.32,0.454
1762,28.79,27.96,27.32,0.454
1763,28.79,27.96,27.32,0.454
1764,28.79,27.96,27.32,0.454
1765,28.7,27.96,27.32,0.454
1766,28.7,27.96,27.32,0.454
1767,28.7,27.96,27.32,0.454
1768,28.79,27.96,27.32,0.454
1769,28.79,27.96,27.32,0.454
1770,28.79,27.96,27.32,0.454
1771,28.79,27.96,27.32,0.454
1772,28.79,27.96,27.32,0.454
1773,28.79,27.96,27.32,0.454
1774,28.79,27.96,27.32,0.454
1775,28.79,27.96,27.41,0.454
1776,28.79,27.96,27.32,0.454
1777,28.79,27.96,27.32,0.454
1778,28.79,27.96,27.41,0.454
1779,28.79,27.96,27.32,0.454
1780,28.79,27.96,27.41,0.454
1781,28.79,27.96,27.41,0.454
1782,28.79,27.96,27.41,0.454
1783,28.79,27.96,27.41,0.454
1784,28.79,27.96,27.41,0.454
1785,28.79,27.96,27.41,0.454
1786,28.79,28.05,27.41,0.454
1787,28.79,28.05,27.41,0.454
1788,28.79,27.96,27.41,0.454
1789,28.79,27.96,27.41,0.454
1790,28.79,27.96,27.41,0.454
1791,28.79,27.96,27.41,0.454
1792,28.79,28.05,27.41,0.454
1793,28.79,28.05,27.41,0.454
1794,28.79,28.05,27.41,0.454
1795,28.79,28.05,27.41,0.454
1796,28.79,28.05,27.41,0.454
1797,28.79,28.05,27.41,0.454
1798,28.79,28.05,27.41,0.454
1799,28.79,28.05,27.5,0.454
1800,28.79,28.05,27.41,0.454
1801,28.79,28.05,27.5,0.454
1802,28.79,28.05,27.41,0.454
1803,28.79,28.05,27.41,0.454
1804,28.79,28.05,27.41,0.454
1805,28.79,28.05,27.5,0.454
1806,28.79,28.05,27.5,0.454
1807,28.79,28.05,27.5,0.454
1808,28.79,28.05,27.5,0.454
1809,28.79,28.05,27.5,0.454
1810,28.79,28.05,27.5,0.454
1811,28.79,28.05,27.5,0.454
1812,28.79,28.05,27.41,0.454
1813,28.79,28.05,27.5,0.454
1814,28.79,28.05,27.5,0.454
1815,28.79,28.05,27.5,0.454
1816,28.79,28.05,27.5,0.454
1817,28.79,28.05,27.5,0.454
1818,28.79,28.05,27.5,0.454
1819,28.79,28.05,27.5,0.454
1820,28.79,28.05,27.5,0.454
1821,28.79,28.05,27.5,0.454
1822,28.79,28.05,27.5,0.454
1823,28.79,28.05,27.5,0.454
1824,28.79,28.05,27.5,0.454
1825,28.79,28.05,27.5,0.454
1826,28.79,28.05,27.5,0.454
1827,28.79,28.05,27.5,0.454
1828,28.79,28.15,27.5,0.454
1829,28.79,28.05,27.5,0.454
1830,28.79,28.05,27.5,0.454
1831,28.79,28.05,27.5,0.454
1832,28.79,28.05,27.5,0.454
1833,28.79,28.05,27.5,0.454
1834,28.79,28.05,27.5,0.454
1835,28.79,28.15,27.5,0.454
1836,28.79,28.05,27.5,0.454
1837,28.79,28.15,27.5,0.454
1838,28.79,28.05,27.5,0.454
1839,28.79,28.15,27.5,0.454
1840,28.79,28.15,27.5,0.454
1841,28.79,28.05,27.5,0.454
1842,28.79,28.15,27.5,0.454
1843,28.79,28.15,27.5,0.454
1844,28.79,28.15,27.5,0.454
1845,28.79,28.15,27.5,0.454
1846,28.79,28.15,27.5,0.454
1847,28.79,28.15,27.5,0.454
1848,28.79,28.15,27.5,0.454
1849,28.79,28.15,27.5,0.454
1850,28.79,28.15,27.5,0.454
1851,28.79,28.15,27.5,0.454
1852,28.79,28.15,27.5,0.454
1854,28.79,28.15,27.5,0.454
1855,28.79,28.15,27.5,0.454
1856,28.79,28.15,27.5,0.454
1857,28.79,28.15,27.5,0.454
1858,28.79,28.15,27.5,0.454
1859,28.79,28.05,27.5,0.454
1860,28.79,28.05,27.5,0.454
1861,28.79,28.05,27.5,0.454
1862,28.79,28.05,27.5,0.454
1863,28.79,28.15,27.5,0.454
1864,28.89,28.05,27.5,0.454
1865,28.79,28.15,27.5,0.454
1866,28.89,28.05,27.5,0.454
1867,28.89,28.15,27.5,0.454
1868,28.79,28.15,27.5,0.454
1869,28.89,28.15,27.5,0.454
1870,28.89,28.15,27.5,0.454
1871,28.89,28.15,27.5,0.454
1872,28.89,28.15,27.5,0.454
1873,28.89,28.15,27.5,0.454
1874,28.89,28.15,27.5,0.454
1875,28.89,28.15,27.5,0.454
1876,28.89,28.15,27.5,0.454
1877,28.89,28.15,27.5,0.454
1878,28.89,28.15,27.59,0.454
1879,28.89,28.15,27.5,0.454
1880,28.89,28.15,27.59,0.454
1881,28.89,28.15,27.59,0.454
1882,28.89,28.15,27.59,0.454
1883,28.89,28.15,27.59,0.454
1884,28.89,28.15,27.59,0.454
1885,28.89,28.15,27.59,0.454
1886,28.89,28.15,27.59,0.454
1887,28.89,28.15,27.59,0.454
1888,28.89,28.15,27.59,0.454
1889,28.79,28.15,27.59,0.454
1890,28.89,28.15,27.59,0.454
1891,28.89,28.15,27.59,0.454
1892,28.89,28.15,27.59,0.454
1893,28.89,28.15,27.59,0.454
1894,28.89,28.15,27.59,0.454
1895,28.89,28.15,27.59,0.454
1896,28.89,28.15,27.59,0.454
1897,28.89,28.15,27.59,0.454
1898,28.89,28.15,27.59,0.454
1899,28.89,28.15,27.59,0.454
1900,28.89,28.15,27.59,0.454
1901,28.89,28.15,27.59,0.454
1902,28.89,28.15,27.59,0.454
1903,28.89,28.15,27.59,0.454
1904,28.89,28.15,27.59,0.454
1905,28.89,28.15,27.59,0.454
1906,28.89,28.15,27.59,0.454
1907,28.89,28.24,27.59,0.454
1908,28.89,28.24,27.59,0.454
1909,28.89,28.15,27.59,0.454
1910,28.89,28.24,27.59,0.454
1911,28.98,28.24,27.59,0.454
1912,28.89,28.24,27.59,0.454
1913,28.98,28.24,27.59,0.454
1914,28.98,28.24,27.59,0.454
1915,28.89,28.24,27.59,0.454
1916,28.89,28.24,27.59,0.454
1917,28.89,28.24,27.59,0.454
1918,28.89,28.24,27.59,0.454
1919,28.89,28.24,27.59,0.454
1920,28.89,28.15,27.59,0.454
1921,28.89,28.24,27.59,0.454
1922,28.89,28.24,27.59,0.454
1923,28.89,28.24,27.59,0.454
1924,28.89,28.24,27.59,0.454
1925,28.89,28.24,27.59,0.454
1926,28.89,28.24,27.59,0.454
1927,28.89,28.24,27.59,0.454
1928,28.89,28.24,27.59,0.454
1929,28.89,28.24,27.59,0.454
1930,28.89,28.24,27.59,0.454
1931,28.89,28.15,27.59,0.454
1932,28.89,28.15,27.59,0.454
1933,28.89,28.24,27.59,0.454
1934,28.79,28.15,27.59,0.454
1935,28.79,28.15,27.59,0.454
1936,28.79,28.24,27.59,0.454
1937,28.89,28.15,27.59,0.454
1938,28.89,28.15,27.59,0.454
1939,28.89,28.15,27.59,0.454
1940,28.89,28.24,27.59,0.454
1941,28.89,28.24,27.59,0.454
1942,28.89,28.24,27.59,0.454
1943,28.89,28.24,27.59,0.454
1944,28.89,28.24,27.59,0.454
1945,28.89,28.24,27.59,0.454
1946,28.89,28.24,27.59,0.454
1947,28.89,28.24,27.59,0.454
1948,28.89,28.24,27.59,0.454
1949,28.89,28.24,27.59,0.454
1950,28.89,28.24,27.59,0.454
1951,28.89,28.24,27.59,0.454
1952,28.89,28.24,27.59,0.454
1953,28.89,28.24,27.59,0.454
1954,28.89,28.24,27.59,0.454
1955,28.89,28.24,27.59,0.454
1956,28.89,28.24,27.59,0.454
1957,28.89,28.24,27.59,0.454
1958,28.89,28.24,27.59,0.454
1959,28.89,28.24,27.59,0.454
1960,28.89,28.24,27.59,0.454
1961,28.89,28.24,27.59,0.454
1962,28.89,28.24,27.59,0.454
1963,28.89,28.24,27.59,0.454
1964,28.98,28.24,27.59,0.454
1965,28.98,28.24,27.59,0.454
1966,28.98,28.24,27.59,0.454
1967,28.98,28.24,27.59,0.454
1968,28.98,28.24,27.59,0.454
1969,28.98,28.24,27.59,0.454
1970,28.98,28.24,27.59,0.454
1971,28.98,28.24,27.69,0.454
1972,28.98,28.24,27.69,0.454
1973,28.98,28.24,27.69,0.454
1974,28.98,28.24,27.69,0.454
1975,28.98,28.24,27.69,0.454
1976,28.98,28.24,27.69,0.454
1977,28.98,28.33,27.69,0.454
1978,28.98,28.24,27.69,0.454
1979,28.98,28.24,27.69,0.454
1980,28.98,28.24,27.69,0.454
1981,28.98,28.24,27.69,0.454
1982,28.98,28.24,27.69,0.454
1983,28.98,28.24,27.69,0.454
1984,28.98,28.24,27.69,0.454
1985,28.98,28.24,27.69,0.454
1986,28.98,28.24,27.69,0.454
1987,28.98,28.24,27.69,0.454
1988,28.98,28.24,27.69,0.454
1989,28.98,28.24,27.69,0.454
1990,28.98,28.24,27.69,0.454
1991,28.98,28.24,27.69,0.454
1992,28.98,28.24,27.69,0.454
1993,28.98,28.24,27.69,0.454
1994,28.98,28.33,27.69,0.454
1995,28.98,28.33,27.69,0.454
1996,28.98,28.24,27.69,0.454
1997,28.98,28.24,27.69,0.454
1998,28.98,28.24,27.69,0.454
1999,28.98,28.24,27.69,0.454
2000,28.98,28.24,27.69,0.454
2001,28.98,28.24,27.69,0.454
2002,28.98,28.24,27.69,0.454
2003,28.98,28.33,27.69,0.454
2004,28.98,28.24,27.69,0.454
2005,28.98,28.33,27.69,0.454
2006,28.98,28.33,27.69,0.454
2007,28.98,28.33,27.69,0.454
2008,28.98,28.33,27.69,0.454
2009,28.98,28.33,27.69,0.454
2010,28.98,28.33,27.69,0.454
2011,28.98,28.33,27.69,0.454
2012,28.98,28.33,27.69,0.454
2013,28.98,28.33,27.69,0.454
2014,28.98,28.33,27.69,0.454
2015,28.98,28.33,27.69,0.454
2016,28.98,28.33,27.69,0.454
2017,28.98,28.33,27.69,0.454
2018,28.98,28.33,27.69,0.454
2019,28.98,28.33,27.69,0.454
2020,28.98,28.33,27.69,0.454
2021,29.07,28.33,27.69,0.454
2022,29.07,28.33,27.69,0.454
2023,29.07,28.33,27.69,0.454
2024,29.07,28.24,27.69,0.454
2025,29.07,28.33,27.69,0.454
2026,29.07,28.24,27.69,0.454
2027,29.07,28.24,27.69,0.454
2028,29.07,28.24,27.69,0.454
2029,29.07,28.33,27.69,0.454
2030,29.07,28.33,27.69,0.454
2031,29.07,28.24,27.69,0.454
2032,29.07,28.24,27.69,0.454
2033,29.07,28.33,27.69,0.454
2034,29.07,28.33,27.69,0.454
2035,29.07,28.33,27.69,0.454
2036,29.07,28.33,27.69,0.454
2037,29.07,28.33,27.69,0.454
2038,29.07,28.33,27.69,0.454
2039,29.17,28.33,27.69,0.454
2040,29.17,28.33,27.69,0.454
2041,29.07,28.33,27.69,0.454
2042,29.07,28.33,27.69,0.454
2043,29.17,28.33,27.69,0.454
2044,29.17,28.33,27.69,0.454
2045,29.17,28.33,27.69,0.454
2046,29.07,28.33,27.69,0.454
2047,29.17,28.33,27.69,0.454
2048,29.07,28.33,27.69,0.454
2049,29.17,28.33,27.69,0.454
2050,29.17,28.33,27.69,0.454
2051,29.17,28.33,27.69,0.454
2052,29.07,28.33,27.69,0.454
2053,29.17,28.33,27.69,0.454
2054,29.17,28.33,27.69,0.454
2055,29.17,28.33,27.69,0.454
2056,29.17,28.33,27.69,0.454
2057,29.17,28.33,27.69,0.454
2058,29.17,28.33,27.69,0.454
2059,29.07,28.33,27.69,0.454
2060,29.07,28.33,27.69,0.454
2061,29.07,28.33,27.69,0.454
2062,29.07,28.33,27.69,0.454
2063,29.07,28.33,27.69,0.454
2064,29.07,28.33,27.69,0.454
2065,29.07,28.33,27.69,0.454
2066,29.07,28.33,27.69,0.454
2067,29.07,28.33,27.69,0.454
2068,29.07,28.33,27.69,0.454
2069,29.07,28.33,27.69,0.454
2070,29.07,28.33,27.69,0.454
2071,29.07,28.33,27.69,0.454
2072,29.07,28.33,27.69,0.454
2073,29.07,28.33,27.69,0.454
2074,29.07,28.33,27.78,0.454
2075,29.07,28.33,27.69,0.454
2076,29.07,28.33,27.69,0.454
2077,29.07,28.33,27.69,0.454
2078,29.07,28.33,27.69,0.454
2079,29.07,28.33,27.69,0.454
2080,29.07,28.33,27.69,0.454
2081,29.07,28.33,27.69,0.454
2082,29.07,28.33,27.69,0.454
2083,29.07,28.33,27.69,0.454
2084,29.07,28.33,27.69,0.454
2085,29.07,28.33,27.69,0.454
2086,29.07,28.33,27.69,0.454
2087,29.07,28.33,27.69,0.454
2088,29.07,28.33,27.69,0.454
2089,29.07,28.33,27.78,0.454
2090,29.07,28.33,27.78,0.454
2091,29.07,28.33,27.78,0.454
2092,29.07,28.33,27.78,0.454
2093,29.07,28.33,27.69,0.454
2094,29.07,28.33,27.78,0.454
2095,29.07,28.33,27.78,0.454
2096,29.07,28.33,27.78,0.454
2097,29.07,28.33,27.78,0.454
2098,29.07,28.33,27.78,0.454
2099,29.07,28.33,27.78,0.454
2100,29.07,28.33,27.78,0.454
2101,29.07,28.33,27.78,0.454
2102,29.07,28.33,27.78,0.454
2103,29.07,28.33,27.78,0.454
2104,29.17,28.33,27.78,0.454
2105,29.17,28.33,27.78,0.454
2106,29.17,28.33,27.78,0.454
2107,29.07,28.42,27.78,0.454
2108,29.07,28.42,27.78,0.454
2109,29.07,28.42,27.78,0.454
2110,29.07,28.33,27.78,0.454
2111,29.07,28.33,27.78,0.454
2112,29.07,28.42,27.78,0.454
2113,29.07,28.33,27.78,0.454
2114,29.07,28.33,27.78,0.454
2115,29.07,28.42,27.78,0.454
2116,29.07,28.33,27.78,0.454
2118,29.07,28.42,27.78,0.454
2119,29.07,28.33,27.78,0.454
2120,29.07,28.33,27.78,0.454
2121,29.07,28.33,27.78,0.454
2122,29.07,28.33,27.78,0.454
2123,29.07,28.33,27.78,0.454
2124,29.07,28.33,27.78,0.454
2125,29.07,28.33,27.78,0.454
2126,29.07,28.33,27.78,0.454
2127,29.07,28.33,27.78,0.454
2128,29.07,28.33,27.78,0.454
2129,29.07,28.42,27.78,0.454
2130,29.07,28.42,27.78,0.454
2131,29.07,28.33,27.78,0.454
2132,29.07,28.42,27.78,0.454
2133,29.07,28.33,27.78,0.454
2134,28.98,28.33,27.78,0.454
2135,28.98,28.33,27.78,0.454
2136,29.07,28.42,27.78,0.454
2137,29.07,28.33,27.78,0.454
2138,29.07,28.33,27.78,0.454
2139,29.07,28.33,27.78,0.454
2140,29.07,28.33,27.78,0.454
2141,29.07,28.33,27.78,0.454
2142,29.07,28.33,27.78,0.454
2143,29.07,28.33,27.78,0.454
2144,29.07,28.33,27.78,0.454
2145,29.07,28.33,27.78,0.454
2146,29.07,28.33,27.78,0.454
2147,29.07,28.33,27.78,0.454
2148,29.07,28.33,27.78,0.454
2149,29.07,28.33,27.78,0.454
2150,29.07,28.33,27.78,0.454
2151,29.07,28.33,27.78,0.454
2152,29.07,28.33,27.78,0.454
2153,29.07,28.33,27.78,0.454
2154,29.07,28.33,27.78,0.454
2155,29.07,28.33,27.78,0.454
2156,29.07,28.33,27.78,0.454
2157,29.07,28.33,27.78,0.454
2158,29.07,28.33,27.78,0.454
2159,28.98,28.33,27.78,0.454
2160,28.98,28.33,27.78,0.454
2161,28.98,28.33,27.78,0.454
2162,29.07,28.33,27.78,0.454
2163,28.98,28.33,27.78,0.454
2164,29.07,28.33,27.78,0.454
2165,29.07,28.33,27.78,0.454
2166,29.07,28.33,27.78,0.454
2167,29.07,28.33,27.78,0.454
2168,28.98,28.33,27.78,0.454
2169,29.07,28.33,27.78,0.454
2170,29.07,28.33,27.78,0.454
2171,29.07,28.33,27.78,0.454
2172,29.07,28.33,27.78,0.454
2173,29.07,28.33,27.78,0.454
2174,29.07,28.33,27.78,0.454
2175,29.07,28.33,27.78,0.454
2176,29.07,28.33,27.78,0.454
2177,29.07,28.33,27.78,0.454
2178,29.07,28.33,27.78,0.454
2179,29.07,28.33,27.78,0.454
2180,29.07,28.33,27.78,0.454
2181,29.07,28.33,27.78,0.454
2182,29.07,28.33,27.78,0.454
2183,29.07,28.33,27.78,0.454
2184,29.07,28.33,27.78,0.454
2185,29.07,28.33,27.78,0.454
2186,29.07,28.33,27.78,0.454
2187,29.07,28.33,27.78,0.454
2188,29.07,28.33,27.78,0.454
2189,29.07,28.33,27.78,0.454
2190,29.07,28.33,27.78,0.454
2191,29.07,28.33,27.78,0.454
2192,29.07,28.33,27.78,0.454
2193,29.07,28.33,27.78,0.454
2194,29.07,28.33,27.78,0.454
2195,29.07,28.33,27.78,0.454
2196,29.07,28.33,27.78,0.454
2197,29.07,28.33,27.78,0.454
2198,29.07,28.33,27.78,0.454
2199,29.07,28.33,27.78,0.454
2200,29.07,28.33,27.78,0.454
2201,29.07,28.33,27.78,0.454
2202,29.07,28.33,27.78,0.454
2203,29.07,28.42,27.78,0.454
2204,29.07,28.33,27.78,0.454
2205,29.17,28.42,27.78,0.454
2206,29.17,28.33,27.78,0.454
2207,29.17,28.33,27.78,0.454
2208,29.17,28.33,27.78,0.454
2209,29.07,28.33,27.78,0.454
2210,29.07,28.33,27.78,0.454
2211,29.07,28.33,27.78,0.454
2212,29.07,28.33,27.78,0.454
2213,29.07,28.33,27.78,0.454
2214,29.07,28.42,27.78,0.454
2215,29.07,28.42,27.78,0.454
2216,29.07,28.42,27.78,0.454
2217,29.07,28.42,27.78,0.454
2218,29.07,28.42,27.78,0.454
2219,29.07,28.33,27.78,0.454
2220,29.07,28.33,27.78,0.454
2221,29.07,28.42,27.78,0.454
2222,29.07,28.42,27.78,0.454
2223,29.07,28.33,27.78,0.454
2224,29.07,28.33,27.78,0.454
2225,29.07,28.42,27.78,0.454
2226,29.07,28.42,27.78,0.454
2227,29.07,28.42,27.78,0.454
2228,29.07,28.42,27.78,0.454
2229,29.07,28.42,27.78,0.454
2230,29.07,28.42,27.78,0.454
2231,28.98,28.33,27.78,0.454
2232,29.07,28.42,27.78,0.454
2233,29.07,28.42,27.78,0.454
2234,29.07,28.42,27.78,0.454
2235,29.07,28.42,27.78,0.454
2236,29.07,28.33,27.78,0.454
2237,29.07,28.33,27.78,0.454
2238,29.07,28.33,27.78,0.454
2239,29.17,28.42,27.78,0.454
2240,29.07,28.42,27.78,0.454
2241,29.07,28.42,27.78,0.454
2242,29.07,28.42,27.78,0.454
2243,29.07,28.42,27.78,0.454
2244,29.07,28.42,27.78,0.454
2245,29.07,28.42,27.78,0.454
2246,29.07,28.42,27.78,0.454
2247,29.07,28.42,27.78,0.454
2248,29.17,28.33,27.78,0.454
2249,29.17,28.33,27.78,0.454
2250,29.17,28.42,27.78,0.454
2251,29.17,28.42,27.78,0.454
2252,29.17,28.42,27.78,0.454
2253,29.17,28.33,27.78,0.454
2254,29.07,28.42,27.78,0.454
2255,29.17,28.42,27.78,0.454
2256,29.17,28.42,27.78,0.454
2257,29.17,28.42,27.78,0.454
2258,29.17,28.42,27.78,0.454
2259,29.07,28.42,27.78,0.454
2260,29.07,28.42,27.78,0.454
2261,29.07,28.42,27.78,0.454
2262,29.07,28.42,27.78,0.454
2263,29.17,28.42,27.78,0.454
2264,29.07,28.42,27.78,0.454
2265,29.07,28.42,27.78,0.454
2266,29.07,28.42,27.78,0.454
2267,29.07,28.42,27.78,0.454
2268,29.07,28.42,27.78,0.454
2269,29.17,28.42,27.78,0.454
2270,29.17,28.42,27.78,0.454
2271,29.17,28.42,27.78,0.454
2272,29.17,28.42,27.78,0.454
2273,29.17,28.42,27.78,0.454
2274,29.17,28.42,27.78,0.454
2275,29.17,28.42,27.78,0.454
2276,29.07,28.42,27.78,0.454
2277,29.07,28.42,27.78,0.454
2278,29.07,28.42,27.78,0.454
2279,29.07,28.42,27.78,0.454
2280,29.07,28.42,27.78,0.454
2281,29.07,28.42,27.78,0.454
2282,29.07,28.42,27.78,0.454
2283,29.07,28.42,27.78,0.454
2284,29.07,28.42,27.78,0.454
2285,29.07,28.42,27.78,0.454
2286,29.07,28.33,27.87,0.454
2287,29.07,28.33,27.87,0.454
2288,29.07,28.33,27.78,0.454
2289,29.07,28.33,27.87,0.454
2290,29.07,28.33,27.78,0.454
2291,29.07,28.33,27.78,0.454
2292,29.07,28.42,27.78,0.454
2293,29.07,28.42,27.78,0.454
2294,29.07,28.42,27.78,0.454
2295,29.17,28.42,27.78,0.454
2296,29.17,28.33,27.78,0.454
2297,29.17,28.42,27.78,0.454
2298,29.17,28.42,27.78,0.454
2299,29.17,28.42,27.78,0.454
2300,29.17,28.42,27.78,0.454
2301,29.17,28.42,27.78,0.454
2302,29.17,28.42,27.78,0.454
2303,29.17,28.42,27.78,0.454
2304,29.17,28.42,27.78,0.454
2305,29.17,28.42,27.78,0.454
2306,29.17,28.42,27.78,0.454
2307,29.17,28.42,27.78,0.454
2308,29.17,28.42,27.78,0.454
2309,29.17,28.42,27.78,0.454
2310,29.17,28.42,27.78,0.454
2311,29.17,28.42,27.78,0.454
2312,29.17,28.42,27.78,0.454
2313,29.17,28.42,27.78,0.454
2314,29.17,28.42,27.78,0.454
2315,29.17,28.42,27.78,0.454
2316,29.17,28.42,27.78,0.454
2317,29.17,28.42,27.78,0.454
2318,29.17,28.42,27.78,0.454
2319,29.17,28.42,27.78,0.454
2320,29.17,28.42,27.78,0.454
2321,29.17,28.42,27.78,0.454
2322,29.17,28.42,27.78,0.454
2323,29.17,28.42,27.78,0.454
2324,29.17,28.42,27.78,0.454
2325,29.17,28.42,27.78,0.454
2326,29.17,28.42,27.78,0.454
2327,29.17,28.42,27.78,0.454
2328,29.07,28.42,27.78,0.454
2329,29.17,28.42,27.78,0.454
2330,29.17,28.42,27.78,0.454
2331,29.17,28.42,27.78,0.454
2332,29.17,28.42,27.78,0.454
2333,29.17,28.42,27.78,0.454
2334,29.17,28.42,27.78,0.454
2335,29.17,28.42,27.78,0.454
2336,29.17,28.42,27.78,0.454
2337,29.17,28.42,27.78,0.454
2338,29.17,28.42,27.78,0.454
2339,29.17,28.42,27.78,0.454
2340,29.17,28.42,27.78,0.454
2341,29.17,28.42,27.78,0.454
2342,29.17,28.42,27.78,0.454
2343,29.17,28.42,27.78,0.454
2344,29.17,28.42,27.78,0.454
2345,29.17,28.42,27.78,0.454
2346,29.17,28.42,27.87,0.454
2347,29.17,28.42,27.78,0.454
2348,29.17,28.42,27.87,0.454
2349,29.17,28.42,27.87,0.454
2350,29.17,28.42,27.78,0.454
2351,29.17,28.42,27.87,0.454
2352,29.17,28.42,27.78,0.454
2353,29.17,28.42,27.78,0.454
2354,29.17,28.42,27.87,0.454
2355,29.17,28.42,27.87,0.454
2356,29.17,28.42,27.78,0.454
2357,29.17,28.42,27.87,0.454
2358,29.17,28.42,27.78,0.454
2359,29.17,28.42,27.78,0.454
2360,29.17,28.42,27.78,0.454
2361,29.17,28.42,27.78,0.454
2362,29.17,28.42,27.78,0.454
2363,29.17,28.42,27.78,0.454
2364,29.17,28.42,27.78,0.454
2365,29.17,28.42,27.78,0.454
2366,29.17,28.42,27.78,0.454
2367,29.17,28.42,27.78,0.454
2368,29.17,28.42,27.78,0.454
2369,29.17,28.42,27.78,0.454
2370,29.17,28.42,27.78,0.454
2371,29.17,28.42,27.78,0.454
2372,29.17,28.42,27.78,0.454
2373,29.17,28.42,27.78,0.454
2374,29.17,28.42,27.78,0.454
2375,29.17,28.42,27.78,0.454
2376,29.17,28.42,27.78,0.454
2377,29.17,28.42,27.78,0.454
2378,29.17,28.42,27.78,0.454
2379,29.17,28.42,27.78,0.454
2380,29.17,28.42,27.78,0.454
2382,29.17,28.42,27.87,0.454
2383,29.17,28.42,27.78,0.454
2384,29.26,28.42,27.87,0.73
2385,29.26,28.42,27.78,0.73
2386,29.35,28.42,27.87,0.73
2387,29.35,28.42,27.78,0.73
2388,29.35,28.42,27.78,0.73
2389,29.45,28.42,27.87,0.73
2390,29.45,28.42,27.78,0.73
2391,29.54,28.42,27.87,0.73
2392,29.63,28.42,27.87,0.73
2393,29.63,28.52,27.87,0.73
2394,29.73,28.52,27.87,0.73
2395,29.82,28.52,27.87,0.73
2396,29.82,28.52,27.87,0.73
2397,29.92,28.52,27.96,0.73
2398,29.92,28.61,27.87,0.73
2399,30.01,28.61,27.96,0.73
2400,30.01,28.61,27.87,0.73
2401,30.01,28.61,27.87,0.73
2402,30.01,28.61,27.87,0.73
2403,30.01,28.61,27.87,0.73
2404,30.1,28.61,27.87,0.73
2405,30.1,28.61,27.96,0.73
2406,30.1,28.7,27.87,0.73
2407,30.2,28.7,27.96,0.73
2408,30.2,28.7,27.87,0.73
2409,30.2,28.7,27.96,0.73
2410,30.2,28.7,27.96,0.73
2411,30.2,28.7,27.96,0.73
2412,30.29,28.7,27.96,0.73
2413,30.29,28.7,27.96,0.73
2414,30.29,28.79,27.96,0.73
2415,30.29,28.79,27.96,0.73
2416,30.39,28.79,27.96,0.73
2417,30.39,28.79,27.96,0.73
2418,30.39,28.79,27.96,0.73
2419,30.48,28.79,27.96,0.73
2420,30.48,28.79,27.96,0.73
2421,30.48,28.89,28.05,0.73
2422,30.48,28.89,28.05,0.73
2423,30.48,28.89,28.05,0.73
2424,30.48,28.89,28.05,0.73
2425,30.48,28.89,28.05,0.73
2426,30.57,28.89,28.05,0.73
2427,30.57,28.98,28.05,0.73
2428,30.57,28.98,28.05,0.73
2429,30.57,28.98,28.05,0.73
2430,30.57,28.98,28.15,0.73
2431,30.57,28.98,28.15,0.73
2432,30.57,28.98,28.15,0.73
2433,30.57,29.07,28.15,0.73
2434,30.57,28.98,28.15,0.73
2435,30.67,29.07,28.15,0.73
2436,30.67,29.07,28.15,0.73
2437,30.67,29.07,28.15,0.73
2438,30.67,29.07,28.15,0.73
2439,30.76,29.07,28.15,0.73
2440,30.76,29.07,28.15,0.73
2441,30.76,29.07,28.24,0.73
2442,30.76,29.07,28.24,0.73
2443,30.76,29.17,28.24,0.73
2444,30.86,29.17,28.24,0.73
2445,30.86,29.17,28.24,0.73
2446,30.86,29.17,28.24,0.73
2447,30.86,29.17,28.24,0.73
2448,30.86,29.17,28.33,0.73
2449,30.86,29.26,28.33,0.73
2450,30.86,29.26,28.33,0.73
2451,30.86,29.26,28.33,0.73
2452,30.86,29.26,28.33,0.73
2453,30.86,29.26,28.33,0.73
2454,30.86,29.26,28.33,0.73
2455,30.86,29.26,28.33,0.73
2456,30.86,29.35,28.33,0.73
2457,30.86,29.35,28.42,0.73
2458,30.86,29.35,28.42,0.73
2459,30.86,29.35,28.42,0.73
2460,30.86,29.35,28.42,0.73
2461,30.95,29.35,28.42,0.73
2462,30.95,29.35,28.42,0.73
2463,30.95,29.35,28.52,0.73
2464,30.95,29.45,28.52,0.73
2465,30.95,29.45,28.52,0.73
2466,31.05,29.45,28.52,0.73
2467,31.05,29.45,28.52,0.73
2468,31.05,29.45,28.52,0.73
2469,31.05,29.54,28.61,0.73
2470,31.05,29.54,28.61,0.73
2471,31.05,29.54,28.61,0.73
2472,31.05,29.54,28.61,0.73
2473,31.14,29.54,28.61,0.73
2474,31.14,29.54,28.61,0.73
2475,31.14,29.54,28.61,0.73
2476,31.14,29.54,28.61,0.73
2477,31.14,29.54,28.61,0.73
2478,31.14,29.54,28.61,0.73
2479,31.14,29.63,28.7,0.73
2480,31.14,29.63,28.7,0.73
2481,31.24,29.63,28.7,0.73
2482,31.24,29.63,28.7,0.73
2483,31.24,29.63,28.7,0.73
2484,31.24,29.63,28.7,0.73
2485,31.33,29.63,28.7,0.73
2486,31.24,29.63,28.7,0.73
2487,31.33,29.63,28.7,0.73
2488,31.33,29.63,28.7,0.73
2489,31.33,29.63,28.7,0.73
2490,31.33,29.73,28.79,0.73
2491,31.33,29.73,28.79,0.73
2492,31.33,29.73,28.79,0.73
2493,31.33,29.73,28.79,0.73
2494,31.33,29.73,28.79,0.73
2495,31.33,29.73,28.79,0.73
2496,31.33,29.73,28.79,0.73
2497,31.33,29.82,28.79,0.73
2498,31.33,29.82,28.79,0.73
2499,31.33,29.82,28.89,0.73
2500,31.33,29.82,28.89,0.73
2501,31.33,29.82,28.89,0.73
2502,31.33,29.82,28.89,0.73
2503,31.33,29.82,28.89,0.73
2504,31.33,29.82,28.89,0.73
2505,31.33,29.82,28.89,0.73
2506,31.33,29.82,28.98,0.73
2507,31.33,29.82,28.98,0.73
2508,31.33,29.82,28.98,0.73
2509,31.33,29.82,28.98,0.73
2510,31.33,29.92,28.98,0.73
2511,31.33,29.92,28.98,0.73
2512,31.33,29.92,28.98,0.73
2513,31.33,29.92,28.98,0.73
2514,31.33,29.92,28.98,0.73
2515,31.43,29.92,28.98,0.73
2516,31.43,29.92,28.98,0.73
2517,31.33,29.92,29.07,0.73
2518,31.43,29.92,29.07,0.73
2519,31.43,29.92,29.07,0.73
2520,31.43,29.92,29.07,0.73
2521,31.43,29.92,29.07,0.73
2522,31.43,29.92,29.07,0.73
2523,31.33,29.92,29.07,0.73
2524,31.33,30.01,29.07,0.73
2525,31.43,30.01,29.07,0.73
2526,31.43,30.01,29.07,0.73
2527,31.43,30.01,29.07,0.73
2528,31.43,30.01,29.07,0.73
2529,31.43,30.01,29.07,0.73
2530,31.52,30.01,29.07,0.73
2531,31.52,30.01,29.17,0.73
2532,31.52,30.01,29.17,0.73
2533,31.52,30.01,29.17,0.73
2534,31.52,30.01,29.17,0.73
2535,31.52,30.1,29.17,0.73
2536,31.62,30.1,29.17,0.73
2537,31.62,30.1,29.17,0.73
2538,31.62,30.1,29.17,0.73
2539,31.62,30.1,29.17,0.73
2540,31.62,30.1,29.17,0.73
2541,31.62,30.1,29.17,0.73
2542,31.62,30.1,29.17,0.73
2543,31.62,30.1,29.17,0.73
2544,31.62,30.1,29.17,0.73
2545,31.62,30.1,29.17,0.73
2546,31.72,30.2,29.26,0.73
2547,31.62,30.2,29.26,0.73
2548,31.72,30.2,29.26,0.73
2549,31.62,30.2,29.26,0.73
2550,31.72,30.2,29.26,0.73
2551,31.72,30.2,29.26,0.73
2552,31.72,30.2,29.26,0.73
2553,31.72,30.2,29.26,0.73
2554,31.72,30.2,29.26,0.73
2555,31.72,30.2,29.26,0.73
2556,31.72,30.2,29.26,0.73
2557,31.72,30.2,29.26,0.73
2558,31.81,30.2,29.26,0.73
2559,31.81,30.29,29.26,0.73
2560,31.81,30.2,29.26,0.73
2561,31.81,30.29,29.26,0.73
2562,31.81,30.29,29.26,0.73
2563,31.81,30.29,29.26,0.73
2564,31.81,30.29,29.26,0.73
2565,31.81,30.29,29.26,0.73
2566,31.81,30.29,29.26,0.73
2567,31.81,30.29,29.26,0.73
2568,31.81,30.29,29.26,0.73
2569,31.81,30.29,29.26,0.73
2570,31.81,30.29,29.26,0.73
2571,31.81,30.29,29.35,0.73
2572,31.81,30.29,29.35,0.73
2573,31.81,30.29,29.35,0.73
2574,31.81,30.29,29.35,0.73
2575,31.81,30.29,29.35,0.73
2576,31.81,30.39,29.35,0.73
2577,31.81,30.39,29.35,0.73
2578,31.81,30.39,29.35,0.73
2579,31.81,30.39,29.35,0.73
2580,31.91,30.39,29.35,0.73
2581,31.91,30.39,29.35,0.73
2582,31.91,30.39,29.35,0.73
2583,31.91,30.39,29.35,0.73
2584,31.81,30.39,29.35,0.73
2585,31.91,30.39,29.45,0.73
2586,31.81,30.39,29.45,0.73
2587,31.91,30.29,29.45,0.73
2588,31.91,30.39,29.45,0.73
2589,31.91,30.39,29.45,0.73
2590,31.91,30.39,29.45,0.73
2591,31.91,30.39,29.45,0.73
2592,31.91,30.39,29.45,0.73
2593,31.91,30.39,29.45,0.73
2594,31.91,30.39,29.45,0.73
2595,31.91,30.39,29.45,0.73
2596,31.91,30.39,29.45,0.73
2597,31.91,30.39,29.45,0.73
2598,31.81,30.39,29.45,0.73
2599,31.91,30.39,29.45,0.73
2600,31.91,30.39,29.45,0.73
2601,31.91,30.39,29.45,0.73
2602,31.91,30.39,29.45,0.73
2603,31.91,30.39,29.45,0.73
2604,31.91,30.39,29.45,0.73
2605,31.91,30.39,29.45,0.73
2606,31.81,30.39,29.45,0.73
2607,31.81,30.39,29.45,0.73
2608,31.81,30.48,29.54,0.73
2609,31.81,30.39,29.54,0.73
2610,31.91,30.39,29.54,0.73
2611,31.91,30.39,29.54,0.73
2612,31.91,30.48,29.54,0.73
2613,31.91,30.48,29.54,0.73
2614,31.91,30.48,29.54,0.73
2615,31.91,30.48,29.54,0.73
2616,31.91,30.48,29.54,0.73
2617,31.91,30.48,29.54,0.73
2618,31.91,30.48,29.54,0.73
2619,31.91,30.48,29.54,0.73
2620,31.91,30.48,29.63,0.73
2621,31.91,30.48,29.63,0.73
2622,31.91,30.48,29.63,0.73
2623,31.91,30.48,29.63,0.73
2624,32.0,30.48,29.63,0.73
2625,31.91,30.48,29.63,0.73
2626,32.0,30.48,29.54,0.73
2627,32.0,30.48,29.63,0.73
2628,32.0,30.57,29.63,0.73
2629,32.0,30.57,29.63,0.73
2630,32.0,30.57,29.63,0.73
2631,32.0,30.57,29.63,0.73
2632,32.0,30.48,29.63,0.73
2633,32.0,30.57,29.63,0.73
2634,32.0,30.48,29.63,0.73
2635,32.0,30.57,29.63,0.73
2636,32.0,30.57,29.63,0.73
2637,32.0,30.57,29.63,0.73
2638,32.0,30.57,29.63,0.73
2639,32.0,30.57,29.63,0.73
2640,32.0,30.57,29.63,0.73
2641,32.0,30.57,29.63,0.73
2642,32.1,30.57,29.63,0.73
2643,32.1,30.57,29.63,0.73
2644,32.1,30.57,29.63,0.73
2646,32.1,30.57,29.63,0.73
2647,32.1,30.57,29.63,0.73
2648,32.1,30.57,29.63,0.73
2649,32.1,30.57,29.63,0.73
2650,32.1,30.48,29.63,0.73
2651,32.1,30.57,29.63,0.73
2652,32.1,30.48,29.63,0.73
2653,32.1,30.48,29.63,0.73
2654,32.1,30.57,29.63,0.73
2655,32.1,30.57,29.63,0.73
2656,32.1,30.57,29.63,0.73
2657,32.1,30.57,29.63,0.73
2658,32.1,30.57,29.63,0.73
2659,32.2,30.57,29.63,0.73
2660,32.1,30.57,29.63,0.73
2661,32.1,30.57,29.63,0.73
2662,32.1,30.67,29.63,0.73
2663,32.1,30.67,29.63,0.73
2664,32.1,30.67,29.73,0.73
2665,32.2,30.67,29.73,0.73
2666,32.2,30.67,29.73,0.73
2667,32.2,30.67,29.63,0.73
2668,32.2,30.67,29.63,0.73
2669,32.2,30.67,29.63,0.73
2670,32.2,30.67,29.73,0.73
2671,32.2,30.67,29.73,0.73
2672,32.2,30.67,29.63,0.73
2673,32.2,30.67,29.73,0.73
2674,32.2,30.67,29.73,0.73
2675,32.2,30.67,29.73,0.73
2676,32.2,30.67,29.73,0.73
2677,32.2,30.67,29.73,0.73
2678,32.2,30.67,29.73,0.73
2679,32.2,30.57,29.63,0.73
2680,32.2,30.67,29.73,0.73
2681,32.2,30.57,29.73,0.73
2682,32.2,30.67,29.73,0.73
2683,32.2,30.67,29.73,0.73
2684,32.2,30.67,29.73,0.73
2685,32.2,30.67,29.73,0.73
2686,32.2,30.67,29.73,0.73
2687,32.2,30.67,29.73,0.73
2688,32.2,30.67,29.73,0.73
2689,32.2,30.67,29.73,0.73
2690,32.2,30.67,29.73,0.73
2691,32.2,30.67,29.73,0.73
2692,32.2,30.76,29.82,0.73
2693,32.2,30.76,29.82,0.73
2694,32.2,30.76,29.82,0.73
2695,32.2,30.76,29.82,0.73
2696,32.29,30.76,29.82,0.73
2697,32.29,30.76,29.82,0.73
2698,32.29,30.76,29.82,0.73
2699,32.29,30.76,29.82,0.73
2700,32.29,30.76,29.82,0.73
2701,32.29,30.76,29.82,0.73
2702,32.29,30.76,29.82,0.73
2703,32.29,30.76,29.82,0.73
2704,32.29,30.76,29.82,0.73
2705,32.29,30.76,29.82,0.73
2706,32.29,30.76,29.82,0.73
2707,32.29,30.76,29.82,0.73
2708,32.29,30.76,29.82,0.73
2709,32.29,30.76,29.82,0.73
2710,32.29,30.76,29.82,0.73
2711,32.29,30.76,29.82,0.73
2712,32.29,30.76,29.92,0.73
2713,32.29,30.76,29.82,0.73
2714,32.29,30.76,29.82,0.73
2715,32.29,30.76,29.92,0.73
2716,32.29,30.86,29.92,0.73
2717,32.29,30.76,29.92,0.73
2718,32.29,30.76,29.92,0.73
2719,32.29,30.76,29.92,0.73
2720,32.29,30.86,29.92,0.73
2721,32.29,30.86,29.92,0.73
2722,32.29,30.86,29.92,0.73
2723,32.29,30.86,29.92,0.73
2724,32.29,30.86,29.92,0.73
2725,32.29,30.86,29.92,0.73
2726,32.29,30.86,29.92,0.73
2727,32.2,30.86,29.92,0.73
2728,32.2,30.86,29.92,0.73
2729,32.2,30.86,29.92,0.73
2730,32.2,30.86,29.92,0.73
2731,32.2,30.86,29.92,0.73
2732,32.2,30.86,29.92,0.73
2733,32.29,30.86,29.92,0.73
2734,32.29,30.86,29.92,0.73
2735,32.29,30.86,29.92,0.73
2736,32.29,30.86,29.92,0.73
2737,32.29,30.86,29.92,0.73
2738,32.2,30.86,29.92,0.73
2739,32.29,30.86,29.92,0.73
2740,32.2,30.86,29.92,0.73
2741,32.2,30.86,29.92,0.73
2742,32.2,30.86,29.92,0.73
2743,32.2,30.86,29.92,0.73
2744,32.2,30.86,29.92,0.73
2745,32.2,30.86,29.92,0.73
2746,32.29,30.86,29.92,0.73
2747,32.29,30.86,30.01,0.73
2748,32.29,30.86,29.92,0.73
2749,32.29,30.86,30.01,0.73
2750,32.29,30.86,29.92,0.73
2751,32.29,30.86,30.01,0.73
2752,32.29,30.86,29.92,0.73
2753,32.29,30.86,29.92,0.73
2754,32.29,30.86,29.92,0.73
2755,32.29,30.86,29.92,0.73
2756,32.29,30.86,29.92,0.73
2757,32.29,30.86,29.92,0.73
2758,32.29,30.86,29.92,0.73
2759,32.29,30.86,29.92,0.73
2760,32.29,30.86,29.92,0.73
2761,32.29,30.86,29.92,0.73
2762,32.29,30.86,29.92,0.73
2763,32.29,30.86,29.92,0.73
2764,32.29,30.86,29.92,0.73
2765,32.2,30.86,29.92,0.73
2766,32.2,30.86,29.92,0.73
2767,32.2,30.86,29.92,0.73
2768,32.2,30.86,29.92,0.73
2769,32.2,30.86,29.92,0.73
2770,32.2,30.86,29.92,0.73
2771,32.2,30.86,29.92,0.73
2772,32.2,30.86,29.92,0.73
2773,32.2,30.76,29.92,0.73
2774,32.2,30.86,29.92,0.73
2775,32.2,30.86,29.92,0.73
2776,32.2,30.86,29.92,0.73
2777,32.2,30.86,29.92,0.73
2778,32.2,30.86,29.92,0.73
2779,32.2,30.86,29.92,0.73
2780,32.2,30.76,29.92,0.73
2781,32.2,30.76,29.92,0.73
2782,32.2,30.76,29.92,0.73
2783,32.2,30.76,29.92,0.73
2784,32.2,30.76,29.92,0.73
2785,32.29,30.76,29.92,0.73
2786,32.29,30.76,30.01,0.73
2787,32.29,30.76,29.92,0.73
2788,32.29,30.76,29.92,0.73
2789,32.29,30.86,30.01,0.73
2790,32.29,30.86,29.92,0.73
2791,32.29,30.86,29.92,0.73
2792,32.29,30.86,29.92,0.73
2793,32.29,30.86,29.92,0.73
2794,32.29,30.86,29.92,0.73
2795,32.29,30.86,29.92,0.73
2796,32.29,30.86,29.92,0.73
2797,32.29,30.86,29.92,0.73
2798,32.29,30.86,29.92,0.73
2799,32.29,30.86,29.92,0.73
2800,32.29,30.86,29.92,0.73
2801,32.29,30.86,29.92,0.73
2802,32.2,30.86,29.92,0.73
2803,32.2,30.86,29.92,0.73
2804,32.2,30.86,29.92,0.73
2805,32.29,30.86,29.92,0.73
2806,32.29,30.86,29.92,0.73
2807,32.29,30.86,29.92,0.73
2808,32.29,30.86,29.92,0.73
2809,32.2,30.86,29.92,0.73
2810,32.2,30.86,29.92,0.73
2811,32.2,30.86,29.92,0.73
2812,32.2,30.86,29.92,0.73
2813,32.2,30.86,29.92,0.73
2814,32.2,30.86,29.92,0.73
2815,32.2,30.86,29.92,0.73
2816,32.2,30.86,29.92,0.73
2817,32.2,30.95,29.92,0.73
2818,32.2,30.86,29.92,0.73
2819,32.2,30.86,29.92,0.73
2820,32.2,30.95,29.92,0.73
2821,32.2,30.86,29.92,0.73
2822,32.2,30.95,30.01,0.73
2823,32.2,30.86,30.01,0.73
2824,32.2,30.95,30.01,0.73
2825,32.2,30.86,30.01,0.73
2826,32.2,30.95,30.01,0.73
2827,32.2,30.95,30.01,0.73
2828,32.2,30.95,30.01,0.73
2829,32.2,30.95,30.01,0.73
2830,32.2,30.95,30.01,0.73
2831,32.29,30.95,30.01,0.73
2832,32.29,30.86,29.92,0.73
2833,32.29,30.86,30.01,0.73
2834,32.29,30.86,30.01,0.73
2835,32.29,30.86,30.01,0.73
2836,32.29,30.95,30.01,0.73
2837,32.29,30.95,30.01,0.73
2838,32.39,30.86,29.92,0.73
2839,32.39,30.86,30.01,0.73
2840,32.39,30.95,30.01,0.73
2841,32.39,30.86,30.01,0.73
2842,32.39,30.86,30.01,0.73
2843,32.39,30.86,30.01,0.73
2844,32.39,30.86,30.01,0.73
2845,32.39,30.86,30.01,0.73
2846,32.49,30.86,30.01,0.73
2847,32.39,30.86,30.01,0.73
2848,32.49,30.95,30.01,0.73
2849,32.49,30.86,30.01,0.73
2850,32.49,30.86,30.01,0.73
2851,32.49,30.95,30.01,0.73
2852,32.49,30.86,30.01,0.73
2853,32.49,30.95,30.01,0.73
2854,32.49,30.95,30.01,0.73
2855,32.49,30.95,30.01,0.73
2856,32.49,30.95,30.01,0.73
2857,32.49,30.95,30.01,0.73
2858,32.39,30.95,30.01,0.73
2859,32.49,30.95,30.01,0.73
2860,32.49,30.95,30.01,0.73
2861,32.49,30.95,30.01,0.73
2862,32.49,30.95,30.01,0.73
2863,32.49,30.95,30.01,0.73
2864,32.39,30.95,30.01,0.73
2865,32.39,30.95,30.01,0.73
2866,32.39,30.95,30.01,0.73
2867,32.39,30.95,30.01,0.73
2868,32.39,30.95,30.01,0.73
2869,32.29,30.95,30.01,0.73
2870,32.29,30.95,30.01,0.73
2871,32.29,30.95,30.01,0.73
2872,32.29,30.95,30.01,0.73
2873,32.29,30.95,30.01,0.73
2874,32.29,30.95,30.01,0.73
2875,32.29,30.95,30.01,0.73
2876,32.39,30.95,30.01,0.73
2877,32.39,30.95,30.01,0.73
2878,32.39,30.95,30.01,0.73
2879,32.39,30.95,30.01,0.73
2880,32.39,30.86,30.01,0.73
2881,32.39,30.86,30.01,0.73
2882,32.39,30.95,30.01,0.73
2883,32.39,30.86,30.01,0.73
2884,32.39,30.95,30.01,0.73
2885,32.39,30.95,30.01,0.73
2886,32.39,30.86,30.01,0.73
2887,32.39,30.86,30.01,0.73
2888,32.39,30.95,30.01,0.73
2889,32.39,30.86,30.01,0.73
2890,32.39,30.86,30.01,0.73
2891,32.39,30.86,30.01,0.73
2892,32.39,30.95,30.01,0.73
2893,32.39,30.95,30.01,0.73
2894,32.39,30.95,30.01,0.73
2895,32.39,30.95,30.01,0.73
2896,32.39,30.95,30.01,0.73
2897,32.39,30.95,30.01,0.73
2898,32.39,30.95,30.01,0.73
2899,32.39,30.95,30.01,0.73
2900,32.39,30.95,30.01,0.73
2901,32.39,30.95,30.01,0.73
2902,32.49,30.95,30.01,0.73
2903,32.49,30.95,30.01,0.73
2904,32.49,30.95,30.01,0.73
2905,32.49,30.95,30.01,0.73
2906,32.49,30.95,30.01,0.73
2908,32.49,30.95,30.01,0.73
2909,32.49,30.95,30.01,0.73
2910,32.39,30.95,30.01,0.73
2911,32.39,30.95,30.01,0.73
2912,32.39,30.95,30.01,0.73
2913,32.39,30.95,30.01,0.73
2914,32.39,30.95,30.01,0.73
2915,32.49,30.95,30.01,0.73
2916,32.49,30.95,30.01,0.73
2917,32.49,30.95,30.01,0.73
2918,32.49,30.95,30.01,0.73
2919,32.49,30.95,30.01,0.73
2920,32.39,30.95,30.01,0.73
2921,32.49,30.95,30.01,0.73
2922,32.49,30.95,30.01,0.73
2923,32.49,30.95,30.01,0.73
2924,32.49,30.95,30.01,0.73
2925,32.49,30.95,30.01,0.73
2926,32.49,30.95,30.01,0.73
2927,32.49,30.95,30.01,0.73
2928,32.49,30.95,30.01,0.73
2929,32.49,30.95,30.01,0.73
2930,32.49,30.95,30.01,0.73
2931,32.49,30.95,30.01,0.73
2932,32.49,30.95,30.01,0.73
2933,32.49,30.95,30.01,0.73
2934,32.49,30.95,30.01,0.73
2935,32.49,30.95,30.01,0.73
2936,32.49,30.95,30.01,0.73
2937,32.49,31.05,30.01,0.73
2938,32.49,30.95,30.01,0.73
2939,32.49,30.95,30.01,0.73
2940,32.49,30.95,30.01,0.73
2941,32.49,30.95,30.01,0.73
2942,32.49,30.95,30.01,0.73
2943,32.49,30.95,30.01,0.73
2944,32.49,30.95,30.01,0.73
2945,32.49,30.95,30.01,0.73
2946,32.49,30.95,30.01,0.73
2947,32.49,30.95,30.01,0.73
2948,32.49,30.95,30.01,0.73
2949,32.49,31.05,30.01,0.73
2950,32.49,31.05,30.01,0.73
2951,32.49,31.05,30.1,0.73
2952,32.49,31.05,30.1,0.73
2953,32.49,31.05,30.1,0.73
2954,32.58,31.05,30.1,0.73
2955,32.58,31.05,30.1,0.73
2956,32.58,31.05,30.2,0.73
2957,32.58,31.05,30.2,0.73
2958,32.58,31.05,30.2,0.73
2959,32.58,31.05,30.2,0.73
2960,32.49,31.05,30.2,0.73
2961,32.49,31.05,30.1,0.73
2962,32.49,31.05,30.1,0.73
2963,32.39,31.05,30.1,0.73
2964,32.39,31.05,30.1,0.73
2965,32.39,31.05,30.1,0.73
2966,32.39,31.05,30.1,0.73
2967,32.39,31.05,30.1,0.73
2968,32.39,30.95,30.1,0.73
2969,32.39,30.95,30.1,0.73
2970,32.39,30.95,30.1,0.73
2971,32.39,30.95,30.1,0.73
2972,32.39,30.95,30.1,0.73
2973,32.39,30.95,30.1,0.73
2974,32.39,30.95,30.1,0.73
2975,32.49,30.95,30.1,0.73
2976,32.49,30.95,30.1,0.73
2977,32.49,30.95,30.1,0.73
2978,32.39,30.95,30.1,0.73
2979,32.49,30.95,30.01,0.73
2980,32.39,30.95,30.01,0.73
2981,32.39,30.95,30.01,0.73
2982,32.39,30.95,30.01,0.73
2983,32.39,30.95,30.01,0.73
2984,32.39,30.95,30.01,0.73
2985,32.39,30.95,30.01,0.73
2986,32.29,30.95,30.01,0.73
2987,32.29,30.95,30.01,0.73
2988,32.39,30.95,30.01,0.73
2989,32.29,30.95,30.01,0.73
2990,32.39,30.95,30.01,0.73
2991,32.39,30.95,30.01,0.73
2992,32.39,30.95,30.01,0.73
2993,32.39,30.95,30.01,0.73
2994,32.39,30.95,30.01,0.73
2995,32.39,30.95,30.01,0.73
2996,32.39,30.95,30.01,0.73
2997,32.39,30.95,30.01,0.73
2998,32.49,30.95,30.01,0.73
2999,32.39,30.95,30.01,0.73
3000,32.39,30.95,30.01,0.73
3001,32.49,30.95,30.01,0.73
3002,32.49,30.95,30.01,0.73
3003,32.49,30.95,30.01,0.73
3004,32.49,30.95,30.01,0.73
3005,32.49,30.95,30.01,0.73
3006,32.49,30.95,30.01,0.73
3007,32.49,30.95,30.01,0.73
3008,32.49,30.95,30.01,0.73
3009,32.49,30.95,30.01,0.73
3010,32.49,30.95,30.01,0.73
3011,32.49,30.95,30.01,0.73
3012,32.49,30.95,30.01,0.73
3013,32.49,30.95,30.01,0.73
3014,32.39,30.95,30.01,0.73
3015,32.39,30.95,30.01,0.73
3016,32.39,30.95,30.01,0.73
3017,32.39,30.95,30.01,0.73
3018,32.39,30.95,30.01,0.73
3019,32.39,30.95,30.01,0.73
3020,32.29,30.95,30.01,0.73
3021,32.29,30.95,30.01,0.73
3022,32.29,30.95,30.01,0.73
3023,32.39,30.95,30.01,0.73
3024,32.39,30.95,30.01,0.73
3025,32.39,30.95,30.01,0.73
3026,32.39,30.95,30.01,0.73
3027,32.39,30.95,30.01,0.73
3028,32.39,30.95,30.01,0.73
3029,32.39,30.95,30.01,0.73
3030,32.39,30.95,30.01,0.73
3031,32.39,30.95,30.01,0.73
3032,32.39,30.95,30.01,0.73
3033,32.39,30.95,30.01,0.73
3034,32.39,30.95,30.01,0.73
3035,32.49,30.95,30.01,0.73
3036,32.49,30.95,30.01,0.73
3037,32.49,30.95,30.01,0.73
3038,32.49,30.95,30.01,0.73
3039,32.49,30.95,30.01,0.73
3040,32.49,30.95,30.01,0.73
3041,32.49,30.95,30.01,0.73
3042,32.49,30.95,30.01,0.73
3043,32.49,30.95,30.01,0.73
3044,32.49,30.95,30.01,0.73
3045,32.49,30.95,30.01,0.73
3046,32.49,30.95,30.01,0.73
3047,32.49,30.95,30.01,0.73
3048,32.49,30.95,30.01,0.73
3049,32.49,30.95,30.01,0.73
3050,32.49,30.95,30.01,0.73
3051,32.49,30.95,30.01,0.73
3052,32.49,30.95,30.01,0.73
3053,32.49,30.95,30.01,0.73
3054,32.49,30.95,30.01,0.73
3055,32.49,30.95,30.01,0.73
3056,32.49,30.95,30.01,0.73
3057,32.39,30.95,30.01,0.73
3058,32.39,30.95,30.01,0.73
3059,32.39,30.95,30.01,0.73
3060,32.49,30.95,30.01,0.73
3061,32.49,30.95,30.01,0.73
3062,32.39,30.95,30.01,0.73
3063,32.39,30.95,30.01,0.73
3064,32.39,30.95,30.01,0.73
3065,32.39,30.95,30.01,0.73
3066,32.39,30.95,30.01,0.73
3067,32.39,30.95,30.01,0.73
3068,32.39,30.95,30.01,0.73
3069,32.39,30.95,30.01,0.73
3070,32.39,30.95,30.01,0.73
3071,32.39,30.95,30.01,0.73
3072,32.39,30.86,30.01,0.73
3073,32.39,30.86,30.01,0.73
3074,32.39,30.86,30.01,0.73
3075,32.39,30.86,30.01,0.73
3076,32.39,30.86,30.01,0.73
3077,32.39,30.86,30.01,0.73
3078,32.29,30.86,30.01,0.73
3079,32.29,30.86,30.01,0.73
3080,32.29,30.86,30.01,0.73
3081,32.29,30.86,30.01,0.73
3082,32.29,30.86,30.01,0.73
3083,32.29,30.86,30.01,0.73
3084,32.29,30.86,30.01,0.73
3085,32.29,30.86,30.01,0.73
3086,32.29,30.86,30.01,0.73
3087,32.29,30.86,30.01,0.73
3088,32.39,30.86,30.01,0.73
3089,32.39,30.86,30.01,0.73
3090,32.39,30.86,30.01,0.73
3091,32.39,30.86,30.01,0.73
3092,32.39,30.86,30.01,0.73
3093,32.39,30.86,30.01,0.73
3094,32.39,30.86,30.01,0.73
3095,32.39,30.86,30.01,0.73
3096,32.39,30.86,30.01,0.73
3097,32.39,30.86,30.01,0.73
3098,32.39,30.86,30.01,0.73
3099,32.49,30.86,30.01,0.73
3100,32.39,30.86,30.01,0.73
3101,32.49,30.86,30.01,0.73
3102,32.49,30.86,30.01,0.73
3103,32.49,30.86,30.01,0.73
3104,32.39,30.86,30.01,0.73
3105,32.39,30.86,30.01,0.73
3106,32.39,30.86,30.01,0.73
3107,32.39,30.95,30.01,0.73
3108,32.39,30.95,30.01,0.73
3109,32.39,30.95,30.01,0.73
3110,32.39,30.95,30.01,0.73
3111,32.39,30.95,30.01,0.73
3112,32.39,30.95,30.01,0.73
3113,32.39,30.95,30.01,0.73
3114,32.39,30.95,30.01,0.73
3115,32.39,30.95,30.01,0.73
3116,32.39,30.86,30.01,0.73
3117,32.39,30.95,30.01,0.73
3118,32.39,30.86,30.01,0.73
3119,32.39,30.95,30.01,0.73
3120,32.39,30.86,30.01,0.73
3121,32.39,30.86,30.01,0.73
3122,32.39,30.86,30.01,0.73
3123,32.39,30.95,30.01,0.73
3124,32.39,30.86,30.01,0.73
3125,32.39,30.95,30.01,0.73
3126,32.39,30.95,30.01,0.73
3127,32.39,30.95,30.01,0.73
3128,32.39,30.95,30.01,0.73
3129,32.29,30.95,30.01,0.73
3130,32.29,30.95,30.01,0.73
3131,32.29,30.95,30.01,0.73
3132,32.29,30.95,30.01,0.73
3133,32.29,30.95,30.01,0.73
3134,32.29,30.95,30.01,0.73
3135,32.29,30.95,30.01,0.73
3136,32.29,30.95,30.01,0.73
