temps,T3,T2,T1
0,23,23,23
0.5,22.99976369,22.99924047,22.95848035
1,22.99906299,22.99702807,22.91720796
1.5,22.99791002,22.99345749,22.87618136
2,22.99631664,22.98861766,22.83539907
2.5,22.99429443,22.98259209,22.79485966
3,22.99185472,22.9754592,22.75456166
3.5,22.98900858,22.9672926,22.71450364
4,22.98576684,22.95816145,22.67468418
4.5,22.98214008,22.94813064,22.63510186
5,22.97813863,22.93726112,22.59575525
5.5,22.97377261,22.92561012,22.55664296
6,22.9690519,22.91323135,22.51776359
6.5,22.96398616,22.90017526,22.47911576
7,22.95858482,22.88648918,22.44069808
7.5,22.95285712,22.87221757,22.40250918
8,22.94681207,22.85740216,22.36454771
8.5,22.94045848,22.84208211,22.32681231
9,22.93380497,22.82629418,22.28930163
9.5,22.92685996,22.81007289,22.25201433
10,22.91963167,22.79345061,22.21494908
10.5,22.91212815,22.77645775,22.17810457
11,22.90435726,22.75912283,22.14147947
11.5,22.89632667,22.74147262,22.10507249
12,22.88804389,22.72353223,22.06888231
12.5,22.87951626,22.70532523,22.03290765
13,22.87075093,22.68687375,21.99714723
13.5,22.86175493,22.66819851,21.96159977
14,22.85253507,22.64931898,21.926264
14.5,22.84309807,22.63025342,21.89113867
15,22.83345044,22.61101895,21.85622251
15.5,22.82359857,22.59163163,21.82151428
16,22.81354871,22.5721065,21.78701275
16.5,22.80330693,22.5524577,21.75271668
17,22.79287921,22.53269845,21.71862486
17.5,22.78227135,22.51284117,21.68473605
18,22.77148904,22.49289749,21.65104906
18.5,22.76053783,22.47287831,21.61756269
19,22.74942314,22.45279384,21.58427573
19.5,22.73815028,22.43265366,21.551187
20,22.72672442,22.41246672,21.51829532
20.5,22.71515062,22.39224143,21.48559952
21,22.70343382,22.37198565,21.45309843
21.5,22.69157883,22.35170675,21.42079088
22,22.67959037,22.3314116,21.38867574
22.5,22.66747305,22.31110667,21.35675185
23,22.65523136,22.29079798,21.32501807
23.5,22.6428697,22.27049118,21.29347327
24,22.63039233,22.25019155,21.26211633
24.5,22.61780347,22.22990402,21.23094613
25,22.60510718,22.20963321,21.19996155
25.5,22.59230748,22.18938341,21.16916149
26,22.57940825,22.16915866,21.13854485
26.5,22.5664133,22.14896271,21.10811053
27,22.55332635,22.12879907,21.07785746
27.5,22.54015104,22.108671,21.04778456
28,22.5268909,22.08858156,21.01789074
28.5,22.5135494,22.06853358,20.98817495
29,22.5001299,22.04852971,20.95863612
29.5,22.48663572,22.02857241,20.9292732
30,22.47307007,22.00866397,20.90008514
30.5,22.45943608,21.98880653,20.8710709
31,22.44573684,21.96900206,20.84222945
31.5,22.43197533,21.94925239,20.81355976
32,22.41815447,21.92955923,20.7850608
32.5,22.40427711,21.90992415,20.75673155
33,22.39034604,21.89034862,20.72857101
33.5,22.37636398,21.87083397,20.70057818
34,22.36233357,21.85138147,20.67275204
34.5,22.34825739,21.83199225,20.64509162
35,22.33413798,21.81266737,20.61759592
35.5,22.31997779,21.7934078,20.59026396
36,22.30577923,21.77421444,20.56309477
36.5,22.29154463,21.75508809,20.53608738
37,22.27727628,21.73602951,20.50924082
37.5,22.26297642,21.71703938,20.48255414
38,22.24864721,21.6981183,20.45602638
38.5,22.23429078,21.67926685,20.42965661
39,22.2199092,21.66048551,20.40344386
39.5,22.20550447,21.64177475,20.37738722
40,22.19107857,21.62313496,20.35148576
40.5,22.17663342,21.60456652,20.32573854
41,22.16217088,21.58606972,20.30014465
41.5,22.14769278,21.56764486,20.27470318
42,22.1332009,21.54929217,20.24941322
42.5,22.11869696,21.53101186,20.22427386
43,22.10418266,21.5128041,20.19928421
43.5,22.08965963,21.49466903,20.17444338
44,22.07512949,21.47660677,20.14975049
44.5,22.06059379,21.4586174,20.12520464
45,22.04605407,21.44070098,20.10080497
45.5,22.03151179,21.42285756,20.07655061
46,22.01696841,21.40508716,20.05244068
46.5,22.00242533,21.38738976,20.02847434
47,21.98788393,21.36976534,20.00465072
47.5,21.97334554,21.35221387,19.98096897
48,21.95881146,21.33473528,19.95742825
48.5,21.94428296,21.31732951,19.93402773
49,21.92976126,21.29999646,19.91076655
49.5,21.91524757,21.28273603,19.8876439
50,21.90074306,21.26554812,19.86465896
50.5,21.88624887,21.24843258,19.84181089
51,21.87176609,21.2313893,19.81909889
51.5,21.85729581,21.21441811,19.79652214
52,21.84283908,21.19751886,19.77407984
52.5,21.82839691,21.18069139,19.75177119
53,21.81397029,21.16393552,19.72959539
53.5,21.7995602,21.14725106,19.70755165
54,21.78516756,21.13063784,19.68563919
54.5,21.77079328,21.11409565,19.66385722
55,21.75643826,21.09762429,19.64220496
55.5,21.74210335,21.08122355,19.62068165
56,21.72778939,21.06489322,19.59928652
56.5,21.7134972,21.04863309,19.5780188
57,21.69922756,21.03244292,19.55687773
57.5,21.68498124,21.0163225,19.53586256
58,21.67075899,21.00027158,19.51497254
58.5,21.65656153,20.98428994,19.49420692
59,21.64238956,20.96837734,19.47356497
59.5,21.62824377,20.95253354,19.45304594
60,21.61412481,20.9367583,19.43264911
60.5,21.60003332,20.92105137,19.41237375
61,21.58596994,20.90541249,19.39221913
61.5,21.57193526,20.88984143,19.37218454
62,21.55792987,20.87433793,19.35226925
62.5,21.54395433,20.85890174,19.33247257
63,21.5300092,20.8435326,19.31279377
63.5,21.51609501,20.82823025,19.29323217
64,21.50221228,20.81299444,19.27378706
64.5,21.48836149,20.79782491,19.25445776
65,21.47454315,20.7827214,19.23524356
65.5,21.46075771,20.76768365,19.21614378
66,21.44700562,20.7527114,19.19715775
66.5,21.43328734,20.73780439,19.17828479
67,21.41960327,20.72296235,19.15952421
67.5,21.40595382,20.70818503,19.14087536
68,21.3923394,20.69347216,19.12233757
68.5,21.37876039,20.67882348,19.10391018
69,21.36521714,20.66423873,19.08559252
69.5,21.35171003,20.64971764,19.06738395
70,21.33823938,20.63525995,19.04928381
70.5,21.32480553,20.62086541,19.03129146
71,21.3114088,20.60653374,19.01340626
71.5,21.29804949,20.59226469,18.99562757
72,21.2847279,20.57805799,18.97795476
72.5,21.27144431,20.56391339,18.96038719
73,21.258199,20.54983062,18.94292424
73.5,21.24499223,20.53580942,18.92556529
74,21.23182424,20.52184953,18.90830971
74.5,21.21869529,20.5079507,18.89115689
75,21.20560559,20.49411266,18.87410622
75.5,21.19255538,20.48033516,18.8571571
76,21.17954486,20.46661794,18.8403089
76.5,21.16657424,20.45296074,18.82356104
77,21.15364371,20.4393633,18.80691292
77.5,21.14075345,20.42582538,18.79036394
78,21.12790365,20.41234671,18.77391351
78.5,21.11509447,20.39892704,18.75756105
79,21.10232607,20.38556613,18.74130597
79.5,21.0895986,20.3722637,18.72514769
80,21.0769122,20.35901952,18.70908564
80.5,21.06426702,20.34583334,18.69311924
81,21.05166318,20.3327049,18.67724793
81.5,21.03910079,20.31963395,18.66147113
82,21.02657999,20.30662025,18.64578828
82.5,21.01410087,20.29366355,18.63019883
83,21.00166353,20.2807636,18.61470222
83.5,20.98926807,20.26792015,18.59929789
84,20.97691458,20.25513297,18.5839853
84.5,20.96460313,20.2424018,18.5687639
85,20.95233381,20.22972641,18.55363315
85.5,20.94010669,20.21710655,18.5385925
86,20.92792181,20.20454198,18.52364142
86.5,20.91577926,20.19203246,18.50877938
87,20.90367907,20.17957776,18.49400584
87.5,20.89162129,20.16717762,18.47932029
88,20.87960597,20.15483183,18.46472219
88.5,20.86763314,20.14254013,18.45021102
89,20.85570284,20.13030229,18.43578627
89.5,20.84381508,20.11811808,18.42144743
90,20.8319699,20.10598727,18.40719397
90.5,20.82016731,20.09390962,18.3930254
91,20.80840733,20.0818849,18.3789412
91.5,20.79668996,20.06991288,18.36494088
92,20.7850152,20.05799332,18.35102393
92.5,20.77338306,20.04612601,18.33718986
93,20.76179354,20.03431071,18.32343817
93.5,20.75024662,20.0225472,18.30976838
94,20.7387423,20.01083524,18.29618
94.5,20.72728055,19.99917462,18.28267253
95,20.71586137,19.98756511,18.26924551
95.5,20.70448472,19.97600648,18.25589844
96,20.69315058,19.96449851,18.24263087
96.5,20.68185893,19.95304099,18.2294423
97,20.67060972,19.94163369,18.21633227
97.5,20.65940293,19.93027639,18.20330032
98,20.64823851,19.91896888,18.19034597
98.5,20.63711643,19.90771093,18.17746877
99,20.62603664,19.89650233,18.16466825
99.5,20.61499908,19.88534286,18.15194397
100,20.60400372,19.8742323,18.13929546
100.5,20.5930505,19.86317045,18.12672228
101,20.58213935,19.8521571,18.11422397
101.5,20.57127023,19.84119201,18.10180009
102,20.56044307,19.830275,18.0894502
102.5,20.54965781,19.81940584,18.07717385
103,20.53891439,19.80858433,18.06497061
103.5,20.52821273,19.79781026,18.05284004
104,20.51755277,19.78708341,18.04078172
104.5,20.50693443,19.77640359,18.0287952
105,20.49635765,19.76577059,18.01688007
105.5,20.48582234,19.7551842,18.00503589
106,20.47532842,19.74464422,17.99326225
106.5,20.46487582,19.73415044,17.98155872
107,20.45446445,19.72370267,17.96992489
107.5,20.44409424,19.71330069,17.95836034
108,20.43376509,19.70294432,17.94686466
108.5,20.42347692,19.69263335,17.93543744
109,20.41322963,19.68236758,17.92407827
109.5,20.40302315,19.67214681,17.91278675
110,20.39285738,19.66197085,17.90156247
110.5,20.38273222,19.6518395,17.89040503
111,20.37264757,19.64175257,17.87931404
111.5,20.36260336,19.63170985,17.86828909
112,20.35259947,19.62171116,17.8573298
112.5,20.3426358,19.6117563,17.84643578
113,20.33271227,19.60184509,17.83560663
113.5,20.32282876,19.59197733,17.82484198
114,20.31298517,19.58215282,17.81414142
114.5,20.30318141,19.57237138,17.8035046
115,20.29341736,19.56263283,17.79293111
115.5,20.28369292,19.55293697,17.7824206
116,20.27400799,19.54328362,17.77197267
116.5,20.26436245,19.53367258,17.76158697
117,20.25475621,19.52410368,17.75126311
117.5,20.24518914,19.51457673,17.74100074
118,20.23566113,19.50509154,17.73079948
118.5,20.22617209,19.49564794,17.72065897
119,20.21672189,19.48624574,17.71057885
119.5,20.20731042,19.47688476,17.70055875
120,20.19793758,19.46756481,17.69059833
120.5,20.18860323,19.45828573,17.68069723
121,20.17930728,19.44904732,17.67085509
121.5,20.1700496,19.43984942,17.66107156
122,20.16083008,19.43069184,17.65134629
122.5,20.15164861,19.4215744,17.64167894
123,20.14250505,19.41249694,17.63206916
123.5,20.13339931,19.40345927,17.62251661
124,20.12433125,19.39446122,17.61302095
124.5,20.11530076,19.38550262,17.60358183
125,20.10630772,19.3765833,17.59419893
125.5,20.09735201,19.36770307,17.5848719
126,20.08843351,19.35886178,17.57560042
126.5,20.07955209,19.35005925,17.56638415
127,20.07070765,19.34129531,17.55722277
127.5,20.06190005,19.33256979,17.54811594
128,20.05312918,19.32388252,17.53906335
128.5,20.04439491,19.31523334,17.53006467
129,20.03569712,19.30662208,17.52111957
129.5,20.02703569,19.29804856,17.51222775
130,20.0184105,19.28951264,17.50338888
130.5,20.00982141,19.28101413,17.49460264
131,20.00126832,19.27255289,17.48586873
131.5,19.99275109,19.26412874,17.47718683
132,19.98426959,19.25574152,17.46855664
132.5,19.97582372,19.24739107,17.45997783
133,19.96741334,19.23907722,17.45145012
133.5,19.95903833,19.23079983,17.44297319
134,19.95069856,19.22255872,17.43454675
134.5,19.94239391,19.21435375,17.42617048
135,19.93412426,19.20618474,17.4178441
135.5,19.92588948,19.19805155,17.4095673
136,19.91768945,19.18995401,17.40133979
136.5,19.90952403,19.18189198,17.39316128
137,19.90139311,19.17386528,17.38503147
137.5,19.89329656,19.16587378,17.37695008
138,19.88523426,19.15791731,17.36891681
138.5,19.87720608,19.14999573,17.36093138
139,19.8692119,19.14210887,17.35299351
139.5,19.86125159,19.13425659,17.34510291
140,19.85332503,19.12643873,17.3372593
140.5,19.84543208,19.11865514,17.3294624
141,19.83757264,19.11090568,17.32171193
141.5,19.82974657,19.1031902,17.31400762
142,19.82195375,19.09550854,17.30634919
142.5,19.81419405,19.08786055,17.29873637
143,19.80646735,19.0802461,17.29116888
143.5,19.79877352,19.07266502,17.28364646
144,19.79111245,19.06511718,17.27616883
144.5,19.783484,19.05760244,17.26873574
145,19.77588805,19.05012063,17.26134691
145.5,19.76832449,19.04267163,17.25400208
146,19.76079318,19.03525528,17.246701
146.5,19.753294,19.02787145,17.23944339
147,19.74582683,19.02051999,17.232229
147.5,19.73839154,19.01320076,17.22505758
148,19.73098802,19.00591361,17.21792886
148.5,19.72361613,18.99865841,17.2108426
149,19.71627576,18.99143502,17.20379854
149.5,19.70896679,18.9842433,17.19679642
150,19.70168909,18.9770831,17.18983601
150.5,19.69444254,18.9699543,17.18291704
151,19.68722701,18.96285675,17.17603928
151.5,19.6800424,18.95579031,17.16920248
152,19.67288856,18.94875486,17.16240639
152.5,19.6657654,18.94175025,17.15565077
153,19.65867277,18.93477634,17.14893539
153.5,19.65161057,18.92783301,17.14226
154,19.64457867,18.92092012,17.13562436
154.5,19.63757695,18.91403754,17.12902823
155,19.63060529,18.90718513,17.12247139
155.5,19.62366358,18.90036276,17.1159536
156,19.61675169,18.8935703,17.10947461
156.5,19.6098695,18.88680762,17.10303422
157,19.6030169,18.88007459,17.09663218
157.5,19.59619376,18.87337107,17.09026826
158,19.58939997,18.86669694,17.08394224
158.5,19.58263541,18.86005208,17.07765389
159,19.57589997,18.85343634,17.07140299
159.5,19.56919352,18.84684961,17.06518932
160,19.56251595,18.84029175,17.05901265
160.5,19.55586714,18.83376265,17.05287277
161,19.54924697,18.82726216,17.04676945
161.5,19.54265534,18.82079018,17.04070247
162,19.53609211,18.81434657,17.03467163
162.5,19.52955719,18.80793121,17.0286767
163,19.52305044,18.80154397,17.02271747
163.5,19.51657177,18.79518474,17.01679373
164,19.51012104,18.78885338,17.01090526
164.5,19.50369816,18.78254978,17.00505187
165,19.497303,18.77627382,16.99923333
165.5,19.49093545,18.77002537,16.99344944
166,19.4845954,18.76380432,16.9877
166.5,19.47828273,18.75761053,16.98198479
167,19.47199733,18.7514439,16.97630362
167.5,19.4657391,18.74530431,16.97065629
168,19.45950791,18.73919163,16.96504258
168.5,19.45330366,18.73310575,16.95946231
169,19.44712623,18.72704655,16.95391526
169.5,19.44097552,18.72101392,16.94840125
170,19.43485142,18.71500773,16.94292008
170.5,19.4287538,18.70902787,16.93747155
171,19.42268257,18.70307423,16.93205546
171.5,19.41663762,18.69714669,16.92667163
172,19.41061882,18.69124514,16.92131986
172.5,19.40462609,18.68536946,16.91599997
173,19.3986593,18.67951954,16.91071175
173.5,19.39271836,18.67369526,16.90545503
174,19.38680314,18.66789652,16.90022961
174.5,19.38091355,18.6621232,16.89503531
175,19.37504948,18.65637519,16.88987194
175.5,19.36921082,18.65065238,16.88473932
176,19.36339746,18.64495466,16.87963727
176.5,19.3576093,18.63928192,16.8745656
177,19.35184624,18.63363405,16.86952413
177.5,19.34610816,18.62801094,16.86451269
178,19.34039497,18.62241248,16.85953109
178.5,19.33470656,18.61683856,16.85457915
179,19.32904282,18.61128908,16.84965671
179.5,19.32340365,18.60576393,16.84476358
180,19.31778895,18.600263,16.83989959
180.5,19.31219861,18.59478619,16.83506457
181,19.30663254,18.58933339,16.83025834
181.5,19.30109062,18.58390449,16.82548073
182,19.29557276,18.5784994,16.82073157
182.5,19.29007886,18.573118,16.8160107
183,19.28460882,18.56776019,16.81131794
183.5,19.27916253,18.56242587,16.80665312
184,19.27373989,18.55711494,16.80201609
184.5,19.2683408,18.55182729,16.79740667
185,19.26296517,18.54656282,16.7928247
185.5,19.2576129,18.54132143,16.78827002
186,19.25228388,18.53610302,16.78374246
186.5,19.24697801,18.53090749,16.77924186
187,19.24169521,18.52573474,16.77476806
187.5,19.23643536,18.52058466,16.77032091
188,19.23119838,18.51545716,16.76590024
188.5,19.22598417,18.51035214,16.7615059
189,19.22079262,18.5052695,16.75713773
189.5,19.21562365,18.50020914,16.75279557
190,19.21047715,18.49517097,16.74847926
190.5,19.20535304,18.49015489,16.74418867
191,19.20025121,18.48516079,16.73992362
191.5,19.19517157,18.48018859,16.73568397
192,19.19011403,18.47523819,16.73146957
192.5,19.18507848,18.47030949,16.72728027
193,19.18006485,18.4654024,16.72311592
193.5,19.17507303,18.46051682,16.71897637
194,19.17010293,18.45565266,16.71486146
194.5,19.16515447,18.45080983,16.71077107
195,19.16022753,18.44598822,16.70670503
195.5,19.15532204,18.44118776,16.70266321
196,19.1504379,18.43640834,16.69864545
196.5,19.14557503,18.43164987,16.69465163
197,19.14073332,18.42691226,16.69068158
197.5,19.13591269,18.42219543,16.68673518
198,19.13111305,18.41749927,16.68281228
198.5,19.12633431,18.4128237,16.67891274
199,19.12157638,18.40816863,16.67503643
199.5,19.11683917,18.40353396,16.6711832
200,19.11212259,18.39891962,16.66735291
200.5,19.10742655,18.3943255,16.66354544
201,19.10275096,18.38975153,16.65976064
201.5,19.09809575,18.38519761,16.65599838
202,19.09346081,18.38066365,16.65225853
202.5,19.08884606,18.37614957,16.64854094
203,19.08425142,18.37165528,16.6448455
203.5,19.0796768,18.36718069,16.64117206
204,19.0751221,18.36272572,16.6375205
204.5,19.07058726,18.35829028,16.63389068
205,19.06607218,18.35387428,16.63028248
205.5,19.06157677,18.34947765,16.62669577
206,19.05710095,18.34510029,16.62313042
206.5,19.05264465,18.34074212,16.6195863
207,19.04820776,18.33640305,16.61606328
207.5,19.04379021,18.33208301,16.61256125
208,19.03939193,18.32778191,16.60908007
208.5,19.03501281,18.32349967,16.60561962
209,19.03065278,18.31923619,16.60217978
209.5,19.02631176,18.31499141,16.59876043
210,19.02198967,18.31076524,16.59536144
210.5,19.01768642,18.3065576,16.59198269
211,19.01340194,18.3023684,16.58862406
211.5,19.00913613,18.29819757,16.58528543
212,19.00488893,18.29404502,16.58196668
212.5,19.00066025,18.28991068,16.5786677
213,18.99645001,18.28579446,16.57538837
213.5,18.99225813,18.28169629,16.57212856
214,18.98808454,18.27761609,16.56888816
214.5,18.98392914,18.27355377,16.56566707
215,18.97979187,18.26950926,16.56246515
215.5,18.97567265,18.26548249,16.55928231
216,18.97157139,18.26147337,16.55611841
216.5,18.96748803,18.25748182,16.55297336
217,18.96342247,18.25350777,16.54984704
217.5,18.95937466,18.24955115,16.54673934
218,18.9553445,18.24561187,16.54365014
218.5,18.95133192,18.24168986,16.54057935
219,18.94733685,18.23778504,16.53752683
219.5,18.94335921,18.23389735,16.5344925
220,18.93939892,18.2300267,16.53147624
220.5,18.93545592,18.22617301,16.52847793
221,18.93153012,18.22233622,16.52549749
221.5,18.92762145,18.21851626,16.52253479
222,18.92372983,18.21471303,16.51958974
222.5,18.9198552,18.21092649,16.51666222
223,18.91599748,18.20715654,16.51375214
223.5,18.91215659,18.20340312,16.51085939
224,18.90833246,18.19966616,16.50798387
224.5,18.90452503,18.19594557,16.50512547
225,18.90073421,18.1922413,16.50228409
225.5,18.89695993,18.18855327,16.49945964
226,18.89320213,18.18488141,16.496652
226.5,18.88946073,18.18122565,16.49386108
227,18.88573567,18.17758591,16.49108679
227.5,18.88202686,18.17396213,16.48832901
228,18.87833424,18.17035423,16.48558766
228.5,18.87465774,18.16676216,16.48286264
229,18.87099728,18.16318583,16.48015384
229.5,18.86735281,18.15962518,16.47746117
230,18.86372425,18.15608014,16.47478454
230.5,18.86011153,18.15255064,16.47212385
231,18.85651458,18.14903661,16.46947901
231.5,18.85293333,18.14553799,16.46684991
232,18.84936772,18.14205471,16.46423647
232.5,18.84581767,18.1385867,16.4616386
233,18.84228313,18.13513389,16.45905619
233.5,18.83876401,18.13169622,16.45648917
234,18.83526026,18.12827362,16.45393743
234.5,18.83177181,18.12486603,16.45140089
235,18.8282986,18.12147337,16.44887945
235.5,18.82484054,18.11809559,16.44637303
236,18.82139759,18.11473262,16.44388154
236.5,18.81796967,18.11138439,16.44140488
237,18.81455672,18.10805084,16.43894297
237.5,18.81115868,18.1047319,16.43649572
238,18.80777547,18.10142751,16.43406305
238.5,18.80440703,18.09813761,16.43164486
239,18.80105331,18.09486214,16.42924108
239.5,18.79771423,18.09160102,16.42685161
240,18.79438973,18.0883542,16.42447637
240.5,18.79107976,18.08512161,16.42211527
241,18.78778423,18.0819032,16.41976824
241.5,18.7845031,18.07869889,16.41743518
242,18.7812363,18.07550864,16.41511601
242.5,18.77798377,18.07233237,16.41281066
243,18.77474544,18.06917002,16.41051904
243.5,18.77152126,18.06602154,16.40824106
244,18.76831116,18.06288686,16.40597665
244.5,18.76511508,18.05976592,16.40372572
245,18.76193296,18.05665867,16.4014882
245.5,18.75876474,18.05356504,16.399264
246,18.75561035,18.05048497,16.39705305
246.5,18.75246974,18.0474184,16.39485527
247,18.74934286,18.04436528,16.39267057
247.5,18.74622963,18.04132554,16.39049889
248,18.74313,18.03829913,16.38834013
248.5,18.7400439,18.03528599,16.38619424
249,18.73697129,18.03228605,16.38406112
249.5,18.7339121,18.02929927,16.3819407
250,18.73086628,18.02632559,16.37983292
250.5,18.72783376,18.02336494,16.37773768
251,18.72481448,18.02041726,16.37565492
251.5,18.7218084,18.01748252,16.37358457
252,18.71881545,18.01456063,16.37152654
252.5,18.71583557,18.01165156,16.36948077
253,18.71286871,18.00875524,16.36744719
253.5,18.70991481,18.00587162,16.36542571
254,18.70697381,18.00300064,16.36341628
254.5,18.70404567,18.00014225,16.36141881
255,18.70113031,17.99729639,16.35943323
255.5,18.6982277,17.994463,16.35745948
256,18.69533776,17.99164204,16.35549748
256.5,18.69246045,17.98883344,16.35354717
257,18.68959571,17.98603716,16.35160847
257.5,18.68674348,17.98325313,16.34968132
258,18.68390372,17.98048131,16.34776564
258.5,18.68107636,17.97772164,16.34586137
259,18.67826136,17.97497408,16.34396845
259.5,18.67545865,17.97223855,16.34208679
260,18.67266819,17.96951502,16.34021634
260.5,18.66988992,17.96680343,16.33835703
261,18.66712379,17.96410373,16.33650879
261.5,18.66436975,17.96141586,16.33467156
262,18.66162774,17.95873977,16.33284527
262.5,18.6588977,17.95607542,16.33102986
263,18.6561796,17.95342275,16.32922525
263.5,18.65347338,17.95078171,16.3274314
264,18.65077897,17.94815225,16.32564822
264.5,18.64809634,17.94553431,16.32387567
265,18.64542544,17.94292785,16.32211367
265.5,18.6427662,17.94033282,16.32036217
266,18.64011858,17.93774916,16.31862109
266.5,18.63748253,17.93517683,16.31689038
267,18.634858,17.93261578,16.31516998
267.5,18.63224494,17.93006596,16.31345983
268,18.62964329,17.92752731,16.31175986
268.5,18.62705301,17.9249998,16.31007001
269,18.62447405,17.92248336,16.30839023
269.5,18.62190636,17.91997796,16.30672045
270,18.61934989,17.91748354,16.30506062
270.5,18.6168046,17.91500006,16.30341066
271,18.61427042,17.91252746,16.30177054
271.5,18.61174731,17.91006571,16.30014018
272,18.60923524,17.90761474,16.29851953
272.5,18.60673414,17.90517453,16.29690853
273,18.60424396,17.90274501,16.29530713
273.5,18.60176467,17.90032614,16.29371526
274,18.59929622,17.89791787,16.29213288
274.5,18.59683855,17.89552017,16.29055991
275,18.59439162,17.89313297,16.28899632
275.5,18.59195538,17.89075624,16.28744203
276,18.58952979,17.88838993,16.285897
276.5,18.5871148,17.886034,16.28436117
277,18.58471036,17.88368839,16.28283449
277.5,18.58231643,17.88135306,16.2813169
278,18.57993296,17.87902798,16.27980835
278.5,18.57755991,17.87671309,16.27830878
279,18.57519723,17.87440834,16.27681814
279.5,18.57284487,17.8721137,16.27533638
280,18.57050279,17.86982912,16.27386344
280.5,18.56817095,17.86755456,16.27239928
281,18.5658493,17.86528996,16.27094383
281.5,18.56353779,17.8630353,16.26949705
282,18.56123638,17.86079052,16.26805889
282.5,18.55894504,17.85855558,16.26662929
283,18.5566637,17.85633044,16.2652082
283.5,18.55439234,17.85411505,16.26379558
284,18.5521309,17.85190938,16.26239137
284.5,18.54987934,17.84971337,16.26099553
285,18.54763763,17.847527,16.25960799
285.5,18.54540571,17.84535021,16.25822872
286,18.54318354,17.84318296,16.25685766
286.5,18.54097109,17.84102521,16.25549477
287,18.5387683,17.83887692,16.25413999
287.5,18.53657515,17.83673805,16.25279328
288,18.53439157,17.83460856,16.25145459
288.5,18.53221754,17.83248841,16.25012388
289,18.53005301,17.83037754,16.24880109
289.5,18.52789794,17.82827594,16.24748617
290,18.52575229,17.82618354,16.24617909
290.5,18.52361602,17.82410032,16.24487979
291,18.52148908,17.82202623,16.24358823
291.5,18.51937144,17.81996124,16.24230435
292,18.51726305,17.8179053,16.24102813
292.5,18.51516388,17.81585837,16.2397595
293,18.51307388,17.81382041,16.23849843
293.5,18.51099302,17.81179139,16.23724487
294,18.50892125,17.80977127,16.23599878
294.5,18.50685853,17.80776,16.23476011
295,18.50480483,17.80575755,16.23352881
295.5,18.50276011,17.80376387,16.23230484
296,18.50072432,17.80177894,16.23108817
296.5,18.49869743,17.79980271,16.22987874
297,18.49667939,17.79783514,16.22867651
297.5,18.49467018,17.7958762,16.22748144
298,18.49266975,17.79392585,16.22629349
298.5,18.49067806,17.79198405,16.22511261
299,18.48869508,17.79005076,16.22393877
299.5,18.48672076,17.78812595,16.22277191
300,18.48475507,17.78620957,16.22161201
300.5,18.48279797,17.7843016,16.22045901
301,18.48084943,17.78240199,16.21931288
301.5,18.4789094,17.78051071,16.21817357
302,18.47697785,17.77862772,16.21704105
302.5,18.47505474,17.77675298,16.21591527
303,18.47314004,17.77488647,16.2147962
303.5,18.47123371,17.77302813,16.21368379
304,18.46933571,17.77117795,16.21257801
304.5,18.467446,17.76933587,16.21147881
305,18.46556455,17.76750187,16.21038615
305.5,18.46369133,17.76567592,16.20930001
306,18.46182629,17.76385796,16.20822033
306.5,18.45996941,17.76204798,16.20714708
307,18.45812064,17.76024593,16.20608023
307.5,18.45627995,17.75845178,16.20501972
308,18.4544473,17.7566655,16.20396554
308.5,18.45262267,17.75488705,16.20291763
309,18.45080601,17.75311639,16.20187596
309.5,18.44899729,17.7513535,16.20084049
310,18.44719648,17.74959834,16.19981119
310.5,18.44540353,17.74785087,16.19878802
311,18.44361843,17.74611106,16.19777094
311.5,18.44184112,17.74437888,16.19675992
312,18.44007158,17.74265429,16.19575493
312.5,18.43830978,17.74093727,16.19475591
313,18.43655568,17.73922777,16.19376285
313.5,18.43480924,17.73752577,16.1927757
314,18.43307044,17.73583122,16.19179442
314.5,18.43133924,17.73414411,16.190819
315,18.4296156,17.73246439,16.18984938
315.5,18.4278995,17.73079204,16.18888553
316,18.42619089,17.72912702,16.18792743
316.5,18.42448976,17.7274693,16.18697503
317,18.42279606,17.72581884,16.1860283
317.5,18.42110977,17.72417562,16.18508721
318,18.41943084,17.72253961,16.18415172
318.5,18.41775925,17.72091077,16.18322181
319,18.41609497,17.71928907,16.18229743
319.5,18.41443796,17.71767447,16.18137856
320,18.4127882,17.71606696,16.18046516
320.5,18.41114564,17.71446649,16.1795572
321,18.40951027,17.71287305,16.17865465
321.5,18.40788204,17.71128658,16.17775747
322,18.40626093,17.70970707,16.17686563
322.5,18.4046469,17.70813449,16.17597911
323,18.40303993,17.7065688,16.17509786
323.5,18.40143999,17.70500997,16.17422187
324,18.39984703,17.70345798,16.17335108
324.5,18.39826104,17.70191279,16.17248549
325,18.39668198,17.70037438,16.17162505
325.5,18.39510983,17.69884271,16.17076973
326,18.39354454,17.69731776,16.16991951
326.5,18.3919861,17.69579949,16.16907435
327,18.39043446,17.69428787,16.16823423
327.5,18.38888961,17.69278289,16.1673991
328,18.38735151,17.6912845,16.16656896
328.5,18.38582014,17.68979268,16.16574375
329,18.38429546,17.6883074,16.16492346
329.5,18.38277744,17.68682864,16.16410805
330,18.38126606,17.68535635,16.1632975
330.5,18.37976128,17.68389052,16.16249178
331,18.37826308,17.68243112,16.16169085
331.5,18.37677143,17.68097811,16.1608947
332,18.37528629,17.67953148,16.16010328
332.5,18.37380765,17.67809118,16.15931658
333,18.37233548,17.6766572,16.15853456
333.5,18.37086973,17.67522951,16.15775721
334,18.3694104,17.67380808,16.15698448
334.5,18.36795744,17.67239288,16.15621635
335,18.36651083,17.67098388,16.15545279
335.5,18.36507055,17.66958106,16.15469379
336,18.36363656,17.66818439,16.1539393
336.5,18.36220884,17.66679384,16.15318931
337,18.36078736,17.66540939,16.15244378
337.5,18.35937209,17.66403101,16.15170269
338,18.35796301,17.66265867,16.15096602
338.5,18.35656009,17.66129235,16.15023373
339,18.3551633,17.65993202,16.1495058
339.5,18.35377261,17.65857765,16.14878221
340,18.352388,17.65722922,16.14806293
340.5,18.35100945,17.6558867,16.14734793
341,18.34963692,17.65455006,16.14663719
341.5,18.34827039,17.65321929,16.14593068
342,18.34690983,17.65189435,16.14522838
342.5,18.34555522,17.65057522,16.14453026
343,18.34420653,17.64926187,16.1438363
343.5,18.34286374,17.64795428,16.14314647
344,18.34152681,17.64665242,16.14246075
344.5,18.34019573,17.64535627,16.14177912
345,18.33887047,17.6440658,16.14110154
345.5,18.33755099,17.64278099,16.140428
346,18.33623729,17.64150182,16.13975847
346.5,18.33492933,17.64022825,16.13909292
347,18.33362708,17.63896026,16.13843134
347.5,18.33233053,17.63769783,16.1377737
348,18.33103965,17.63644094,16.13711998
348.5,18.3297544,17.63518956,16.13647015
349,18.32847478,17.63394366,16.13582419
349.5,18.32720074,17.63270322,16.13518207
350,18.32593228,17.63146823,16.13454378
350.5,18.32466936,17.63023865,16.13390929
351,18.32341196,17.62901445,16.13327858
351.5,18.32216006,17.62779563,16.13265163
352,18.32091363,17.62658215,16.1320284
352.5,18.31967264,17.62537399,16.13140889
353,18.31843709,17.62417112,16.13079307
353.5,18.31720693,17.62297353,16.13018092
354,18.31598215,17.62178119,16.12957241
354.5,18.31476272,17.62059407,16.12896753
355,18.31354862,17.61941216,16.12836625
355.5,18.31233983,17.61823544,16.12776855
356,18.31113632,17.61706387,16.1271744
356.5,18.30993807,17.61589743,16.1265838
357,18.30874506,17.61473611,16.12599671
357.5,18.30755727,17.61357989,16.12541312
358,18.30637466,17.61242873,16.12483301
358.5,18.30519723,17.61128261,16.12425635
359,18.30402494,17.61014153,16.12368312
359.5,18.30285778,17.60900544,16.12311331
360,18.30169572,17.60787434,16.12254689
360.5,18.30053873,17.60674819,16.12198385
361,18.29938681,17.60562698,16.12142416
361.5,18.29823992,17.60451069,16.1208678
362,18.29709804,17.60339929,16.12031475
362.5,18.29596115,17.60229276,16.119765
363,18.29482923,17.60119109,16.11921852
363.5,18.29370226,17.60009424,16.11867529
364,18.29258022,17.5990022,16.1181353
364.5,18.29146308,17.59791495,16.11759853
365,18.29035082,17.59683247,16.11706495
365.5,18.28924343,17.59575473,16.11653455
366,18.28814087,17.59468172,16.11600731
366.5,18.28704314,17.59361341,16.11548321
367,18.2859502,17.59254978,16.11496223
367.5,18.28486204,17.59149082,16.11444436
368,18.28377864,17.5904365,16.11392956
368.5,18.28269997,17.5893868,16.11341783
369,18.28162602,17.58834171,16.11290915
369.5,18.28055676,17.58730119,16.1124035
370,18.27949217,17.58626524,16.11190086
370.5,18.27843224,17.58523383,16.11140122
371,18.27737694,17.58420694,16.11090455
371.5,18.27632625,17.58318455,16.11041083
372,18.27528016,17.58216665,16.10992006
372.5,18.27423864,17.5811532,16.10943221
373,18.27320167,17.5801442,16.10894726
373.5,18.27216923,17.57913963,16.10846521
374,18.27114131,17.57813946,16.10798602
374.5,18.27011788,17.57714367,16.10750969
375,18.26909892,17.57615225,16.10703619
375.5,18.26808442,17.57516517,16.10656552
376,18.26707435,17.57418242,16.10609764
376.5,18.26606869,17.57320399,16.10563256
377,18.26506743,17.57222984,16.10517024
377.5,18.26407055,17.57125996,16.10471067
378,18.26307803,17.57029433,16.10425385
378.5,18.26208984,17.56933294,16.10379974
379,18.26110597,17.56837576,16.10334834
379.5,18.26012641,17.56742277,16.10289962
380,18.25915112,17.56647397,16.10245358
380.5,18.2581801,17.56552932,16.1020102
381,18.25721332,17.56458882,16.10156945
381.5,18.25625077,17.56365244,16.10113133
382,18.25529242,17.56272016,16.10069582
382.5,18.25433827,17.56179197,16.1002629
383,18.25338828,17.56086786,16.09983256
383.5,18.25244245,17.55994779,16.09940478
384,18.25150075,17.55903175,16.09897955
384.5,18.25056317,17.55811973,16.09855686
385,18.24962968,17.55721171,16.09813668
385.5,18.24870028,17.55630768,16.097719
386,18.24777494,17.5554076,16.09730381
386.5,18.24685364,17.55451147,16.09689109
387,18.24593637,17.55361927,16.09648083
387.5,18.24502311,17.55273098,16.09607301
388,18.24411384,17.55184658,16.09566762
388.5,18.24320855,17.55096606,16.09526465
389,18.24230721,17.55008941,16.09486407
389.5,18.24140981,17.54921659,16.09446589
390,18.24051634,17.5483476,16.09407007
390.5,18.23962677,17.54748242,16.09367661
391,18.23874109,17.54662104,16.09328549
391.5,18.23785928,17.54576343,16.0928967
392,18.23698132,17.54490958,16.09251023
392.5,18.2361072,17.54405947,16.09212606
393,18.2352369,17.54321309,16.09174418
393.5,18.23437041,17.54237043,16.09136457
394,18.2335077,17.54153145,16.09098722
394.5,18.23264877,17.54069615,16.09061212
395,18.23179359,17.53986452,16.09023925
395.5,18.23094215,17.53903653,16.0898686
396,18.23009442,17.53821217,16.08950016
396.5,18.22925041,17.53739143,16.08913392
397,18.22841008,17.53657428,16.08876985
397.5,18.22757343,17.53576072,16.08840795
398,18.22674043,17.53495072,16.08804821
398.5,18.22591108,17.53414427,16.08769061
399,18.22508535,17.53334136,16.08733514
399.5,18.22426322,17.53254197,16.08698179
400,18.2234447,17.53174609,16.08663054
400.5,18.22262975,17.53095369,16.08628139
401,18.22181836,17.53016477,16.08593431
401.5,18.22101052,17.5293793,16.0855893
402,18.22020621,17.52859728,16.08524634
402.5,18.21940541,17.52781869,16.08490543
403,18.21860812,17.52704351,16.08456655
403.5,18.21781431,17.52627173,16.08422968
404,18.21702397,17.52550333,16.08389482
404.5,18.21623708,17.5247383,16.08356196
405,18.21545364,17.52397663,16.08323108
405.5,18.21467362,17.52321829,16.08290216
406,18.21389701,17.52246328,16.08257521
406.5,18.21312379,17.52171158,16.0822502
407,18.21235395,17.52096318,16.08192713
407.5,18.21158748,17.52021805,16.08160599
408,18.21082436,17.51947619,16.08128675
408.5,18.21006457,17.51873759,16.08096942
409,18.20930811,17.51800222,16.08065398
409.5,18.20855495,17.51727008,16.08034041
410,18.20780508,17.51654114,16.08002871
410.5,18.20705849,17.51581541,16.07971887
411,18.20631516,17.51509285,16.07941088
411.5,18.20557509,17.51437346,16.07910471
412,18.20483825,17.51365723,16.07880037
412.5,18.20410462,17.51294413,16.07849785
413,18.20337421,17.51223416,16.07819712
413.5,18.20264699,17.51152731,16.07789819
414,18.20192294,17.51082355,16.07760104
414.5,18.20120207,17.51012288,16.07730565
415,18.20048434,17.50942528,16.07701203
415.5,18.19976975,17.50873073,16.07672015
416,18.19905828,17.50803924,16.07643001
416.5,18.19834992,17.50735077,16.0761416
417,18.19764466,17.50666532,16.07585491
417.5,18.19694248,17.50598288,16.07556992
418,18.19624338,17.50530343,16.07528664
418.5,18.19554732,17.50462696,16.07500503
419,18.19485431,17.50395346,16.07472511
419.5,18.19416433,17.5032829,16.07444685
420,18.19347736,17.50261529,16.07417025
420.5,18.1927934,17.5019506,16.0738953
421,18.19211243,17.50128883,16.07362198
421.5,18.19143443,17.50062996,16.0733503
422,18.1907594,17.49997397,16.07308023
422.5,18.19008732,17.49932087,16.07281176
423,18.18941817,17.49867062,16.0725449
423.5,18.18875195,17.49802323,16.07227963
424,18.18808864,17.49737868,16.07201593
424.5,18.18742823,17.49673695,16.07175381
425,18.18677071,17.49609803,16.07149325
425.5,18.18611606,17.49546192,16.07123424
426,18.18546428,17.49482859,16.07097677
426.5,18.18481534,17.49419804,16.07072083
427,18.18416924,17.49357026,16.07046642
427.5,18.18352596,17.49294522,16.07021353
428,18.1828855,17.49232293,16.06996214
428.5,18.18224783,17.49170337,16.06971224
429,18.18161295,17.49108652,16.06946384
429.5,18.18098085,17.49047237,16.06921691
430,18.18035151,17.48986092,16.06897146
430.5,18.17972492,17.48925215,16.06872746
431,18.17910107,17.48864605,16.06848492
431.5,18.17847994,17.4880426,16.06824383
432,18.17786153,17.4874418,16.06800417
432.5,18.17724583,17.48684364,16.06776594
433,18.17663281,17.4862481,16.06752912
433.5,18.17602248,17.48565516,16.06729372
434,18.17541481,17.48506483,16.06705972
434.5,18.1748098,17.48447709,16.06682711
435,18.17420743,17.48389192,16.06659588
435.5,18.1736077,17.48330931,16.06636604
436,18.17301058,17.48272927,16.06613756
436.5,18.17241608,17.48215176,16.06591044
437,18.17182418,17.48157679,16.06568468
437.5,18.17123486,17.48100433,16.06546026
438,18.17064812,17.48043439,16.06523718
438.5,18.17006394,17.47986694,16.06501542
439,18.16948232,17.47930199,16.06479499
439.5,18.16890324,17.47873951,16.06457587
440,18.16832669,17.47817949,16.06435805
440.5,18.16775266,17.47762193,16.06414153
441,18.16718114,17.47706682,16.0639263
441.5,18.16661212,17.47651414,16.06371235
442,18.16604558,17.47596388,16.06349968
442.5,18.16548152,17.47541603,16.06328827
443,18.16491993,17.47487059,16.06307812
443.5,18.16436079,17.47432754,16.06286922
444,18.1638041,17.47378686,16.06266157
444.5,18.16324984,17.47324856,16.06245515
445,18.162698,17.47271262,16.06224997
445.5,18.16214857,17.47217903,16.062046
446,18.16160155,17.47164778,16.06184325
446.5,18.16105691,17.47111885,16.06164171
447,18.16051466,17.47059225,16.06144136
447.5,18.15997478,17.47006795,16.06124221
448,18.15943725,17.46954595,16.06104425
448.5,18.15890208,17.46902624,16.06084747
449,18.15836925,17.46850881,16.06065185
449.5,18.15783874,17.46799365,16.0604574
450,18.15731055,17.46748074,16.06026411
450.5,18.15678468,17.46697009,16.06007197
451,18.1562611,17.46646167,16.05988098
451.5,18.15573981,17.46595548,16.05969112
452,18.15522079,17.46545151,16.05950239
452.5,18.15470405,17.46494976,16.05931479
453,18.15418957,17.4644502,16.05912831
453.5,18.15367733,17.46395283,16.05894293
454,18.15316733,17.46345764,16.05875866
454.5,18.15265957,17.46296462,16.05857549
455,18.15215402,17.46247376,16.0583934
455.5,18.15165068,17.46198506,16.0582124
456,18.15114954,17.4614985,16.05803248
456.5,18.15065059,17.46101407,16.05785363
457,18.15015383,17.46053176,16.05767585
457.5,18.14965923,17.46005157,16.05749912
458,18.1491668,17.45957348,16.05732345
458.5,18.14867651,17.45909749,16.05714882
459,18.14818838,17.45862359,16.05697524
459.5,18.14770237,17.45815177,16.05680268
460,18.14721849,17.45768201,16.05663116
460.5,18.14673673,17.45721431,16.05646065
461,18.14625707,17.45674866,16.05629116
461.5,18.1457795,17.45628506,16.05612268
462,18.14530403,17.45582348,16.05595521
462.5,18.14483063,17.45536393,16.05578873
463,18.1443593,17.4549064,16.05562324
463.5,18.14389003,17.45445087,16.05545874
464,18.14342282,17.45399734,16.05529522
464.5,18.14295764,17.45354579,16.05513267
465,18.1424945,17.45309623,16.05497109
465.5,18.14203338,17.45264864,16.05481047
466,18.14157428,17.45220301,16.05465081
466.5,18.14111719,17.45175933,16.0544921
467,18.14066209,17.4513176,16.05433433
467.5,18.14020898,17.4508778,16.05417751
468,18.13975786,17.45043993,16.05402161
468.5,18.1393087,17.45000398,16.05386665
469,18.13886151,17.44956995,16.05371261
469.5,18.13841627,17.44913781,16.05355949
470,18.13797298,17.44870757,16.05340727
470.5,18.13753163,17.44827922,16.05325597
471,18.13709221,17.44785274,16.05310556
471.5,18.1366547,17.44742814,16.05295606
472,18.13621911,17.44700539,16.05280744
472.5,18.13578542,17.4465845,16.0526597
473,18.13535363,17.44616546,16.05251285
473.5,18.13492373,17.44574825,16.05236687
474,18.1344957,17.44533287,16.05222176
474.5,18.13406955,17.44491931,16.05207752
475,18.13364526,17.44450757,16.05193413
475.5,18.13322282,17.44409763,16.0517916
476,18.13280223,17.44368948,16.05164991
476.5,18.13238348,17.44328313,16.05150907
477,18.13196656,17.44287856,16.05136907
477.5,18.13155146,17.44247576,16.05122991
478,18.13113817,17.44207472,16.05109157
478.5,18.1307267,17.44167545,16.05095405
479,18.13031702,17.44127793,16.05081736
479.5,18.12990913,17.44088214,16.05068147
480,18.12950302,17.4404881,16.0505464
480.5,18.12909869,17.44009578,16.05041213
481,18.12869613,17.43970518,16.05027866
481.5,18.12829532,17.43931629,16.05014599
482,18.12789627,17.43892911,16.05001411
482.5,18.12749896,17.43854363,16.04988301
483,18.12710339,17.43815983,16.04975269
483.5,18.12670955,17.43777772,16.04962315
484,18.12631743,17.43739728,16.04949438
484.5,18.12592702,17.43701852,16.04936638
485,18.12553832,17.43664141,16.04923913
485.5,18.12515132,17.43626595,16.04911265
486,18.12476601,17.43589214,16.04898692
486.5,18.12438238,17.43551997,16.04886194
487,18.12400044,17.43514944,16.0487377
487.5,18.12362016,17.43478052,16.04861421
488,18.12324154,17.43441323,16.04849144
488.5,18.12286458,17.43404754,16.04836941
489,18.12248926,17.43368346,16.04824811
489.5,18.12211559,17.43332097,16.04812753
490,18.12174355,17.43296007,16.04800766
490.5,18.12137313,17.43260075,16.04788851
491,18.12100434,17.43224301,16.04777007
491.5,18.12063716,17.43188684,16.04765234
492,18.12027158,17.43153223,16.04753531
492.5,18.1199076,17.43117918,16.04741897
493,18.11954521,17.43082767,16.04730333
493.5,18.1191844,17.4304777,16.04718837
494,18.11882517,17.43012927,16.0470741
494.5,18.11846752,17.42978236,16.04696051
495,18.11811142,17.42943698,16.0468476
495.5,18.11775688,17.42909311,16.04673536
496,18.11740389,17.42875074,16.04662378
496.5,18.11705245,17.42840988,16.04651287
497,18.11670254,17.42807051,16.04640263
497.5,18.11635416,17.42773263,16.04629303
498,18.1160073,17.42739624,16.0461841
498.5,18.11566196,17.42706131,16.04607581
499,18.11531813,17.42672786,16.04596816
499.5,18.1149758,17.42639586,16.04586116
500,18.11463497,17.42606532,16.04575479
500.5,18.11429562,17.42573624,16.04564906
501,18.11395777,17.42540859,16.04554395
501.5,18.11362138,17.42508238,16.04543948
502,18.11328647,17.4247576,16.04533562
502.5,18.11295302,17.42443424,16.04523238
503,18.11262103,17.42411231,16.04512976
503.5,18.11229049,17.42379178,16.04502775
504,18.1119614,17.42347266,16.04492635
504.5,18.11163374,17.42315494,16.04482555
505,18.11130752,17.42283861,16.04472535
505.5,18.11098272,17.42252366,16.04462574
506,18.11065934,17.4222101,16.04452673
506.5,18.11033737,17.42189791,16.04442831
507,18.11001681,17.42158709,16.04433048
507.5,18.10969766,17.42127764,16.04423323
508,18.1093799,17.42096954,16.04413656
508.5,18.10906352,17.42066279,16.04404046
509,18.10874853,17.42035739,16.04394494
509.5,18.10843492,17.42005332,16.04384998
510,18.10812268,17.41975059,16.04375559
510.5,18.1078118,17.41944918,16.04366176
511,18.10750228,17.4191491,16.0435685
511.5,18.10719412,17.41885033,16.04347578
512,18.1068873,17.41855287,16.04338362
512.5,18.10658182,17.41825672,16.04329201
513,18.10627768,17.41796186,16.04320094
513.5,18.10597486,17.4176683,16.04311042
514,18.10567338,17.41737602,16.04302043
514.5,18.1053732,17.41708503,16.04293098
515,18.10507434,17.41679531,16.04284206
515.5,18.10477679,17.41650686,16.04275368
516,18.10448054,17.41621968,16.04266582
516.5,18.10418558,17.41593375,16.04257848
517,18.10389191,17.41564908,16.04249166
517.5,18.10359953,17.41536566,16.04240536
518,18.10330842,17.41508347,16.04231957
518.5,18.10301859,17.41480253,16.0422343
519,18.10273002,17.41452282,16.04214953
519.5,18.10244271,17.41424433,16.04206527
520,18.10215666,17.41396707,16.0419815
520.5,18.10187186,17.41369102,16.04189824
521,18.10158831,17.41341618,16.04181547
521.5,18.10130599,17.41314254,16.0417332
522,18.10102491,17.41287011,16.04165142
522.5,18.10074506,17.41259887,16.04157012
523,18.10046643,17.41232882,16.04148931
523.5,18.10018901,17.41205995,16.04140898
524,18.09991282,17.41179226,16.04132912
524.5,18.09963782,17.41152574,16.04124974
525,18.09936403,17.4112604,16.04117084
525.5,18.09909144,17.41099621,16.0410924
526,18.09882004,17.41073319,16.04101444
526.5,18.09854982,17.41047132,16.04093693
527,18.09828079,17.41021059,16.04085989
527.5,18.09801293,17.40995101,16.04078331
528,18.09774624,17.40969257,16.04070718
528.5,18.09748072,17.40943526,16.04063151
529,18.09721636,17.40917907,16.04055628
529.5,18.09695315,17.40892401,16.04048151
530,18.0966911,17.40867007,16.04040718
530.5,18.09643019,17.40841725,16.04033329
531,18.09617042,17.40816553,16.04025984
531.5,18.09591178,17.40791491,16.04018683
532,18.09565428,17.40766539,16.04011426
532.5,18.0953979,17.40741697,16.04004212
533,18.09514264,17.40716964,16.0399704
533.5,18.0948885,17.40692339,16.03989912
534,18.09463547,17.40667822,16.03982826
534.5,18.09438355,17.40643412,16.03975782
535,18.09413272,17.4061911,16.0396878
535.5,18.093883,17.40594914,16.03961819
536,18.09363436,17.40570824,16.039549
536.5,18.09338681,17.4054684,16.03948023
537,18.09314034,17.40522961,16.03941186
537.5,18.09289495,17.40499186,16.0393439
538,18.09265064,17.40475516,16.03927635
538.5,18.09240739,17.40451949,16.03920919
539,18.0921652,17.40428486,16.03914244
539.5,18.09192407,17.40405126,16.03907608
540,18.091684,17.40381868,16.03901012
540.5,18.09144498,17.40358712,16.03894456
541,18.091207,17.40335658,16.03887938
541.5,18.09097006,17.40312705,16.03881459
542,18.09073416,17.40289852,16.03875019
542.5,18.09049928,17.40267099,16.03868617
543,18.09026544,17.40244447,16.03862253
543.5,18.09003261,17.40221893,16.03855927
544,18.08980081,17.40199439,16.03849639
544.5,18.08957002,17.40177083,16.03843388
545,18.08934023,17.40154824,16.03837174
545.5,18.08911145,17.40132664,16.03830998
546,18.08888367,17.40110601,16.03824858
546.5,18.08865689,17.40088634,16.03818755
547,18.0884311,17.40066764,16.03812688
547.5,18.08820629,17.40044989,16.03806657
548,18.08798247,17.4002331,16.03800662
548.5,18.08775962,17.40001726,16.03794703
549,18.08753775,17.39980237,16.0378878
549.5,18.08731685,17.39958842,16.03782891
550,18.08709692,17.3993754,16.03777038
550.5,18.08687794,17.39916332,16.03771219
551,18.08665993,17.39895217,16.03765436
551.5,18.08644286,17.39874195,16.03759686
552,18.08622675,17.39853265,16.03753971
552.5,18.08601158,17.39832426,16.0374829
553,18.08579735,17.39811679,16.03742643
553.5,18.08558406,17.39791023,16.03737029
554,18.08537169,17.39770457,16.03731449
554.5,18.08516026,17.39749982,16.03725902
555,18.08494975,17.39729596,16.03720388
555.5,18.08474016,17.397093,16.03714907
556,18.08453149,17.39689093,16.03709458
556.5,18.08432373,17.39668974,16.03704042
557,18.08411688,17.39648943,16.03698659
557.5,18.08391093,17.39629001,16.03693307
558,18.08370588,17.39609145,16.03687987
558.5,18.08350173,17.39589377,16.03682699
559,18.08329847,17.39569696,16.03677442
559.5,18.0830961,17.395501,16.03672217
560,18.08289462,17.39530591,16.03667023
560.5,18.08269401,17.39511167,16.0366186
561,18.08249428,17.39491828,16.03656727
561.5,18.08229543,17.39472574,16.03651625
562,18.08209744,17.39453405,16.03646553
562.5,18.08190032,17.39434319,16.03641512
563,18.08170406,17.39415318,16.03636501
563.5,18.08150866,17.39396399,16.03631519
564,18.08131411,17.39377564,16.03626567
564.5,18.08112041,17.39358811,16.03621645
565,18.08092756,17.3934014,16.03616752
565.5,18.08073555,17.39321551,16.03611888
566,18.08054439,17.39303043,16.03607053
566.5,18.08035405,17.39284617,16.03602247
567,18.08016455,17.39266272,16.03597469
567.5,18.07997588,17.39248007,16.0359272
568,18.07978803,17.39229822,16.03587999
568.5,18.07960101,17.39211716,16.03583307
569,18.0794148,17.3919369,16.03578642
569.5,18.0792294,17.39175743,16.03574005
570,18.07904482,17.39157875,16.03569396
570.5,18.07886104,17.39140085,16.03564814
571,18.07867806,17.39122374,16.03560259
571.5,18.07849589,17.39104739,16.03555732
572,18.07831451,17.39087182,16.03551231
572.5,18.07813392,17.39069702,16.03546757
573,18.07795413,17.39052299,16.0354231
573.5,18.07777512,17.39034972,16.0353789
574,18.07759689,17.39017721,16.03533495
574.5,18.07741944,17.39000546,16.03529127
575,18.07724277,17.38983446,16.03524785
575.5,18.07706687,17.3896642,16.03520469
576,18.07689173,17.3894947,16.03516178
576.5,18.07671737,17.38932594,16.03511913
577,18.07654376,17.38915791,16.03507674
577.5,18.07637092,17.38899063,16.03503459
578,18.07619883,17.38882408,16.0349927
578.5,18.07602749,17.38865825,16.03495106
579,18.0758569,17.38849316,16.03490966
579.5,18.07568705,17.38832879,16.03486852
580,18.07551795,17.38816514,16.03482761
580.5,18.07534959,17.3880022,16.03478695
581,18.07518196,17.38783999,16.03474654
581.5,18.07501507,17.38767848,16.03470636
582,18.07484891,17.38751768,16.03466642
582.5,18.07468347,17.38735758,16.03462672
583,18.07451875,17.38719819,16.03458726
583.5,18.07435476,17.3870395,16.03454803
584,18.07419148,17.3868815,16.03450903
584.5,18.07402892,17.38672419,16.03447027
585,18.07386706,17.38656758,16.03443174
585.5,18.07370592,17.38641165,16.03439344
586,18.07354548,17.3862564,16.03435536
586.5,18.07338574,17.38610184,16.03431752
587,18.07322669,17.38594795,16.03427989
587.5,18.07306835,17.38579473,16.0342425
588,18.07291069,17.38564219,16.03420532
588.5,18.07275373,17.38549032,16.03416837
589,18.07259745,17.38533911,16.03413163
589.5,18.07244185,17.38518857,16.03409512
590,18.07228693,17.38503869,16.03405882
590.5,18.07213269,17.38488946,16.03402274
591,18.07197913,17.38474089,16.03398687
591.5,18.07182624,17.38459297,16.03395122
592,18.07167401,17.38444569,16.03391578
592.5,18.07152245,17.38429907,16.03388055
593,18.07137155,17.38415308,16.03384553
593.5,18.07122131,17.38400774,16.03381072
594,18.07107173,17.38386303,16.03377611
594.5,18.0709228,17.38371896,16.03374172
595,18.07077453,17.38357552,16.03370752
595.5,18.0706269,17.3834327,16.03367353
596,18.07047992,17.38329052,16.03363975
596.5,18.07033358,17.38314896,16.03360616
597,18.07018787,17.38300801,16.03357277
597.5,18.07004281,17.38286769,16.03353959
598,18.06989838,17.38272798,16.0335066
598.5,18.06975458,17.38258888,16.0334738
599,18.06961141,17.3824504,16.03344121
599.5,18.06946887,17.38231252,16.0334088
600,18.06932694,17.38217524,16.03337659
600.5,18.06918564,17.38203857,16.03334457
601,18.06904496,17.38190249,16.03331275
601.5,18.06890489,17.38176702,16.03328111
602,18.06876543,17.38163213,16.03324966
602.5,18.06862659,17.38149784,16.0332184
603,18.06848835,17.38136414,16.03318732
603.5,18.06835071,17.38123102,16.03315643
604,18.06821368,17.38109849,16.03312572
604.5,18.06807724,17.38096653,16.0330952
605,18.0679414,17.38083516,16.03306485
605.5,18.06780616,17.38070436,16.03303469
606,18.0676715,17.38057414,16.03300471
606.5,18.06753744,17.38044448,16.0329749
607,18.06740396,17.3803154,16.03294528
607.5,18.06727106,17.38018688,16.03291583
608,18.06713875,17.38005892,16.03288655
608.5,18.06700701,17.37993152,16.03285745
609,18.06687585,17.37980469,16.03282852
609.5,18.06674526,17.37967841,16.03279977
610,18.06661525,17.37955268,16.03277119
610.5,18.0664858,17.3794275,16.03274277
611,18.06635692,17.37930288,16.03271453
611.5,18.0662286,17.3791788,16.03268645
612,18.06610084,17.37905526,16.03265854
612.5,18.06597364,17.37893226,16.0326308
613,18.065847,17.37880981,16.03260322
613.5,18.06572091,17.37868789,16.03257581
614,18.06559537,17.3785665,16.03254856
614.5,18.06547038,17.37844565,16.03252147
615,18.06534593,17.37832533,16.03249455
615.5,18.06522203,17.37820553,16.03246778
616,18.06509867,17.37808626,16.03244117
616.5,18.06497585,17.37796752,16.03241473
617,18.06485357,17.37784929,16.03238844
617.5,18.06473182,17.37773158,16.0323623
618,18.06461061,17.37761439,16.03233632
618.5,18.06448992,17.37749771,16.0323105
619,18.06436976,17.37738154,16.03228483
619.5,18.06425013,17.37726589,16.03225931
620,18.06413102,17.37715074,16.03223395
620.5,18.06401243,17.37703609,16.03220873
621,18.06389436,17.37692195,16.03218367
621.5,18.0637768,17.37680831,16.03215876
622,18.06365976,17.37669516,16.03213399
622.5,18.06354323,17.37658251,16.03210937
623,18.06342721,17.37647036,16.0320849
623.5,18.0633117,17.37635869,16.03206057
624,18.06319669,17.37624752,16.03203639
624.5,18.06308218,17.37613684,16.03201235
625,18.06296818,17.37602663,16.03198846
625.5,18.06285467,17.37591692,16.03196471
626,18.06274166,17.37580768,16.0319411
626.5,18.06262914,17.37569892,16.03191763
627,18.06251712,17.37559064,16.0318943
627.5,18.06240558,17.37548284,16.0318711
628,18.06229453,17.3753755,16.03184805
628.5,18.06218397,17.37526864,16.03182514
629,18.06207389,17.37516224,16.03180236
629.5,18.06196429,17.37505632,16.03177971
630,18.06185518,17.37495085,16.0317572
630.5,18.06174653,17.37484585,16.03173483
631,18.06163837,17.37474131,16.03171259
631.5,18.06153067,17.37463723,16.03169048
632,18.06142345,17.3745336,16.0316685
632.5,18.06131669,17.37443043,16.03164665
633,18.0612104,17.37432771,16.03162494
633.5,18.06110458,17.37422544,16.03160335
634,18.06099922,17.37412362,16.03158189
634.5,18.06089432,17.37402224,16.03156056
635,18.06078988,17.37392131,16.03153936
635.5,18.06068589,17.37382083,16.03151828
636,18.06058236,17.37372078,16.03149733
636.5,18.06047928,17.37362117,16.0314765
637,18.06037665,17.373522,16.0314558
637.5,18.06027447,17.37342326,16.03143522
638,18.06017274,17.37332496,16.03141476
638.5,18.06007145,17.37322708,16.03139442
639,18.05997061,17.37312964,16.03137421
639.5,18.0598702,17.37303262,16.03135411
640,18.05977024,17.37293603,16.03133414
640.5,18.05967071,17.37283986,16.03131428
641,18.05957161,17.37274411,16.03129455
641.5,18.05947295,17.37264879,16.03127493
642,18.05937472,17.37255388,16.03125542
642.5,18.05927692,17.37245939,16.03123604
643,18.05917955,17.37236531,16.03121677
643.5,18.05908261,17.37227164,16.03119761
644,18.05898608,17.37217839,16.03117857
644.5,18.05888998,17.37208554,16.03115964
645,18.0587943,17.3719931,16.03114082
645.5,18.05869904,17.37190106,16.03112212
646,18.05860419,17.37180943,16.03110353
646.5,18.05850976,17.3717182,16.03108504
647,18.05841574,17.37162737,16.03106667
647.5,18.05832213,17.37153694,16.03104841
648,18.05822893,17.37144691,16.03103026
648.5,18.05813614,17.37135727,16.03101221
649,18.05804375,17.37126802,16.03099427
649.5,18.05795177,17.37117917,16.03097644
650,18.05786019,17.3710907,16.03095871
650.5,18.05776901,17.37100262,16.03094109
651,18.05767823,17.37091493,16.03092358
651.5,18.05758785,17.37082762,16.03090617
652,18.05749786,17.3707407,16.03088886
652.5,18.05740826,17.37065415,16.03087166
653,18.05731905,17.37056799,16.03085456
653.5,18.05723024,17.3704822,16.03083756
654,18.05714181,17.37039679,16.03082066
654.5,18.05705377,17.37031175,16.03080386
655,18.05696612,17.37022709,16.03078716
655.5,18.05687885,17.3701428,16.03077057
656,18.05679196,17.37005888,16.03075407
656.5,18.05670545,17.36997532,16.03073767
657,18.05661931,17.36989213,16.03072136
657.5,18.05653356,17.36980931,16.03070516
658,18.05644818,17.36972685,16.03068905
658.5,18.05636317,17.36964475,16.03067303
659,18.05627853,17.36956301,16.03065711
659.5,18.05619426,17.36948163,16.03064129
660,18.05611037,17.36940061,16.03062556
660.5,18.05602683,17.36931994,16.03060993
661,18.05594367,17.36923962,16.03059438
661.5,18.05586087,17.36915966,16.03057893
662,18.05577842,17.36908005,16.03056357
662.5,18.05569634,17.36900078,16.03054831
663,18.05561462,17.36892187,16.03053313
663.5,18.05553326,17.3688433,16.03051805
664,18.05545225,17.36876507,16.03050305
664.5,18.05537159,17.36868719,16.03048815
665,18.05529129,17.36860965,16.03047333
665.5,18.05521134,17.36853245,16.0304586
666,18.05513174,17.36845558,16.03044396
666.5,18.05505248,17.36837906,16.0304294
667,18.05497358,17.36830287,16.03041494
667.5,18.05489501,17.36822701,16.03040055
668,18.0548168,17.36815149,16.03038626
668.5,18.05473892,17.36807629,16.03037205
669,18.05466138,17.36800143,16.03035792
669.5,18.05458418,17.3679269,16.03034388
670,18.05450732,17.36785269,16.03032992
670.5,18.0544308,17.3677788,16.03031605
671,18.05435461,17.36770525,16.03030225
671.5,18.05427875,17.36763201,16.03028854
672,18.05420323,17.36755909,16.03027491
672.5,18.05412803,17.3674865,16.03026137
673,18.05405316,17.36741422,16.0302479
673.5,18.05397862,17.36734226,16.03023451
674,18.05390441,17.36727062,16.03022121
674.5,18.05383052,17.36719928,16.03020798
675,18.05375696,17.36712827,16.03019483
675.5,18.05368371,17.36705756,16.03018176
676,18.05361079,17.36698716,16.03016877
676.5,18.05353818,17.36691707,16.03015585
677,18.05346589,17.36684729,16.03014301
677.5,18.05339392,17.36677782,16.03013025
678,18.05332226,17.36670865,16.03011756
678.5,18.05325092,17.36663978,16.03010495
679,18.05317988,17.36657122,16.03009242
679.5,18.05310916,17.36650295,16.03007996
680,18.05303875,17.36643498,16.03006757
680.5,18.05296864,17.36636732,16.03005526
681,18.05289884,17.36629995,16.03004302
681.5,18.05282935,17.36623287,16.03003085
682,18.05276016,17.36616609,16.03001876
682.5,18.05269127,17.3660996,16.03000674
683,18.05262269,17.3660334,16.02999479
683.5,18.0525544,17.3659675,16.02998291
684,18.05248641,17.36590188,16.0299711
684.5,18.05241872,17.36583655,16.02995936
685,18.05235132,17.3657715,16.02994769
685.5,18.05228422,17.36570675,16.02993609
686,18.05221742,17.36564227,16.02992456
686.5,18.0521509,17.36557808,16.0299131
687,18.05208468,17.36551417,16.02990171
687.5,18.05201874,17.36545054,16.02989038
688,18.05195309,17.36538719,16.02987913
688.5,18.05188773,17.36532411,16.02986794
689,18.05182266,17.36526131,16.02985681
689.5,18.05175787,17.36519879,16.02984575
690,18.05169336,17.36513654,16.02983476
690.5,18.05162914,17.36507457,16.02982384
691,18.05156519,17.36501287,16.02981297
691.5,18.05150153,17.36495143,16.02980218
692,18.05143814,17.36489027,16.02979145
692.5,18.05137503,17.36482937,16.02978078
693,18.0513122,17.36476875,16.02977017
693.5,18.05124964,17.36470838,16.02975963
694,18.05118736,17.36464828,16.02974915
694.5,18.05112534,17.36458845,16.02973873
695,18.0510636,17.36452888,16.02972838
695.5,18.05100213,17.36446957,16.02971809
696,18.05094093,17.36441052,16.02970786
696.5,18.05087999,17.36435172,16.02969769
697,18.05081932,17.36429319,16.02968757
697.5,18.05075892,17.36423491,16.02967753
698,18.05069878,17.36417689,16.02966754
698.5,18.0506389,17.36411912,16.0296576
699,18.05057928,17.36406161,16.02964773
699.5,18.05051993,17.36400434,16.02963792
700,18.05046083,17.36394733,16.02962817
700.5,18.050402,17.36389057,16.02961847
701,18.05034342,17.36383406,16.02960883
701.5,18.05028509,17.36377779,16.02959925
702,18.05022702,17.36372177,16.02958973
702.5,18.05016921,17.363666,16.02958026
703,18.05011164,17.36361047,16.02957085
703.5,18.05005433,17.36355519,16.02956149
704,18.04999727,17.36350015,16.0295522
704.5,18.04994046,17.36344535,16.02954295
705,18.0498839,17.36339079,16.02953376
705.5,18.04982758,17.36333646,16.02952463
706,18.04977151,17.36328238,16.02951555
706.5,18.04971569,17.36322853,16.02950652
707,18.04966011,17.36317492,16.02949755
707.5,18.04960477,17.36312155,16.02948863
708,18.04954968,17.36306841,16.02947977
708.5,18.04949482,17.3630155,16.02947096
709,18.04944021,17.36296282,16.0294622
709.5,18.04938583,17.36291038,16.02945349
710,18.04933169,17.36285816,16.02944483
710.5,18.04927779,17.36280617,16.02943623
711,18.04922412,17.36275442,16.02942768
711.5,18.04917069,17.36270288,16.02941917
712,18.04911749,17.36265158,16.02941072
712.5,18.04906453,17.3626005,16.02940232
713,18.04901179,17.36254964,16.02939397
713.5,18.04895929,17.36249901,16.02938567
714,18.04890702,17.36244859,16.02937742
714.5,18.04885497,17.3623984,16.02936921
715,18.04880315,17.36234843,16.02936106
715.5,18.04875156,17.36229868,16.02935296
716,18.04870019,17.36224915,16.0293449
716.5,18.04864905,17.36219983,16.02933689
717,18.04859813,17.36215073,16.02932893
717.5,18.04854744,17.36210184,16.02932101
718,18.04849697,17.36205317,16.02931315
718.5,18.04844671,17.36200472,16.02930533
719,18.04839668,17.36195647,16.02929755
719.5,18.04834686,17.36190844,16.02928983
720,18.04829727,17.36186061,16.02928215
720.5,18.04824789,17.361813,16.02927451
721,18.04819872,17.3617656,16.02926692
721.5,18.04814977,17.3617184,16.02925937
722,18.04810104,17.36167141,16.02925188
722.5,18.04805251,17.36162463,16.02924442
723,18.0480042,17.36157805,16.02923701
723.5,18.0479561,17.36153167,16.02922964
724,18.04790821,17.3614855,16.02922232
724.5,18.04786053,17.36143953,16.02921504
725,18.04781306,17.36139377,16.0292078
725.5,18.0477658,17.3613482,16.02920061
726,18.04771874,17.36130283,16.02919346
726.5,18.04767189,17.36125766,16.02918635
727,18.04762524,17.36121269,16.02917929
727.5,18.0475788,17.36116792,16.02917227
728,18.04753256,17.36112334,16.02916529
728.5,18.04748652,17.36107896,16.02915835
729,18.04744069,17.36103478,16.02915145
729.5,18.04739505,17.36099078,16.02914459
730,18.04734961,17.36094698,16.02913777
730.5,18.04730437,17.36090338,16.029131
731,18.04725933,17.36085996,16.02912426
731.5,18.04721449,17.36081673,16.02911757
732,18.04716984,17.3607737,16.02911091
732.5,18.04712539,17.36073085,16.0291043
733,18.04708113,17.36068819,16.02909772
733.5,18.04703707,17.36064571,16.02909118
734,18.0469932,17.36060343,16.02908469
734.5,18.04694952,17.36056133,16.02907823
735,18.04690603,17.36051941,16.02907181
735.5,18.04686273,17.36047768,16.02906542
736,18.04681962,17.36043612,16.02905908
736.5,18.0467767,17.36039476,16.02905277
737,18.04673396,17.36035357,16.0290465
737.5,18.04669141,17.36031256,16.02904027
738,18.04664905,17.36027174,16.02903407
738.5,18.04660688,17.36023109,16.02902792
739,18.04656489,17.36019062,16.02902179
739.5,18.04652308,17.36015033,16.02901571
740,18.04648145,17.36011021,16.02900966
740.5,18.04644001,17.36007027,16.02900365
741,18.04639875,17.36003051,16.02899767
741.5,18.04635766,17.35999092,16.02899173
742,18.04631676,17.3599515,16.02898582
742.5,18.04627604,17.35991226,16.02897995
743,18.04623549,17.35987319,16.02897412
743.5,18.04619512,17.35983429,16.02896832
744,18.04615493,17.35979556,16.02896255
744.5,18.04611492,17.359757,16.02895682
745,18.04607507,17.35971861,16.02895112
745.5,18.04603541,17.35968038,16.02894546
746,18.04599591,17.35964233,16.02893982
746.5,18.04595659,17.35960444,16.02893423
747,18.04591744,17.35956672,16.02892866
747.5,18.04587846,17.35952916,16.02892313
748,18.04583966,17.35949177,16.02891764
748.5,18.04580102,17.35945454,16.02891217
749,18.04576255,17.35941747,16.02890674
749.5,18.04572425,17.35938057,16.02890134
750,18.04568611,17.35934383,16.02889597
750.5,18.04564815,17.35930725,16.02889064
751,18.04561035,17.35927083,16.02888533
751.5,18.04557271,17.35923457,16.02888006
752,18.04553524,17.35919847,16.02887482
752.5,18.04549793,17.35916253,16.02886961
753,18.04546079,17.35912675,16.02886443
753.5,18.04542381,17.35909112,16.02885928
754,18.04538698,17.35905565,16.02885417
754.5,18.04535033,17.35902033,16.02884908
755,18.04531383,17.35898517,16.02884402
755.5,18.04527749,17.35895016,16.028839
756,18.04524131,17.35891531,16.028834
756.5,18.04520528,17.35888061,16.02882903
757,18.04516942,17.35884606,16.0288241
757.5,18.04513371,17.35881166,16.02881919
758,18.04509816,17.35877741,16.02881431
758.5,18.04506276,17.35874332,16.02880946
759,18.04502752,17.35870937,16.02880464
759.5,18.04499243,17.35867557,16.02879985
760,18.04495749,17.35864192,16.02879509
760.5,18.04492271,17.35860842,16.02879035
761,18.04488808,17.35857506,16.02878564
761.5,18.0448536,17.35854185,16.02878097
762,18.04481927,17.35850879,16.02877631
762.5,18.0447851,17.35847587,16.02877169
763,18.04475107,17.3584431,16.0287671
763.5,18.04471719,17.35841047,16.02876253
764,18.04468346,17.35837798,16.02875799
764.5,18.04464987,17.35834563,16.02875347
765,18.04461643,17.35831343,16.02874899
765.5,18.04458314,17.35828137,16.02874453
766,18.04455,17.35824945,16.02874009
766.5,18.04451699,17.35821766,16.02873568
767,18.04448414,17.35818602,16.0287313
767.5,18.04445142,17.35815452,16.02872695
768,18.04441885,17.35812315,16.02872262
768.5,18.04438643,17.35809192,16.02871832
769,18.04435414,17.35806083,16.02871404
769.5,18.044322,17.35802988,16.02870979
770,18.04428999,17.35799906,16.02870556
770.5,18.04425813,17.35796837,16.02870136
771,18.0442264,17.35793782,16.02869718
771.5,18.04419481,17.35790741,16.02869303
772,18.04416337,17.35787713,16.0286889
772.5,18.04413206,17.35784698,16.0286848
773,18.04410088,17.35781696,16.02868072
773.5,18.04406984,17.35778707,16.02867667
774,18.04403894,17.35775732,16.02867264
774.5,18.04400817,17.3577277,16.02866863
775,18.04397754,17.3576982,16.02866465
775.5,18.04394704,17.35766884,16.02866069
776,18.04391668,17.3576396,16.02865676
776.5,18.04388644,17.35761049,16.02865285
777,18.04385634,17.35758151,16.02864896
777.5,18.04382637,17.35755266,16.02864509
778,18.04379654,17.35752393,16.02864125
778.5,18.04376683,17.35749533,16.02863743
779,18.04373725,17.35746685,16.02863364
779.5,18.0437078,17.3574385,16.02862986
780,18.04367848,17.35741028,16.02862611
780.5,18.04364929,17.35738217,16.02862238
781,18.04362023,17.35735419,16.02861868
781.5,18.04359129,17.35732634,16.02861499
782,18.04356248,17.3572986,16.02861133
782.5,18.04353379,17.35727099,16.02860769
783,18.04350523,17.3572435,16.02860407
783.5,18.0434768,17.35721612,16.02860047
784,18.04344849,17.35718887,16.0285969
784.5,18.0434203,17.35716174,16.02859334
785,18.04339224,17.35713473,16.02858981
785.5,18.0433643,17.35710783,16.0285863
786,18.04333648,17.35708105,16.02858281
786.5,18.04330878,17.3570544,16.02857933
787,18.04328121,17.35702785,16.02857588
787.5,18.04325375,17.35700143,16.02857246
788,18.04322642,17.35697512,16.02856905
788.5,18.0431992,17.35694892,16.02856566
789,18.04317211,17.35692284,16.02856229
789.5,18.04314513,17.35689687,16.02855894
790,18.04311827,17.35687102,16.02855561
790.5,18.04309152,17.35684528,16.0285523
791,18.0430649,17.35681966,16.02854901
791.5,18.04303839,17.35679414,16.02854574
792,18.043012,17.35676874,16.02854249
792.5,18.04298572,17.35674345,16.02853926
793,18.04295955,17.35671827,16.02853605
793.5,18.0429335,17.3566932,16.02853286
794,18.04290757,17.35666824,16.02852969
794.5,18.04288175,17.35664339,16.02852653
795,18.04285604,17.35661865,16.0285234
795.5,18.04283044,17.35659402,16.02852028
796,18.04280496,17.3565695,16.02851718
796.5,18.04277958,17.35654508,16.0285141
797,18.04275432,17.35652077,16.02851104
797.5,18.04272917,17.35649657,16.028508
798,18.04270413,17.35647247,16.02850497
798.5,18.04267919,17.35644848,16.02850196
799,18.04265437,17.35642459,16.02849897
799.5,18.04262965,17.35640081,16.028496
800,18.04260505,17.35637713,16.02849305
800.5,18.04258055,17.35635356,16.02849011
801,18.04255615,17.35633009,16.02848719
801.5,18.04253187,17.35630672,16.02848429
802,18.04250769,17.35628346,16.02848141
802.5,18.04248361,17.35626029,16.02847854
803,18.04245965,17.35623723,16.02847569
803.5,18.04243578,17.35621427,16.02847286
804,18.04241202,17.35619141,16.02847004
804.5,18.04238837,17.35616865,16.02846724
805,18.04236481,17.35614599,16.02846446
805.5,18.04234136,17.35612343,16.0284617
806,18.04231802,17.35610097,16.02845895
806.5,18.04229477,17.35607861,16.02845621
807,18.04227163,17.35605635,16.0284535
807.5,18.04224859,17.35603418,16.0284508
808,18.04222564,17.35601211,16.02844811
808.5,18.0422028,17.35599013,16.02844544
809,18.04218006,17.35596826,16.02844279
809.5,18.04215742,17.35594648,16.02844015
810,18.04213488,17.35592479,16.02843753
810.5,18.04211243,17.3559032,16.02843493
811,18.04209008,17.3558817,16.02843234
811.5,18.04206784,17.3558603,16.02842976
812,18.04204568,17.355839,16.0284272
812.5,18.04202363,17.35581778,16.02842466
813,18.04200167,17.35579666,16.02842213
813.5,18.04197981,17.35577563,16.02841962
814,18.04195804,17.35575469,16.02841712
814.5,18.04193637,17.35573385,16.02841463
815,18.04191479,17.3557131,16.02841216
815.5,18.04189331,17.35569243,16.02840971
816,18.04187192,17.35567186,16.02840727
816.5,18.04185063,17.35565138,16.02840484
817,18.04182943,17.35563099,16.02840243
817.5,18.04180832,17.35561069,16.02840004
818,18.0417873,17.35559047,16.02839765
818.5,18.04176637,17.35557035,16.02839529
819,18.04174554,17.35555031,16.02839293
819.5,18.0417248,17.35553036,16.02839059
820,18.04170414,17.3555105,16.02838827
820.5,18.04168358,17.35549073,16.02838595
821,18.04166311,17.35547104,16.02838365
821.5,18.04164273,17.35545144,16.02838137
822,18.04162243,17.35543192,16.0283791
822.5,18.04160223,17.35541249,16.02837684
823,18.04158211,17.35539315,16.0283746
823.5,18.04156209,17.35537389,16.02837237
824,18.04154214,17.35535471,16.02837015
824.5,18.04152229,17.35533562,16.02836794
825,18.04150252,17.35531662,16.02836575
825.5,18.04148284,17.35529769,16.02836358
826,18.04146325,17.35527885,16.02836141
826.5,18.04144374,17.35526009,16.02835926
827,18.04142432,17.35524142,16.02835712
827.5,18.04140498,17.35522282,16.02835499
828,18.04138572,17.35520431,16.02835288
828.5,18.04136655,17.35518588,16.02835078
829,18.04134747,17.35516752,16.02834869
829.5,18.04132846,17.35514925,16.02834661
830,18.04130954,17.35513106,16.02834455
830.5,18.04129071,17.35511295,16.02834249
831,18.04127195,17.35509492,16.02834046
831.5,18.04125328,17.35507697,16.02833843
832,18.04123469,17.3550591,16.02833641
832.5,18.04121618,17.3550413,16.02833441
833,18.04119775,17.35502358,16.02833242
833.5,18.0411794,17.35500594,16.02833044
834,18.04116113,17.35498838,16.02832847
834.5,18.04114295,17.3549709,16.02832651
835,18.04112484,17.35495349,16.02832457
835.5,18.04110681,17.35493616,16.02832264
836,18.04108886,17.3549189,16.02832072
836.5,18.04107098,17.35490172,16.02831881
837,18.04105319,17.35488461,16.02831691
837.5,18.04103547,17.35486758,16.02831502
838,18.04101783,17.35485063,16.02831314
838.5,18.04100027,17.35483375,16.02831128
839,18.04098279,17.35481694,16.02830942
839.5,18.04096538,17.35480021,16.02830758
840,18.04094805,17.35478355,16.02830575
840.5,18.04093079,17.35476696,16.02830393
841,18.04091361,17.35475044,16.02830212
841.5,18.0408965,17.354734,16.02830032
842,18.04087947,17.35471763,16.02829853
842.5,18.04086251,17.35470133,16.02829675
843,18.04084563,17.35468511,16.02829499
843.5,18.04082882,17.35466895,16.02829323
844,18.04081208,17.35465287,16.02829148
844.5,18.04079542,17.35463685,16.02828975
845,18.04077883,17.35462091,16.02828802
845.5,18.04076231,17.35460503,16.02828631
846,18.04074587,17.35458923,16.0282846
846.5,18.0407295,17.35457349,16.02828291
847,18.04071319,17.35455783,16.02828122
847.5,18.04069696,17.35454223,16.02827955
848,18.0406808,17.3545267,16.02827788
848.5,18.04066472,17.35451124,16.02827623
849,18.0406487,17.35449585,16.02827458
849.5,18.04063275,17.35448052,16.02827295
850,18.04061687,17.35446526,16.02827132
850.5,18.04060106,17.35445007,16.02826971
851,18.04058532,17.35443494,16.0282681
851.5,18.04056965,17.35441989,16.0282665
852,18.04055405,17.35440489,16.02826492
852.5,18.04053851,17.35438997,16.02826334
853,18.04052304,17.3543751,16.02826177
853.5,18.04050764,17.35436031,16.02826021
854,18.04049231,17.35434558,16.02825866
854.5,18.04047705,17.35433091,16.02825712
855,18.04046185,17.35431631,16.02825559
855.5,18.04044672,17.35430177,16.02825407
856,18.04043165,17.35428729,16.02825256
856.5,18.04041665,17.35427288,16.02825105
857,18.04040172,17.35425853,16.02824956
857.5,18.04038685,17.35424425,16.02824807
858,18.04037205,17.35423002,16.02824659
858.5,18.04035731,17.35421586,16.02824512
859,18.04034263,17.35420176,16.02824367
859.5,18.04032802,17.35418773,16.02824221
860,18.04031347,17.35417375,16.02824077
860.5,18.04029899,17.35415984,16.02823934
861,18.04028457,17.35414599,16.02823791
861.5,18.04027021,17.35413219,16.0282365
862,18.04025592,17.35411846,16.02823509
862.5,18.04024169,17.35410479,16.02823369
863,18.04022752,17.35409118,16.0282323
863.5,18.04021341,17.35407763,16.02823091
864,18.04019937,17.35406413,16.02822954
864.5,18.04018538,17.3540507,16.02822817
865,18.04017146,17.35403733,16.02822681
865.5,18.0401576,17.35402401,16.02822546
866,18.04014379,17.35401075,16.02822412
866.5,18.04013005,17.35399755,16.02822278
867,18.04011637,17.35398441,16.02822146
867.5,18.04010275,17.35397133,16.02822014
868,18.04008919,17.3539583,16.02821883
868.5,18.04007568,17.35394533,16.02821752
869,18.04006224,17.35393242,16.02821623
869.5,18.04004885,17.35391957,16.02821494
870,18.04003553,17.35390677,16.02821366
870.5,18.04002226,17.35389402,16.02821239
871,18.04000905,17.35388134,16.02821112
871.5,18.0399959,17.3538687,16.02820987
872,18.0399828,17.35385613,16.02820862
872.5,18.03996976,17.35384361,16.02820737
873,18.03995678,17.35383114,16.02820614
873.5,18.03994386,17.35381873,16.02820491
874,18.03993099,17.35380637,16.02820369
874.5,18.03991818,17.35379407,16.02820248
875,18.03990542,17.35378182,16.02820127
875.5,18.03989273,17.35376962,16.02820007
876,18.03988008,17.35375748,16.02819888
876.5,18.03986749,17.35374539,16.0281977
877,18.03985496,17.35373335,16.02819652
877.5,18.03984248,17.35372137,16.02819535
878,18.03983005,17.35370944,16.02819419
878.5,18.03981768,17.35369756,16.02819303
879,18.03980537,17.35368574,16.02819188
879.5,18.03979311,17.35367396,16.02819074
880,18.0397809,17.35366224,16.0281896
880.5,18.03976874,17.35365057,16.02818847
881,18.03975664,17.35363895,16.02818735
881.5,18.03974459,17.35362738,16.02818624
882,18.03973259,17.35361586,16.02818513
882.5,18.03972065,17.35360439,16.02818402
883,18.03970876,17.35359297,16.02818293
883.5,18.03969692,17.35358161,16.02818184
884,18.03968513,17.35357029,16.02818076
884.5,18.03967339,17.35355902,16.02817968
885,18.03966171,17.3535478,16.02817861
885.5,18.03965007,17.35353663,16.02817755
886,18.03963849,17.35352551,16.02817649
886.5,18.03962696,17.35351444,16.02817544
887,18.03961547,17.35350342,16.02817439
887.5,18.03960404,17.35349244,16.02817335
888,18.03959266,17.35348151,16.02817232
888.5,18.03958133,17.35347064,16.0281713
889,18.03957004,17.3534598,16.02817028
889.5,18.03955881,17.35344902,16.02816926
890,18.03954763,17.35343828,16.02816825
890.5,18.03953649,17.35342759,16.02816725
891,18.0395254,17.35341695,16.02816626
891.5,18.03951437,17.35340636,16.02816526
892,18.03950337,17.35339581,16.02816428
892.5,18.03949243,17.3533853,16.0281633
893,18.03948154,17.35337485,16.02816233
893.5,18.03947069,17.35336443,16.02816136
894,18.03945989,17.35335407,16.0281604
894.5,18.03944914,17.35334375,16.02815945
895,18.03943843,17.35333347,16.0281585
895.5,18.03942778,17.35332324,16.02815755
896,18.03941716,17.35331306,16.02815662
896.5,18.0394066,17.35330292,16.02815568
897,18.03939608,17.35329282,16.02815476
897.5,18.03938561,17.35328277,16.02815383
898,18.03937518,17.35327276,16.02815292
898.5,18.0393648,17.3532628,16.02815201
899,18.03935446,17.35325288,16.0281511
899.5,18.03934417,17.353243,16.0281502
900,18.03933392,17.35323317,16.02814931
900.5,18.03932372,17.35322338,16.02814842
901,18.03931356,17.35321363,16.02814753
901.5,18.03930345,17.35320392,16.02814666
902,18.03929338,17.35319426,16.02814578
902.5,18.03928336,17.35318464,16.02814491
903,18.03927338,17.35317507,16.02814405
903.5,18.03926344,17.35316553,16.02814319
904,18.03925355,17.35315604,16.02814234
904.5,18.0392437,17.35314658,16.02814149
905,18.03923389,17.35313717,16.02814065
905.5,18.03922413,17.3531278,16.02813981
906,18.0392144,17.35311848,16.02813898
906.5,18.03920473,17.35310919,16.02813815
907,18.03919509,17.35309994,16.02813733
907.5,18.03918549,17.35309074,16.02813651
908,18.03917594,17.35308157,16.0281357
908.5,18.03916643,17.35307244,16.02813489
909,18.03915696,17.35306336,16.02813409
909.5,18.03914753,17.35305431,16.02813329
910,18.03913815,17.35304531,16.0281325
910.5,18.0391288,17.35303634,16.02813171
911,18.03911949,17.35302741,16.02813092
911.5,18.03911023,17.35301852,16.02813014
912,18.03910101,17.35300967,16.02812937
912.5,18.03909182,17.35300086,16.0281286
913,18.03908268,17.35299209,16.02812783
913.5,18.03907358,17.35298336,16.02812707
914,18.03906451,17.35297466,16.02812631
914.5,18.03905549,17.35296601,16.02812556
915,18.0390465,17.35295739,16.02812481
915.5,18.03903756,17.35294881,16.02812407
916,18.03902865,17.35294026,16.02812333
916.5,18.03901979,17.35293176,16.0281226
917,18.03901096,17.35292329,16.02812187
917.5,18.03900217,17.35291486,16.02812114
918,18.03899342,17.35290646,16.02812042
918.5,18.0389847,17.3528981,16.0281197
919,18.03897603,17.35288978,16.02811899
919.5,18.03896739,17.3528815,16.02811828
920,18.03895879,17.35287325,16.02811758
920.5,18.03895023,17.35286504,16.02811688
921,18.0389417,17.35285686,16.02811618
921.5,18.03893322,17.35284872,16.02811549
922,18.03892477,17.35284061,16.0281148
922.5,18.03891635,17.35283254,16.02811412
923,18.03890798,17.35282451,16.02811344
923.5,18.03889964,17.35281651,16.02811276
924,18.03889133,17.35280855,16.02811209
924.5,18.03888307,17.35280062,16.02811142
925,18.03887484,17.35279273,16.02811076
925.5,18.03886664,17.35278487,16.0281101
926,18.03885848,17.35277704,16.02810944
926.5,18.03885036,17.35276925,16.02810879
927,18.03884227,17.35276149,16.02810814
927.5,18.03883422,17.35275377,16.0281075
928,18.0388262,17.35274608,16.02810686
928.5,18.03881822,17.35273843,16.02810622
929,18.03881027,17.35273081,16.02810559
929.5,18.03880236,17.35272322,16.02810496
930,18.03879448,17.35271566,16.02810434
930.5,18.03878664,17.35270814,16.02810372
931,18.03877883,17.35270065,16.0281031
931.5,18.03877105,17.3526932,16.02810248
932,18.03876331,17.35268578,16.02810187
932.5,18.0387556,17.35267839,16.02810127
933,18.03874793,17.35267103,16.02810066
933.5,18.03874029,17.3526637,16.02810006
934,18.03873268,17.35265641,16.02809947
934.5,18.03872511,17.35264915,16.02809888
935,18.03871757,17.35264192,16.02809829
935.5,18.03871006,17.35263472,16.0280977
936,18.03870259,17.35262755,16.02809712
936.5,18.03869514,17.35262042,16.02809654
937,18.03868773,17.35261331,16.02809597
937.5,18.03868036,17.35260624,16.0280954
938,18.03867301,17.3525992,16.02809483
938.5,18.0386657,17.35259219,16.02809426
939,18.03865842,17.35258521,16.0280937
939.5,18.03865117,17.35257826,16.02809314
940,18.03864395,17.35257134,16.02809259
940.5,18.03863677,17.35256445,16.02809204
941,18.03862961,17.35255759,16.02809149
941.5,18.03862249,17.35255076,16.02809094
942,18.0386154,17.35254396,16.0280904
942.5,18.03860834,17.35253719,16.02808986
943,18.03860131,17.35253045,16.02808933
943.5,18.03859431,17.35252375,16.0280888
944,18.03858734,17.35251707,16.02808827
944.5,18.0385804,17.35251041,16.02808774
945,18.03857349,17.35250379,16.02808722
945.5,18.03856661,17.3524972,16.0280867
946,18.03855977,17.35249064,16.02808618
946.5,18.03855295,17.3524841,16.02808567
947,18.03854616,17.35247759,16.02808516
947.5,18.0385394,17.35247112,16.02808465
948,18.03853267,17.35246467,16.02808415
948.5,18.03852598,17.35245825,16.02808365
949,18.03851931,17.35245185,16.02808315
949.5,18.03851266,17.35244549,16.02808266
950,18.03850605,17.35243915,16.02808216
950.5,18.03849947,17.35243284,16.02808167
951,18.03849292,17.35242656,16.02808119
951.5,18.03848639,17.35242031,16.0280807
952,18.03847989,17.35241408,16.02808022
952.5,18.03847342,17.35240788,16.02807975
953,18.03846698,17.35240171,16.02807927
953.5,18.03846057,17.35239556,16.0280788
954,18.03845419,17.35238944,16.02807833
954.5,18.03844783,17.35238335,16.02807786
955,18.0384415,17.35237729,16.0280774
955.5,18.0384352,17.35237125,16.02807694
956,18.03842893,17.35236524,16.02807648
956.5,18.03842268,17.35235925,16.02807602
957,18.03841646,17.35235329,16.02807557
957.5,18.03841027,17.35234736,16.02807512
958,18.03840411,17.35234145,16.02807467
958.5,18.03839797,17.35233557,16.02807423
959,18.03839186,17.35232972,16.02807379
959.5,18.03838578,17.35232389,16.02807335
960,18.03837972,17.35231809,16.02807291
960.5,18.03837369,17.35231231,16.02807248
961,18.03836768,17.35230655,16.02807205
961.5,18.03836171,17.35230083,16.02807162
962,18.03835575,17.35229512,16.02807119
962.5,18.03834983,17.35228944,16.02807077
963,18.03834393,17.35228379,16.02807034
963.5,18.03833805,17.35227816,16.02806993
964,18.03833221,17.35227256,16.02806951
964.5,18.03832638,17.35226698,16.0280691
965,18.03832058,17.35226143,16.02806868
965.5,18.03831481,17.3522559,16.02806828
966,18.03830907,17.35225039,16.02806787
966.5,18.03830334,17.35224491,16.02806746
967,18.03829765,17.35223945,16.02806706
967.5,18.03829197,17.35223402,16.02806666
968,18.03828633,17.35222861,16.02806627
968.5,18.0382807,17.35222322,16.02806587
969,18.03827511,17.35221786,16.02806548
969.5,18.03826953,17.35221252,16.02806509
970,18.03826398,17.3522072,16.0280647
970.5,18.03825846,17.35220191,16.02806432
971,18.03825296,17.35219664,16.02806393
971.5,18.03824748,17.3521914,16.02806355
972,18.03824203,17.35218617,16.02806317
972.5,18.0382366,17.35218097,16.0280628
973,18.03823119,17.3521758,16.02806242
973.5,18.03822581,17.35217064,16.02806205
974,18.03822046,17.35216551,16.02806168
974.5,18.03821512,17.3521604,16.02806132
975,18.03820981,17.35215531,16.02806095
975.5,18.03820452,17.35215025,16.02806059
976,18.03819926,17.3521452,16.02806023
976.5,18.03819401,17.35214018,16.02805987
977,18.0381888,17.35213518,16.02805951
977.5,18.0381836,17.35213021,16.02805916
978,18.03817843,17.35212525,16.0280588
978.5,18.03817327,17.35212032,16.02805845
979,18.03816815,17.35211541,16.02805811
979.5,18.03816304,17.35211052,16.02805776
980,18.03815796,17.35210565,16.02805742
980.5,18.0381529,17.3521008,16.02805707
981,18.03814786,17.35209598,16.02805673
981.5,18.03814284,17.35209117,16.0280564
982,18.03813784,17.35208639,16.02805606
982.5,18.03813287,17.35208163,16.02805573
983,18.03812792,17.35207688,16.0280554
983.5,18.03812299,17.35207216,16.02805507
984,18.03811808,17.35206746,16.02805474
984.5,18.03811319,17.35206278,16.02805441
985,18.03810833,17.35205812,16.02805409
985.5,18.03810348,17.35205348,16.02805377
986,18.03809866,17.35204887,16.02805344
986.5,18.03809386,17.35204427,16.02805313
987,18.03808908,17.35203969,16.02805281
987.5,18.03808431,17.35203513,16.0280525
988,18.03807958,17.35203059,16.02805218
988.5,18.03807486,17.35202607,16.02805187
989,18.03807016,17.35202158,16.02805156
989.5,18.03806548,17.3520171,16.02805126
990,18.03806082,17.35201264,16.02805095
990.5,18.03805619,17.3520082,16.02805065
991,18.03805157,17.35200378,16.02805035
991.5,18.03804697,17.35199938,16.02805005
992,18.0380424,17.351995,16.02804975
992.5,18.03803784,17.35199064,16.02804945
993,18.0380333,17.35198629,16.02804916
993.5,18.03802879,17.35198197,16.02804886
994,18.03802429,17.35197766,16.02804857
994.5,18.03801981,17.35197338,16.02804828
995,18.03801536,17.35196911,16.028048
995.5,18.03801092,17.35196486,16.02804771
996,18.0380065,17.35196063,16.02804743
996.5,18.0380021,17.35195642,16.02804714
997,18.03799772,17.35195223,16.02804686
997.5,18.03799336,17.35194805,16.02804658
998,18.03798902,17.3519439,16.02804631
998.5,18.03798469,17.35193976,16.02804603
999,18.03798039,17.35193564,16.02804576
999.5,18.0379761,17.35193154,16.02804548
1000,18.03797184,17.35192745,16.02804521
