temps,T1,T2,T3
0,23,23,23
0.5,23,23,23
1,23,23,23
1.5,23,23,23
2,23,23,23
2.5,23,23,23
3,23,23,23
3.5,23,23,23
4,23,23,23
4.5,23,23,23
5,23,23,23
5.5,23,23,23
6,23,23,23
6.5,23,23,23
7,23,23,23
7.5,23,23,23
8,23,23,23
8.5,23,23,23
9,23,23,23
9.5,23,23,23
10,23,23,23
10.5,23,23,23
11,23,23,23
11.5,23,23,23
12,23,23,23
12.5,23,23,23
13,23,23,23
13.5,23,23,23
14,23,23,23
14.5,23,23,23
15,23,23,23
15.5,23,23,23
16,23,23,23
16.5,23,23,23
17,23,23,23
17.5,23,23,23
18,23,23,23
18.5,23,23,23
19,23,23,23
19.5,23,23,23
20,23,23,23
20.5,23,23,23
21,23,23,23
21.5,23,23,23
22,23,23,23
22.5,23,23,23
23,23,23,23
23.5,23,23,23
24,23,23,23
24.5,23,23,23
25,23,23,23
25.5,23,23,23
26,23,23,23
26.5,23,23,23
27,23,23,23
27.5,23,23,23
28,23,23,23
28.5,23,23,23
29,23,23,23
29.5,23,23,23
30,23,23,23
30.5,23,23,23
31,23,23,23
31.5,23,23,23
32,23,23,23
32.5,23,23,23
33,23,23,23
33.5,23,23,23
34,23,23,23
34.5,23,23,23
35,23,23,23
35.5,23,23,23
36,23,23,23
36.5,23,23,23
37,23,23,23
37.5,23,23,23
38,23,23,23
38.5,23,23,23
39,23,23,23
39.5,23,23,23
40,23,23,23
40.5,23,23,23
41,23,23,23
41.5,23,23,23
42,23,23,23
42.5,23,23,23
43,23,23,23
43.5,23,23,23
44,23,23,23
44.5,23,23,23
45,23,23,23
45.5,23,23,23
46,23,23,23
46.5,23,23,23
47,23,23,23
47.5,23,23,23
48,23,23,23
48.5,23,23,23
49,23,23,23
49.5,23,23,23
50,23,23,23
50.5,23,23,23
51,23,23,23
51.5,23,23,23
52,23,23,23
52.5,23,23,23
53,23,23,23
53.5,23,23,23
54,23,23,23
54.5,23,23,23
55,23,23,23
55.5,23,23,23
56,23,23,23
56.5,23,23,23
57,23,23,23
57.5,23,23,23
58,23,23,23
58.5,23,23,23
59,23,23,23
59.5,23,23,23
60,23,23,23
60.5,23,23,23
61,23,23,23
61.5,23,23,23
62,23,23,23
62.5,23,23,23
63,23,23,23
63.5,23,23,23
64,23,23,23
64.5,23,23,23
65,23,23,23
65.5,23,23,23
66,23,23,23
66.5,23,23,23
67,23,23,23
67.5,23,23,23
68,23,23,23
68.5,23,23,23
69,23,23,23
69.5,23,23,23
70,23,23,23
70.5,23,23,23
71,23,23,23
71.5,23,23,23
72,23,23,23
72.5,23,23,23
73,23,23,23
73.5,23,23,23
74,23,23,23
74.5,23,23,23
75,23,23,23
75.5,23,23,23
76,23,23,23
76.5,23,23,23
77,23,23,23
77.5,23,23,23
78,23,23,23
78.5,23,23,23
79,23,23,23
79.5,23,23,23
80,23,23,23
80.5,23,23,23
81,23,23,23
81.5,23,23,23
82,23,23,23
82.5,23,23,23
83,23,23,23
83.5,23,23,23
84,23,23,23
84.5,23,23,23
85,23,23,23
85.5,23,23,23
86,23,23,23
86.5,23,23,23
87,23,23,23
87.5,23,23,23
88,23,23,23
88.5,23,23,23
89,23,23,23
89.5,23,23,23
90,23,23,23
90.5,23,23,23
91,23,23,23
91.5,23,23,23
92,23,23,23
92.5,23,23,23
93,23,23,23
93.5,23,23,23
94,23,23,23
94.5,23,23,23
95,23,23,23
95.5,23,23,23
96,23,23,23
96.5,23,23,23
97,23,23,23
97.5,23,23,23
98,23,23,23
98.5,23,23,23
99,23,23,23
99.5,23,23,23
100,23,23,23
100.5,23.01642434,23.01525128,23.00014048
101,23.03278415,23.03044971,23.00055721
101.5,23.04907967,23.04559544,23.00124327
102,23.06531116,23.06068869,23.00219187
102.5,23.08147888,23.07572961,23.00339638
103,23.09758306,23.0907184,23.00485032
103.5,23.11362397,23.10565524,23.00654735
104,23.12960186,23.1205403,23.00848126
104.5,23.14551696,23.13537377,23.010646
105,23.16136952,23.15015582,23.01303563
105.5,23.1771598,23.16488663,23.01564435
106,23.19288803,23.17956639,23.0184665
106.5,23.20855446,23.19419526,23.02149653
107,23.22415933,23.20877342,23.02472903
107.5,23.23970289,23.22330106,23.02815868
108,23.25518538,23.23777834,23.03178032
108.5,23.27060702,23.25220543,23.03558886
109,23.28596808,23.26658252,23.03957936
109.5,23.30126877,23.28090978,23.04374698
110,23.31650935,23.29518737,23.04808696
110.5,23.33169004,23.30941548,23.05259469
111,23.34681108,23.32359427,23.05726563
111.5,23.36187271,23.33772391,23.06209537
112,23.37687515,23.35180458,23.06707955
112.5,23.39181865,23.36583643,23.07221397
113,23.40670343,23.37981966,23.07749447
113.5,23.42152972,23.39375441,23.08291702
114,23.43629776,23.40764086,23.08847765
114.5,23.45100777,23.42147918,23.09417251
115,23.46565998,23.43526953,23.09999781
115.5,23.48025461,23.44901209,23.10594986
116,23.49479191,23.46270701,23.11202505
116.5,23.50927208,23.47635446,23.11821984
117,23.52369535,23.4899546,23.12453078
117.5,23.53806195,23.5035076,23.1309545
118,23.5523721,23.51701363,23.1374877
118.5,23.56662602,23.53047284,23.14412716
119,23.58082394,23.5438854,23.15086972
119.5,23.59496607,23.55725147,23.1577123
120,23.60905263,23.57057121,23.1646519
120.5,23.62308383,23.58384478,23.17168557
121,23.63705991,23.59707234,23.17881043
121.5,23.65098107,23.61025405,23.18602368
122,23.66484753,23.62339007,23.19332256
122.5,23.67865951,23.63648056,23.20070438
123,23.69241722,23.64952567,23.20816653
123.5,23.70612086,23.66252557,23.21570644
124,23.71977067,23.67548041,23.2233216
124.5,23.73336683,23.68839034,23.23100956
125,23.74690958,23.70125553,23.23876793
125.5,23.76039911,23.71407612,23.24659437
126,23.77383564,23.72685227,23.25448659
126.5,23.78721937,23.73958414,23.26244236
127,23.80055052,23.75227188,23.27045949
127.5,23.81382928,23.76491564,23.27853586
128,23.82705587,23.77751557,23.28666937
128.5,23.84023048,23.79007183,23.294858
129,23.85335333,23.80258457,23.30309974
129.5,23.86642462,23.81505393,23.31139267
130,23.87944454,23.82748008,23.31973487
130.5,23.89241331,23.83986315,23.3281245
131,23.90533112,23.8522033,23.33655974
131.5,23.91819817,23.86450068,23.34503882
132,23.93101467,23.87675543,23.35356001
132.5,23.9437808,23.8889677,23.36212162
133,23.95649677,23.90113764,23.370722
133.5,23.96916278,23.91326541,23.37935954
134,23.98177902,23.92535113,23.38803267
134.5,23.99434569,23.93739496,23.39673984
135,24.00686298,23.94939704,23.40547956
135.5,24.01933108,23.96135753,23.41425035
136,24.0317502,23.97327655,23.42305079
136.5,24.04412052,23.98515427,23.43187948
137,24.05644223,23.99699081,23.44073504
137.5,24.06871552,24.00878632,23.44961615
138,24.08094059,24.02054095,23.4585215
138.5,24.09311763,24.03225484,23.46744983
139,24.10524682,24.04392812,23.47639988
139.5,24.11732835,24.05556094,23.48537045
140,24.1293624,24.06715344,23.49436035
140.5,24.14134918,24.07870575,23.50336843
141,24.15328885,24.09021802,23.51239356
141.5,24.16518161,24.10169039,23.52143464
142,24.17702764,24.113123,23.53049059
142.5,24.18882712,24.12451598,23.53956037
143,24.20058024,24.13586946,23.54864295
143.5,24.21228718,24.14718359,23.55773733
144,24.22394812,24.15845851,23.56684253
144.5,24.23556324,24.16969434,23.57595761
145,24.24713272,24.18089123,23.58508163
145.5,24.25865674,24.19204931,23.5942137
146,24.27013548,24.20316871,23.60335292
146.5,24.28156912,24.21424957,23.61249843
147,24.29295783,24.22529202,23.6216494
147.5,24.3043018,24.2362962,23.63080499
148,24.31560118,24.24726223,23.63996442
148.5,24.32685618,24.25819026,23.6491269
149,24.33806694,24.2690804,23.65829166
149.5,24.34923366,24.2799328,23.66745797
150,24.3603565,24.29074758,23.67662511
150.5,24.37143563,24.30152487,23.68579235
151,24.38247124,24.31226481,23.69495902
151.5,24.39346348,24.32296752,23.70412445
152,24.40441252,24.33363313,23.71328798
152.5,24.41531855,24.34426178,23.72244897
153,24.42618173,24.35485358,23.7316068
153.5,24.43700222,24.36540867,23.74076086
154,24.44778019,24.37592717,23.74991057
154.5,24.45851581,24.38640922,23.75905534
155,24.46920925,24.39685493,23.76819463
155.5,24.47986068,24.40726443,23.77732787
156,24.49047025,24.41763786,23.78645454
156.5,24.50103813,24.42797532,23.79557412
157,24.51156449,24.43827696,23.8046861
157.5,24.52204949,24.44854289,23.81379
158,24.53249329,24.45877323,23.82288533
158.5,24.54289605,24.46896811,23.83197163
159,24.55325794,24.47912766,23.84104845
159.5,24.56357911,24.48925199,23.85011533
160,24.57385973,24.49934123,23.85917185
160.5,24.58409996,24.50939549,23.8682176
161,24.59429994,24.51941491,23.87725217
161.5,24.60445985,24.5293996,23.88627515
162,24.61457984,24.53934967,23.89528616
162.5,24.62466006,24.54926526,23.90428484
163,24.63470068,24.55914648,23.9132708
163.5,24.64470184,24.56899345,23.92224371
164,24.65466371,24.57880629,23.9312032
164.5,24.66458643,24.58858512,23.94014896
165,24.67447017,24.59833004,23.94908065
165.5,24.68431506,24.6080412,23.95799796
166,24.69412128,24.61771869,23.96690057
166.5,24.70388896,24.62736263,23.97578819
167,24.71361827,24.63697315,23.98466054
167.5,24.72330934,24.64655036,23.99351731
168,24.73296234,24.65609437,24.00235826
168.5,24.7425774,24.6656053,24.0111831
169,24.75215469,24.67508326,24.01999158
169.5,24.76169435,24.68452837,24.02878345
170,24.77119652,24.69394074,24.03755846
170.5,24.78066135,24.70332048,24.04631639
171,24.790089,24.71266772,24.055057
171.5,24.7994796,24.72198255,24.06378008
172,24.8088333,24.7312651,24.0724854
172.5,24.81815025,24.74051547,24.08117276
173,24.82743059,24.74973378,24.08984197
173.5,24.83667447,24.75892013,24.09849281
174,24.84588202,24.76807465,24.10712511
174.5,24.85505339,24.77719743,24.11573869
175,24.86418873,24.78628859,24.12433336
175.5,24.87328818,24.79534824,24.13290896
176,24.88235187,24.80437649,24.14146532
176.5,24.89137994,24.81337344,24.15000228
177,24.90037254,24.82233921,24.1585197
177.5,24.90932981,24.8312739,24.16701741
178,24.91825188,24.84017762,24.17549527
178.5,24.9271389,24.84905048,24.18395316
179,24.93599099,24.85789258,24.19239092
179.5,24.9448083,24.86670404,24.20080845
180,24.95359097,24.87548495,24.2092056
180.5,24.96233913,24.88423543,24.21758227
181,24.97105291,24.89295557,24.22593833
181.5,24.97973246,24.90164549,24.23427369
182,24.9883779,24.91030529,24.24258822
182.5,24.99698937,24.91893507,24.25088183
183,25.005567,24.92753494,24.25915443
183.5,25.01411093,24.936105,24.26740591
184,25.02262129,24.94464536,24.2756362
184.5,25.03109821,24.95315611,24.28384519
185,25.03954182,24.96163736,24.29203281
185.5,25.04795226,24.97008922,24.30019899
186,25.05632964,24.97851178,24.30834364
186.5,25.06467411,24.98690514,24.3164667
187,25.0729858,24.99526942,24.3245681
187.5,25.08126482,25.0036047,24.33264777
188,25.08951131,25.01191108,24.34070564
188.5,25.0977254,25.02018868,24.34874167
189,25.10590722,25.02843758,24.3567558
189.5,25.11405688,25.0366579,24.36474797
190,25.12217453,25.04484971,24.37271814
190.5,25.13026028,25.05301314,24.38066626
191,25.13831425,25.06114827,24.38859228
191.5,25.14633658,25.0692552,24.39649617
192,25.15432739,25.07733403,24.40437789
192.5,25.1622868,25.08538485,24.41223739
193,25.17021494,25.09340778,24.42007465
193.5,25.17811192,25.10140289,24.42788964
194,25.18597788,25.10937029,24.43568233
194.5,25.19381292,25.11731007,24.4434527
195,25.20161719,25.12522233,24.45120071
195.5,25.20939078,25.13310717,24.45892635
196,25.21713383,25.14096468,24.4666296
196.5,25.22484646,25.14879495,24.47431045
197,25.23252878,25.15659808,24.48196887
197.5,25.24018092,25.16437416,24.48960486
198,25.24780299,25.17212329,24.4972184
198.5,25.25539511,25.17984556,24.50480949
199,25.2629574,25.18754106,24.51237812
199.5,25.27048997,25.19520988,24.51992428
200,25.27799295,25.20285213,24.52744797
200.5,25.28546644,25.21046789,24.5349492
201,25.29291057,25.21805724,24.54242795
201.5,25.30032545,25.2256203,24.54988424
202,25.3077112,25.23315713,24.55731806
202.5,25.31506792,25.24066785,24.56472942
203,25.32239574,25.24815253,24.57211833
203.5,25.32969477,25.25561126,24.5794848
204,25.33696511,25.26304414,24.58682883
204.5,25.34420689,25.27045126,24.59415044
205,25.35142021,25.27783271,24.60144963
205.5,25.35860519,25.28518857,24.60872643
206,25.36576194,25.29251893,24.61598085
206.5,25.37289057,25.29982388,24.62321291
207,25.37999119,25.30710351,24.63042261
207.5,25.3870639,25.31435791,24.63760999
208,25.39410883,25.32158717,24.64477506
208.5,25.40112607,25.32879136,24.65191784
209,25.40811575,25.33597059,24.65903836
209.5,25.41507796,25.34312493,24.66613664
210,25.42201281,25.35025447,24.6732127
210.5,25.42892041,25.3573593,24.68026657
211,25.43580087,25.36443951,24.68729828
211.5,25.4426543,25.37149517,24.69430786
212,25.44948079,25.37852637,24.70129532
212.5,25.45628047,25.38553321,24.70826071
213,25.46305342,25.39251576,24.71520406
213.5,25.46979977,25.3994741,24.72212538
214,25.4765196,25.40640832,24.72902473
214.5,25.48321303,25.41331851,24.73590212
215,25.48988016,25.42020475,24.7427576
215.5,25.4965211,25.42706712,24.7495912
216,25.50313594,25.4339057,24.75640295
216.5,25.50972479,25.44072058,24.76319289
217,25.51628774,25.44751184,24.76996106
217.5,25.52282492,25.45427955,24.7767075
218,25.5293364,25.46102381,24.78343224
218.5,25.5358223,25.46774469,24.79013532
219,25.54228272,25.47444228,24.79681679
219.5,25.54871775,25.48111665,24.80347667
220,25.55512749,25.48776788,24.81011503
220.5,25.56151205,25.49439606,24.81673188
221,25.56787152,25.50100127,24.82332729
221.5,25.57420601,25.50758358,24.82990128
222,25.5805156,25.51414308,24.83645391
222.5,25.58680041,25.52067984,24.84298521
223,25.59306051,25.52719394,24.84949523
223.5,25.59929602,25.53368546,24.85598402
224,25.60550703,25.54015448,24.86245162
224.5,25.61169364,25.54660108,24.86889808
225,25.61785594,25.55302533,24.87532344
225.5,25.62399402,25.55942732,24.88172775
226,25.63010798,25.56580711,24.88811105
226.5,25.63619792,25.57216479,24.8944734
227,25.64226394,25.57850044,24.90081484
227.5,25.64830611,25.58481412,24.90713541
228,25.65432455,25.59110592,24.91343518
228.5,25.66031934,25.59737591,24.91971417
229,25.66629057,25.60362417,24.92597246
229.5,25.67223834,25.60985077,24.93221008
230,25.67816274,25.61605579,24.93842708
230.5,25.68406386,25.6222393,24.94462352
231,25.68994179,25.62840137,24.95079944
231.5,25.69579663,25.63454209,24.9569549
232,25.70162847,25.64066152,24.96308994
232.5,25.70743738,25.64675974,24.96920462
233,25.71322348,25.65283682,24.97529899
233.5,25.71898683,25.65889284,24.9813731
234,25.72472755,25.66492787,24.987427
234.5,25.7304457,25.67094198,24.99346074
235,25.73614139,25.67693524,24.99947438
235.5,25.7418147,25.68290773,25.00546797
236,25.74746571,25.68885952,25.01144156
236.5,25.75309452,25.69479068,25.01739521
237,25.75870122,25.70070127,25.02332896
237.5,25.76428588,25.70659138,25.02924287
238,25.7698486,25.71246108,25.035137
238.5,25.77538946,25.71831043,25.04101139
239,25.78090856,25.7241395,25.0468661
239.5,25.78640596,25.72994837,25.05270119
240,25.79188177,25.73573711,25.0585167
240.5,25.79733605,25.74150578,25.0643127
241,25.80276891,25.74725445,25.07008923
241.5,25.80818042,25.7529832,25.07584636
242,25.81357067,25.75869209,25.08158412
242.5,25.81893974,25.76438119,25.08730259
243,25.82428771,25.77005058,25.09300181
243.5,25.82961466,25.77570031,25.09868184
244,25.83492069,25.78133046,25.10434273
244.5,25.84020587,25.78694109,25.10998454
245,25.84547028,25.79253228,25.11560732
245.5,25.850714,25.79810409,25.12121113
246,25.85593712,25.80365658,25.12679602
246.5,25.86113972,25.80918983,25.13236205
247,25.86632188,25.81470389,25.13790927
247.5,25.87148367,25.82019885,25.14343773
248,25.87662518,25.82567476,25.1489475
248.5,25.88174649,25.83113169,25.15443862
249,25.88684768,25.8365697,25.15991116
249.5,25.89192882,25.84198886,25.16536516
250,25.89698999,25.84738924,25.17080068
250.5,25.90203128,25.8527709,25.17621778
251,25.90705277,25.85813391,25.18161651
251.5,25.91205452,25.86347833,25.18699693
252,25.91703661,25.86880422,25.19235909
252.5,25.92199914,25.87411165,25.19770305
253,25.92694216,25.87940069,25.20302886
253.5,25.93186576,25.88467139,25.20833658
254,25.93677001,25.88992383,25.21362626
254.5,25.941655,25.89515805,25.21889795
255,25.94652079,25.90037414,25.22415172
255.5,25.95136746,25.90557214,25.22938762
256,25.95619508,25.91075213,25.2346057
256.5,25.96100374,25.91591416,25.23980601
257,25.9657935,25.9210583,25.24498862
257.5,25.97056445,25.92618461,25.25015357
258,25.97531664,25.93129315,25.25530092
258.5,25.98005017,25.93638398,25.26043073
259,25.98476509,25.94145717,25.26554305
259.5,25.98946149,25.94651277,25.27063794
260,25.99413943,25.95155085,25.27571544
260.5,25.998799,25.95657147,25.28077562
261,26.00344025,25.96157468,25.28581853
261.5,26.00806327,25.96656055,25.29084421
262,26.01266813,25.97152914,25.29585274
262.5,26.01725489,25.97648051,25.30084416
263,26.02182362,25.98141472,25.30581852
263.5,26.02637441,25.98633182,25.31077588
264,26.03090731,25.99123188,25.31571629
264.5,26.03542241,25.99611495,25.32063981
265,26.03991976,26.0009811,25.32554649
265.5,26.04439944,26.00583038,25.33043639
266,26.04886152,26.01066285,25.33530955
266.5,26.05330606,26.01547857,25.34016603
267,26.05773315,26.0202776,25.34500589
267.5,26.06214283,26.02506,25.34982918
268,26.06653519,26.02982581,25.35463595
268.5,26.0709103,26.03457511,25.35942625
269,26.07526821,26.03930795,25.36420014
269.5,26.07960899,26.04402438,25.36895767
270,26.08393272,26.04872447,25.3736989
270.5,26.08823947,26.05340826,25.37842387
271,26.09252929,26.05807582,25.38313264
271.5,26.09680225,26.0627272,25.38782526
272,26.10105842,26.06736245,25.39250178
272.5,26.10529788,26.07198164,25.39716227
273,26.10952067,26.07658482,25.40180675
273.5,26.11372687,26.08117204,25.4064353
274,26.11791654,26.08574337,25.41104797
274.5,26.12208975,26.09029884,25.41564479
275,26.12624656,26.09483853,25.42022584
275.5,26.13038704,26.09936248,25.42479115
276,26.13451125,26.10387076,25.42934078
276.5,26.13861926,26.1083634,25.43387478
277,26.14271112,26.11284047,25.4383932
277.5,26.14678691,26.11730203,25.4428961
278,26.15084668,26.12174811,25.44738352
278.5,26.1548905,26.12617879,25.45185552
279,26.15891843,26.13059411,25.45631214
279.5,26.16293053,26.13499413,25.46075344
280,26.16692687,26.13937889,25.46517947
280.5,26.17090751,26.14374846,25.46959027
281,26.1748725,26.14810288,25.47398591
281.5,26.17882192,26.15244221,25.47836642
282,26.18275582,26.15676649,25.48273186
282.5,26.18667426,26.16107579,25.48708228
283,26.1905773,26.16537015,25.49141773
283.5,26.19446501,26.16964963,25.49573826
284,26.19833744,26.17391427,25.50004392
284.5,26.20219465,26.17816413,25.50433475
285,26.20603671,26.18239926,25.50861081
285.5,26.20986367,26.18661971,25.51287215
286,26.2136756,26.19082553,25.51711881
286.5,26.21747255,26.19501677,25.52135085
287,26.22125458,26.19919348,25.52556831
287.5,26.22502174,26.20335572,25.52977124
288,26.22877411,26.20750353,25.5339597
288.5,26.23251173,26.21163696,25.53813372
289,26.23623467,26.21575607,25.54229336
289.5,26.23994297,26.21986089,25.54643866
290,26.24363671,26.22395149,25.55056968
290.5,26.24731593,26.22802791,25.55468646
291,26.2509807,26.2320902,25.55878905
291.5,26.25463106,26.23613841,25.56287749
292,26.25826708,26.24017259,25.56695184
292.5,26.26188882,26.24419279,25.57101214
293,26.26549633,26.24819905,25.57505844
293.5,26.26908966,26.25219142,25.57909079
294,26.27266887,26.25616996,25.58310923
294.5,26.27623401,26.2601347,25.58711381
295,26.27978515,26.2640857,25.59110458
295.5,26.28332234,26.26802301,25.59508158
296,26.28684562,26.27194667,25.59904486
296.5,26.29035507,26.27585673,25.60299446
297,26.29385072,26.27975324,25.60693044
297.5,26.29733264,26.28363624,25.61085284
298,26.30080088,26.28750578,25.6147617
298.5,26.30425548,26.29136191,25.61865707
299,26.30769652,26.29520467,25.622539
299.5,26.31112403,26.29903411,25.62640753
300,26.31453808,26.30285028,25.6302627
300.5,26.31793871,26.30665322,25.63410457
301,26.32132598,26.31044298,25.63793317
301.5,26.32469994,26.31421961,25.64174856
302,26.32806065,26.31798314,25.64555077
302.5,26.33140814,26.32173363,25.64933986
303,26.33474249,26.32547112,25.65311586
303.5,26.33806373,26.32919565,25.65687882
304,26.34137192,26.33290727,25.66062878
304.5,26.34466712,26.33660603,25.6643658
305,26.34794937,26.34029197,25.66808991
305.5,26.35121872,26.34396513,25.67180115
306,26.35447522,26.34762556,25.67549958
306.5,26.35771893,26.3512733,25.67918523
307,26.36094989,26.3549084,25.68285815
307.5,26.36416816,26.35853089,25.68651838
308,26.36737378,26.36214083,25.69016596
308.5,26.37056681,26.36573826,25.69380095
309,26.37374729,26.36932322,25.69742337
309.5,26.37691527,26.37289576,25.70103327
310,26.3800708,26.37645591,25.70463071
310.5,26.38321394,26.38000371,25.70821571
311,26.38634473,26.38353923,25.71178832
311.5,26.38946321,26.38706248,25.71534858
312,26.39256944,26.39057353,25.71889654
312.5,26.39566347,26.3940724,25.72243224
313,26.39874534,26.39755915,25.72595572
313.5,26.40181509,26.40103381,25.72946701
314,26.40487279,26.40449643,25.73296617
314.5,26.40791847,26.40794705,25.73645324
315,26.41095219,26.4113857,25.73992825
315.5,26.41397398,26.41481244,25.74339125
316,26.41698391,26.4182273,25.74684227
316.5,26.419982,26.42163032,25.75028137
317,26.42296832,26.42502154,25.75370857
317.5,26.4259429,26.42840101,25.75712393
318,26.42890579,26.43176877,25.76052747
318.5,26.43185704,26.43512486,25.76391925
319,26.43479669,26.43846931,25.7672993
319.5,26.4377248,26.44180217,25.77066766
320,26.44064139,26.44512347,25.77402437
320.5,26.44354653,26.44843327,25.77736948
321,26.44644026,26.45173159,25.78070301
321.5,26.44932261,26.45501848,25.78402502
322,26.45219364,26.45829397,25.78733554
322.5,26.45505338,26.46155811,25.79063461
323,26.45790189,26.46481094,25.79392227
323.5,26.46073921,26.4680525,25.79719856
324,26.46356538,26.47128281,25.80046351
324.5,26.46638044,26.47450193,25.80371718
325,26.46918444,26.4777099,25.80695959
325.5,26.47197743,26.48090674,25.81019078
326,26.47475944,26.4840925,25.81341079
326.5,26.47753052,26.48726722,25.81661967
327,26.48029071,26.49043094,25.81981745
327.5,26.48304005,26.49358369,25.82300416
328,26.4857786,26.49672551,25.82617985
328.5,26.48850638,26.49985644,25.82934455
329,26.49122344,26.50297652,25.8324983
329.5,26.49392983,26.50608578,25.83564114
330,26.49662558,26.50918427,25.83877311
330.5,26.49931074,26.51227201,25.84189424
331,26.50198536,26.51534906,25.84500458
331.5,26.50464946,26.51841543,25.84810415
332,26.50730309,26.52147118,25.85119299
332.5,26.5099463,26.52451634,25.85427115
333,26.51257912,26.52755094,25.85733866
333.5,26.51520159,26.53057503,25.86039555
334,26.51781376,26.53358863,25.86344187
334.5,26.52041567,26.53659179,25.86647764
335,26.52300735,26.53958453,25.86950291
335.5,26.52558885,26.5425669,25.87251771
336,26.52816021,26.54553894,25.87552207
336.5,26.53072146,26.54850067,25.87851604
337,26.53327265,26.55145214,25.88149965
337.5,26.53581382,26.55439338,25.88447293
338,26.538345,26.55732442,25.88743592
338.5,26.54086623,26.5602453,25.89038866
339,26.54337756,26.56315606,25.89333118
339.5,26.54587902,26.56605673,25.89626351
340,26.54837065,26.56894735,25.89918569
340.5,26.55085249,26.57182794,25.90209777
341,26.55332458,26.57469855,25.90499976
341.5,26.55578696,26.57755921,25.9078917
342,26.55823966,26.58040996,25.91077364
342.5,26.56068272,26.58325082,25.9136456
343,26.56311619,26.58608184,25.91650763
343.5,26.56554009,26.58890304,25.91935974
344,26.56795447,26.59171447,25.92220198
344.5,26.57035936,26.59451615,25.92503439
345,26.5727548,26.59730812,25.92785699
345.5,26.57514083,26.60009041,25.93066982
346,26.57751748,26.60286306,25.93347291
346.5,26.5798848,26.60562609,25.9362663
347,26.58224281,26.60837955,25.93905002
347.5,26.58459156,26.61112347,25.9418241
348,26.58693108,26.61385787,25.94458858
348.5,26.5892614,26.6165828,25.94734349
349,26.59158257,26.61929828,25.95008886
349.5,26.59389462,26.62200435,25.95282473
350,26.59619759,26.62470104,25.95555112
350.5,26.5984915,26.62738838,25.95826808
351,26.60077641,26.63006641,25.96097564
351.5,26.60305233,26.63273515,25.96367381
352,26.60531931,26.63539465,25.96636265
352.5,26.60757739,26.63804492,25.96904218
353,26.60982659,26.64068601,25.97171243
353.5,26.61206695,26.64331795,25.97437344
354,26.61429852,26.64594076,25.97702523
354.5,26.61652131,26.64855448,25.97966785
355,26.61873537,26.65115914,25.98230131
355.5,26.62094073,26.65375478,25.98492566
356,26.62313742,26.65634141,25.98754092
356.5,26.62532548,26.65891908,25.99014712
357,26.62750495,26.66148782,25.9927443
357.5,26.62967585,26.66404765,25.99533249
358,26.63183822,26.66659861,25.99791172
358.5,26.63399209,26.66914072,26.00048202
359,26.63613751,26.67167403,26.00304341
359.5,26.63827449,26.67419855,26.00559594
360,26.64040307,26.67671433,26.00813963
360.5,26.64252329,26.67922138,26.01067452
361,26.64463518,26.68171975,26.01320062
361.5,26.64673877,26.68420945,26.01571798
362,26.6488341,26.68669052,26.01822663
362.5,26.65092119,26.689163,26.02072658
363,26.65300009,26.6916269,26.02321788
363.5,26.65507081,26.69408226,26.02570056
364,26.6571334,26.69652912,26.02817463
364.5,26.65918788,26.69896749,26.03064014
365,26.66123429,26.70139741,26.03309712
365.5,26.66327266,26.70381891,26.03554558
366,26.66530302,26.70623201,26.03798557
366.5,26.6673254,26.70863675,26.0404171
367,26.66933984,26.71103315,26.04284022
367.5,26.67134636,26.71342125,26.04525495
368,26.673345,26.71580107,26.04766131
368.5,26.67533578,26.71817264,26.05005934
369,26.67731874,26.72053599,26.05244907
369.5,26.67929391,26.72289115,26.05483052
370,26.68126132,26.72523815,26.05720373
370.5,26.683221,26.72757701,26.05956872
371,26.68517297,26.72990776,26.06192551
371.5,26.68711728,26.73223043,26.06427415
372,26.68905395,26.73454506,26.06661465
372.5,26.69098301,26.73685166,26.06894705
373,26.69290449,26.73915026,26.07127137
373.5,26.69481842,26.7414409,26.07358764
374,26.69672483,26.7437236,26.07589589
374.5,26.69862374,26.74599839,26.07819615
375,26.7005152,26.74826529,26.08048844
375.5,26.70239922,26.75052433,26.08277279
376,26.70427585,26.75277554,26.08504923
376.5,26.70614509,26.75501895,26.08731779
377,26.708007,26.75725459,26.08957849
377.5,26.70986158,26.75948247,26.09183136
378,26.71170888,26.76170263,26.09407643
378.5,26.71354892,26.7639151,26.09631373
379,26.71538174,26.7661199,26.09854328
379.5,26.71720735,26.76831706,26.1007651
380,26.71902578,26.7705066,26.10297924
380.5,26.72083707,26.77268855,26.1051857
381,26.72264125,26.77486293,26.10738452
381.5,26.72443833,26.77702978,26.10957573
382,26.72622836,26.77918912,26.11175935
382.5,26.72801135,26.78134098,26.1139354
383,26.72978733,26.78348538,26.11610392
383.5,26.73155634,26.78562234,26.11826493
384,26.73331839,26.7877519,26.12041846
384.5,26.73507352,26.78987407,26.12256452
385,26.73682176,26.79198889,26.12470316
385.5,26.73856313,26.79409638,26.12683439
386,26.74029765,26.79619656,26.12895823
386.5,26.74202536,26.79828947,26.13107473
387,26.74374628,26.80037512,26.13318389
387.5,26.74546044,26.80245354,26.13528574
388,26.74716786,26.80452475,26.13738032
388.5,26.74886857,26.80658879,26.13946764
389,26.7505626,26.80864567,26.14154774
389.5,26.75224998,26.81069543,26.14362063
390,26.75393072,26.81273807,26.14568634
390.5,26.75560486,26.81477364,26.14774489
391,26.75727242,26.81680215,26.14979632
391.5,26.75893343,26.81882364,26.15184064
392,26.76058792,26.82083811,26.15387788
392.5,26.7622359,26.8228456,26.15590807
393,26.76387741,26.82484613,26.15793122
393.5,26.76551246,26.82683973,26.15994737
394,26.7671411,26.82882642,26.16195653
394.5,26.76876333,26.83080622,26.16395874
395,26.77037919,26.83277916,26.16595401
395.5,26.7719887,26.83474527,26.16794237
396,26.77359188,26.83670455,26.16992384
396.5,26.77518877,26.83865705,26.17189845
397,26.77677938,26.84060278,26.17386622
397.5,26.77836375,26.84254176,26.17582718
398,26.77994188,26.84447402,26.17778135
398.5,26.78151382,26.84639959,26.17972874
399,26.78307958,26.84831848,26.18166939
399.5,26.78463918,26.85023071,26.18360332
400,26.78619266,26.85213633,26.18553056
400.5,26.78774004,26.85403533,26.18745111
401,26.78928133,26.85592775,26.18936502
401.5,26.79081657,26.85781362,26.19127229
402,26.79234577,26.85969295,26.19317296
402.5,26.79386897,26.86156576,26.19506705
403,26.79538618,26.86343208,26.19695458
403.5,26.79689744,26.86529193,26.19883557
404,26.79840275,26.86714534,26.20071004
404.5,26.79990215,26.86899232,26.20257802
405,26.80139565,26.8708329,26.20443954
405.5,26.80288329,26.8726671,26.2062946
406,26.80436508,26.87449494,26.20814324
406.5,26.80584105,26.87631645,26.20998548
407,26.80731122,26.87813164,26.21182133
407.5,26.80877562,26.87994054,26.21365083
408,26.81023426,26.88174317,26.21547399
408.5,26.81168717,26.88353955,26.21729084
409,26.81313437,26.88532971,26.21910139
409.5,26.81457588,26.88711366,26.22090567
410,26.81601173,26.88889143,26.22270371
410.5,26.81744194,26.89066303,26.22449551
411,26.81886652,26.89242849,26.22628111
411.5,26.82028551,26.89418784,26.22806052
412,26.82169893,26.89594109,26.22983378
412.5,26.82310679,26.89768826,26.23160089
413,26.82450912,26.89942937,26.23336187
413.5,26.82590594,26.90116445,26.23511676
414,26.82729727,26.90289351,26.23686557
414.5,26.82868313,26.90461658,26.23860833
415,26.83006355,26.90633368,26.24034504
415.5,26.83143854,26.90804483,26.24207575
416,26.83280814,26.90975004,26.24380045
416.5,26.83417235,26.91144935,26.24551919
417,26.8355312,26.91314276,26.24723197
417.5,26.83688471,26.91483031,26.24893882
418,26.8382329,26.916512,26.25063975
418.5,26.83957579,26.91818787,26.2523348
419,26.84091341,26.91985793,26.25402397
419.5,26.84224577,26.9215222,26.25570729
420,26.8435729,26.9231807,26.25738479
420.5,26.84489481,26.92483345,26.25905647
421,26.84621153,26.92648047,26.26072236
421.5,26.84752307,26.92812179,26.26238248
422,26.84882946,26.92975741,26.26403685
422.5,26.85013072,26.93138737,26.26568549
423,26.85142687,26.93301167,26.26732843
423.5,26.85271792,26.93463035,26.26896567
424,26.8540039,26.93624341,26.27059724
424.5,26.85528482,26.93785089,26.27222315
425,26.85656072,26.93945279,26.27384344
425.5,26.8578316,26.94104914,26.27545811
426,26.85909748,26.94263995,26.2770672
426.5,26.86035839,26.94422525,26.2786707
427,26.86161435,26.94580506,26.28026866
427.5,26.86286538,26.94737939,26.28186108
428,26.86411148,26.94894827,26.28344798
428.5,26.86535269,26.9505117,26.28502939
429,26.86658903,26.95206972,26.28660532
429.5,26.8678205,26.95362234,26.28817579
430,26.86904714,26.95516957,26.28974082
430.5,26.87026896,26.95671144,26.29130043
431,26.87148597,26.95824797,26.29285464
431.5,26.87269821,26.95977917,26.29440346
432,26.87390568,26.96130506,26.29594692
432.5,26.8751084,26.96282567,26.29748504
433,26.87630641,26.964341,26.29901782
433.5,26.8774997,26.96585108,26.3005453
434,26.8786883,26.96735593,26.30206749
434.5,26.87987224,26.96885556,26.3035844
435,26.88105152,26.97035,26.30509606
435.5,26.88222617,26.97183925,26.30660249
436,26.8833962,26.97332334,26.30810369
436.5,26.88456164,26.97480229,26.3095997
437,26.88572249,26.97627611,26.31109052
437.5,26.88687879,26.97774482,26.31257618
438,26.88803054,26.97920844,26.3140567
438.5,26.88917777,26.98066699,26.31553209
439,26.89032049,26.98212048,26.31700236
439.5,26.89145871,26.98356894,26.31846755
440,26.89259247,26.98501237,26.31992765
440.5,26.89372177,26.9864508,26.32138271
441,26.89484664,26.98788425,26.32283272
441.5,26.89596708,26.98931272,26.3242777
442,26.89708312,26.99073625,26.32571769
442.5,26.89819478,26.99215484,26.32715268
443,26.89930207,26.99356851,26.32858271
443.5,26.900405,26.99497728,26.33000778
444,26.90150361,26.99638117,26.33142792
444.5,26.90259789,26.9977802,26.33284313
445,26.90368788,26.99917437,26.33425345
445.5,26.90477359,27.00056372,26.33565888
446,26.90585502,27.00194824,26.33705944
446.5,26.90693221,27.00332797,26.33845515
447,26.90800517,27.00470291,26.33984603
447.5,26.90907391,27.00607309,26.34123209
448,26.91013845,27.00743852,26.34261334
448.5,26.91119881,27.00879922,26.34398982
449,26.912255,27.0101552,26.34536152
449.5,26.91330704,27.01150648,26.34672848
450,26.91435495,27.01285308,26.3480907
450.5,26.91539874,27.01419501,26.3494482
451,26.91643843,27.01553228,26.350801
451.5,26.91747404,27.01686493,26.35214911
452,26.91850557,27.01819295,26.35349255
452.5,26.91953305,27.01951637,26.35483134
453,26.9205565,27.0208352,26.3561655
453.5,26.92157592,27.02214946,26.35749503
454,26.92259134,27.02345917,26.35881995
454.5,26.92360276,27.02476434,26.36014029
455,26.92461022,27.02606498,26.36145606
455.5,26.92561371,27.02736111,26.36276726
456,26.92661326,27.02865275,26.36407393
456.5,26.92760889,27.02993992,26.36537606
457,26.9286006,27.03122262,26.36667369
457.5,26.92958842,27.03250088,26.36796683
458,26.93057235,27.0337747,26.36925548
458.5,26.93155242,27.03504411,26.37053967
459,26.93252864,27.03630912,26.37181941
459.5,26.93350102,27.03756975,26.37309472
460,26.93446958,27.03882601,26.37436562
460.5,26.93543433,27.04007791,26.37563211
461,26.9363953,27.04132547,26.37689421
461.5,26.93735249,27.04256871,26.37815194
462,26.93830591,27.04380764,26.37940532
462.5,26.93925559,27.04504227,26.38065435
463,26.94020154,27.04627263,26.38189906
463.5,26.94114378,27.04749872,26.38313946
464,26.94208231,27.04872056,26.38437555
464.5,26.94301715,27.04993816,26.38560737
465,26.94394832,27.05115155,26.38683492
465.5,26.94487583,27.05236073,26.38805822
466,26.94579969,27.05356571,26.38927729
466.5,26.94671993,27.05476652,26.39049212
467,26.94763655,27.05596317,26.39170276
467.5,26.94854957,27.05715567,26.39290919
468,26.949459,27.05834404,26.39411145
468.5,26.95036486,27.05952829,26.39530955
469,26.95126715,27.06070843,26.39650349
469.5,26.95216591,27.06188448,26.3976933
470,26.95306113,27.06305646,26.39887899
470.5,26.95395283,27.06422438,26.40006057
471,26.95484103,27.06538824,26.40123806
471.5,26.95572574,27.06654807,26.40241147
472,26.95660697,27.06770388,26.40358082
472.5,26.95748475,27.06885569,26.40474611
473,26.95835907,27.0700035,26.40590737
473.5,26.95922995,27.07114734,26.4070646
474,26.96009742,27.07228721,26.40821783
474.5,26.96096147,27.07342312,26.40936707
475,26.96182214,27.07455511,26.41051232
475.5,26.96267942,27.07568316,26.4116536
476,26.96353333,27.07680731,26.41279094
476.5,26.96438388,27.07792756,26.41392433
477,26.9652311,27.07904393,26.4150538
477.5,26.96607498,27.08015643,26.41617935
478,26.96691555,27.08126507,26.41730101
478.5,26.96775281,27.08236987,26.41841878
479,26.96858679,27.08347084,26.41953268
479.5,26.96941749,27.08456799,26.42064272
480,26.97024492,27.08566134,26.42174891
480.5,26.97106911,27.0867509,26.42285128
481,26.97189005,27.08783669,26.42394982
481.5,26.97270777,27.08891871,26.42504456
482,26.97352228,27.08999698,26.42613551
482.5,26.97433359,27.09107151,26.42722268
483,26.97514171,27.09214232,26.42830609
483.5,26.97594665,27.09320942,26.42938574
484,26.97674843,27.09427281,26.43046165
484.5,26.97754706,27.09533253,26.43153383
485,26.97834255,27.09638857,26.43260231
485.5,26.97913492,27.09744094,26.43366708
486,26.97992417,27.09848967,26.43472816
486.5,26.98071032,27.09953477,26.43578556
487,26.98149338,27.10057624,26.43683931
487.5,26.98227337,27.10161411,26.4378894
488,26.98305029,27.10264837,26.43893586
488.5,26.98382416,27.10367905,26.43997869
489,26.98459499,27.10470616,26.44101791
489.5,26.98536278,27.10572971,26.44205353
490,26.98612757,27.10674971,26.44308556
490.5,26.98688934,27.10776617,26.44411402
491,26.98764813,27.10877911,26.44513892
491.5,26.98840393,27.10978854,26.44616026
492,26.98915676,27.11079447,26.44717807
492.5,26.98990664,27.11179692,26.44819235
493,26.99065356,27.11279589,26.44920312
493.5,26.99139756,27.1137914,26.45021039
494,26.99213863,27.11478345,26.45121417
494.5,26.99287678,27.11577207,26.45221447
495,26.99361204,27.11675726,26.45321131
495.5,26.99434441,27.11773904,26.45420469
496,26.9950739,27.11871741,26.45519464
496.5,26.99580052,27.11969239,26.45618115
497,26.99652429,27.120664,26.45716425
497.5,26.99724522,27.12163223,26.45814394
498,26.99796331,27.12259711,26.45912024
498.5,26.99867858,27.12355864,26.46009316
499,26.99939104,27.12451684,26.4610627
499.5,27.0001007,27.12547172,26.46202889
500,27.00080758,27.12642329,26.46299173
500.5,27.00151167,27.12737157,26.46395124
501,27.002213,27.12831655,26.46490742
501.5,27.00291157,27.12925826,26.4658603
502,27.0036074,27.13019671,26.46680987
502.5,27.00430049,27.1311319,26.46775615
503,27.00499086,27.13206385,26.46869915
503.5,27.00567852,27.13299257,26.46963889
504,27.00636348,27.13391807,26.47057537
504.5,27.00704574,27.13484036,26.47150861
505,27.00772533,27.13575946,26.47243862
505.5,27.00840224,27.13667537,26.4733654
506,27.00907649,27.13758811,26.47428898
506.5,27.0097481,27.13849768,26.47520935
507,27.01041706,27.1394041,26.47612654
507.5,27.0110834,27.14030738,26.47704055
508,27.01174712,27.14120752,26.47795139
508.5,27.01240823,27.14210455,26.47885908
509,27.01306674,27.14299847,26.47976363
509.5,27.01372267,27.14388929,26.48066504
510,27.01437601,27.14477702,26.48156333
510.5,27.0150268,27.14566167,26.48245851
511,27.01567502,27.14654326,26.48335059
511.5,27.0163207,27.14742179,26.48423957
512,27.01696384,27.14829728,26.48512548
512.5,27.01760445,27.14916973,26.48600832
513,27.01824255,27.15003916,26.4868881
513.5,27.01887813,27.15090557,26.48776484
514,27.01951122,27.15176899,26.48863853
514.5,27.02014183,27.1526294,26.48950921
515,27.02076995,27.15348684,26.49037686
515.5,27.02139561,27.15434131,26.49124151
516,27.02201881,27.15519281,26.49210317
516.5,27.02263956,27.15604136,26.49296184
517,27.02325787,27.15688697,26.49381753
517.5,27.02387375,27.15772965,26.49467026
518,27.02448722,27.1585694,26.49552004
518.5,27.02509827,27.15940625,26.49636688
519,27.02570692,27.1602402,26.49721078
519.5,27.02631318,27.16107125,26.49805176
520,27.02691705,27.16189943,26.49888982
520.5,27.02751856,27.16272473,26.49972498
521,27.0281177,27.16354718,26.50055725
521.5,27.02871448,27.16436677,26.50138664
522,27.02930893,27.16518352,26.50221315
522.5,27.02990103,27.16599744,26.50303681
523,27.03049081,27.16680854,26.5038576
523.5,27.03107827,27.16761683,26.50467556
524,27.03166342,27.16842232,26.50549068
524.5,27.03224628,27.16922501,26.50630298
525,27.03282684,27.17002493,26.50711246
525.5,27.03340513,27.17082207,26.50791914
526,27.03398114,27.17161644,26.50872303
526.5,27.03455488,27.17240807,26.50952413
527,27.03512638,27.17319694,26.51032246
527.5,27.03569562,27.17398309,26.51111802
528,27.03626263,27.17476651,26.51191083
528.5,27.03682742,27.17554721,26.51270089
529,27.03738998,27.17632521,26.51348821
529.5,27.03795033,27.17710051,26.51427281
530,27.03850848,27.17787313,26.51505469
530.5,27.03906444,27.17864307,26.51583386
531,27.03961822,27.17941033,26.51661033
531.5,27.04016981,27.18017494,26.51738411
532,27.04071924,27.1809369,26.51815521
532.5,27.04126652,27.18169622,26.51892364
533,27.04181164,27.1824529,26.51968941
533.5,27.04235462,27.18320696,26.52045253
534,27.04289546,27.18395841,26.521213
534.5,27.04343418,27.18470725,26.52197084
535,27.04397079,27.1854535,26.52272605
535.5,27.04450528,27.18619716,26.52347865
536,27.04503768,27.18693825,26.52422864
536.5,27.04556798,27.18767676,26.52497604
537,27.0460962,27.18841272,26.52572084
537.5,27.04662234,27.18914612,26.52646307
538,27.04714642,27.18987698,26.52720272
538.5,27.04766844,27.19060531,26.52793981
539,27.0481884,27.19133112,26.52867435
539.5,27.04870633,27.1920544,26.52940635
540,27.04922221,27.19277519,26.5301358
540.5,27.04973607,27.19349347,26.53086274
541,27.05024792,27.19420926,26.53158715
541.5,27.05075775,27.19492257,26.53230905
542,27.05126557,27.19563341,26.53302846
542.5,27.05177141,27.19634179,26.53374537
543,27.05227525,27.19704771,26.5344598
543.5,27.05277712,27.19775118,26.53517176
544,27.05327701,27.19845222,26.53588124
544.5,27.05377494,27.19915082,26.53658827
545,27.05427091,27.19984701,26.53729286
545.5,27.05476493,27.20054078,26.537995
546,27.05525701,27.20123214,26.53869471
546.5,27.05574716,27.20192111,26.53939199
547,27.05623539,27.20260769,26.54008686
547.5,27.05672169,27.20329189,26.54077933
548,27.05720608,27.20397372,26.54146939
548.5,27.05768857,27.20465319,26.54215707
549,27.05816917,27.2053303,26.54284236
549.5,27.05864787,27.20600507,26.54352528
550,27.0591247,27.20667749,26.54420583
550.5,27.05959965,27.20734759,26.54488403
551,27.06007274,27.20801536,26.54555987
551.5,27.06054396,27.20868082,26.54623338
552,27.06101334,27.20934397,26.54690455
552.5,27.06148087,27.21000482,26.5475734
553,27.06194656,27.21066338,26.54823993
553.5,27.06241042,27.21131966,26.54890415
554,27.06287247,27.21197366,26.54956608
554.5,27.06333269,27.2126254,26.55022571
555,27.06379111,27.21327488,26.55088305
555.5,27.06424772,27.21392211,26.55153812
556,27.06470255,27.21456709,26.55219092
556.5,27.06515558,27.21520984,26.55284145
557,27.06560684,27.21585036,26.55348974
557.5,27.06605632,27.21648866,26.55413577
558,27.06650403,27.21712474,26.55477957
558.5,27.06694999,27.21775863,26.55542115
559,27.06739419,27.21839031,26.55606049
559.5,27.06783665,27.21901981,26.55669763
560,27.06827737,27.21964712,26.55733255
560.5,27.06871636,27.22027226,26.55796528
561,27.06915362,27.22089523,26.55859582
561.5,27.06958917,27.22151605,26.55922417
562,27.070023,27.22213471,26.55985034
562.5,27.07045513,27.22275122,26.56047435
563,27.07088556,27.2233656,26.56109619
563.5,27.0713143,27.22397785,26.56171589
564,27.07174136,27.22458798,26.56233343
564.5,27.07216673,27.22519599,26.56294884
565,27.07259044,27.2258019,26.56356211
565.5,27.07301248,27.22640571,26.56417326
566,27.07343286,27.22700742,26.56478229
566.5,27.07385159,27.22760705,26.56538921
567,27.07426868,27.22820459,26.56599403
567.5,27.07468413,27.22880007,26.56659676
568,27.07509794,27.22939349,26.5671974
568.5,27.07551013,27.22998484,26.56779596
569,27.0759207,27.23057415,26.56839244
569.5,27.07632965,27.23116141,26.56898686
570,27.076737,27.23174664,26.56957922
570.5,27.07714275,27.23232984,26.57016952
571,27.0775469,27.23291102,26.57075779
571.5,27.07794947,27.23349018,26.57134401
572,27.07835045,27.23406734,26.5719282
572.5,27.07874986,27.2346425,26.57251038
573,27.0791477,27.23521566,26.57309053
573.5,27.07954398,27.23578683,26.57366867
574,27.07993869,27.23635603,26.57424482
574.5,27.08033186,27.23692325,26.57481896
575,27.08072348,27.23748851,26.57539112
575.5,27.08111357,27.23805181,26.5759613
576,27.08150212,27.23861315,26.5765295
576.5,27.08188914,27.23917255,26.57709573
577,27.08227465,27.23973001,26.57766
577.5,27.08265864,27.24028554,26.57822232
578,27.08304112,27.24083914,26.57878269
578.5,27.08342209,27.24139083,26.57934111
579,27.08380158,27.2419406,26.57989761
579.5,27.08417956,27.24248846,26.58045217
580,27.08455607,27.24303443,26.58100482
580.5,27.08493109,27.2435785,26.58155555
581,27.08530464,27.24412069,26.58210437
581.5,27.08567673,27.244661,26.5826513
582,27.08604735,27.24519944,26.58319632
582.5,27.08641651,27.24573601,26.58373946
583,27.08678423,27.24627072,26.58428072
583.5,27.0871505,27.24680357,26.58482011
584,27.08751533,27.24733458,26.58535762
584.5,27.08787873,27.24786375,26.58589328
585,27.0882407,27.24839109,26.58642707
585.5,27.08860124,27.24891659,26.58695902
586,27.08896037,27.24944028,26.58748913
586.5,27.08931809,27.24996215,26.5880174
587,27.08967441,27.25048221,26.58854384
587.5,27.09002932,27.25100047,26.58906846
588,27.09038284,27.25151693,26.58959126
588.5,27.09073497,27.2520316,26.59011225
589,27.09108571,27.25254449,26.59063143
589.5,27.09143508,27.2530556,26.59114882
590,27.09178308,27.25356494,26.59166441
590.5,27.09212971,27.25407252,26.59217822
591,27.09247497,27.25457833,26.59269025
591.5,27.09281888,27.25508239,26.5932005
592,27.09316144,27.2555847,26.59370899
592.5,27.09350265,27.25608528,26.59421572
593,27.09384252,27.25658411,26.59472069
593.5,27.09418106,27.25708122,26.59522391
594,27.09451826,27.25757661,26.59572539
594.5,27.09485414,27.25807027,26.59622513
595,27.0951887,27.25856223,26.59672314
595.5,27.09552195,27.25905248,26.59721942
596,27.09585389,27.25954104,26.59771399
596.5,27.09618452,27.26002789,26.59820684
597,27.09651385,27.26051307,26.59869799
597.5,27.09684189,27.26099656,26.59918743
598,27.09716864,27.26147837,26.59967518
598.5,27.09749411,27.26195851,26.60016124
599,27.0978183,27.26243699,26.60064562
599.5,27.09814121,27.26291381,26.60112832
600,27.09846286,27.26338898,26.60160935
600.5,27.09878324,27.2638625,26.60208871
601,27.09910236,27.26433438,26.60256641
601.5,27.09942023,27.26480463,26.60304245
602,27.09973685,27.26527324,26.60351685
602.5,27.10005222,27.26574023,26.6039896
603,27.10036636,27.2662056,26.60446072
603.5,27.10067926,27.26666936,26.6049302
604,27.10099094,27.26713151,26.60539806
604.5,27.10130138,27.26759206,26.6058643
605,27.10161061,27.26805101,26.60632892
605.5,27.10191862,27.26850838,26.60679193
606,27.10222543,27.26896415,26.60725334
606.5,27.10253102,27.26941835,26.60771315
607,27.10283542,27.26987097,26.60817137
607.5,27.10313862,27.27032202,26.608628
608,27.10344063,27.27077151,26.60908305
608.5,27.10374145,27.27121945,26.60953652
609,27.10404109,27.27166583,26.60998842
609.5,27.10433955,27.27211066,26.61043876
610,27.10463685,27.27255395,26.61088754
610.5,27.10493297,27.2729957,26.61133476
611,27.10522793,27.27343592,26.61178043
611.5,27.10552173,27.27387462,26.61222456
612,27.10581437,27.2743118,26.61266715
612.5,27.10610587,27.27474746,26.61310821
613,27.10639622,27.27518161,26.61354774
613.5,27.10668542,27.27561425,26.61398575
614,27.1069735,27.2760454,26.61442224
614.5,27.10726044,27.27647505,26.61485722
615,27.10754625,27.27690321,26.61529069
615.5,27.10783094,27.27732989,26.61572266
616,27.10811451,27.27775509,26.61615314
616.5,27.10839697,27.27817882,26.61658212
617,27.10867832,27.27860107,26.61700962
617.5,27.10895856,27.27902187,26.61743564
618,27.1092377,27.2794412,26.61786018
618.5,27.10951574,27.27985908,26.61828325
619,27.1097927,27.28027551,26.61870485
619.5,27.11006856,27.2806905,26.619125
620,27.11034334,27.28110405,26.61954369
620.5,27.11061704,27.28151617,26.61996093
621,27.11088966,27.28192686,26.62037672
621.5,27.11116122,27.28233613,26.62079107
622,27.1114317,27.28274397,26.62120399
622.5,27.11170112,27.2831504,26.62161548
623,27.11196949,27.28355543,26.62202554
623.5,27.1122368,27.28395905,26.62243419
624,27.11250306,27.28436127,26.62284141
624.5,27.11276827,27.2847621,26.62324723
625,27.11303244,27.28516154,26.62365164
625.5,27.11329558,27.28555959,26.62405465
626,27.11355768,27.28595626,26.62445626
626.5,27.11381875,27.28635156,26.62485649
627,27.11407879,27.28674549,26.62525532
627.5,27.11433781,27.28713805,26.62565278
628,27.11459582,27.28752925,26.62604886
628.5,27.11485281,27.2879191,26.62644356
629,27.11510879,27.2883076,26.6268369
629.5,27.11536376,27.28869474,26.62722888
630,27.11561774,27.28908055,26.6276195
630.5,27.11587071,27.28946502,26.62800876
631,27.11612269,27.28984816,26.62839668
631.5,27.11637368,27.29022996,26.62878326
632,27.11662369,27.29061045,26.62916849
632.5,27.11687271,27.29098961,26.62955239
633,27.11712076,27.29136747,26.62993496
633.5,27.11736782,27.29174401,26.63031621
634,27.11761392,27.29211925,26.63069613
634.5,27.11785906,27.29249318,26.63107474
635,27.11810322,27.29286582,26.63145204
635.5,27.11834643,27.29323717,26.63182803
636,27.11858869,27.29360723,26.63220272
636.5,27.11882999,27.29397601,26.63257611
637,27.11907034,27.29434351,26.63294821
637.5,27.11930975,27.29470974,26.63331902
638,27.11954822,27.2950747,26.63368854
638.5,27.11978575,27.29543839,26.63405678
639,27.12002235,27.29580082,26.63442375
639.5,27.12025802,27.29616199,26.63478945
640,27.12049276,27.29652192,26.63515388
640.5,27.12072658,27.29688059,26.63551705
641,27.12095948,27.29723803,26.63587896
641.5,27.12119146,27.29759422,26.63623961
642,27.12142254,27.29794918,26.63659902
642.5,27.12165271,27.29830291,26.63695718
643,27.12188197,27.29865541,26.63731411
643.5,27.12211033,27.29900669,26.63766979
644,27.12233779,27.29935675,26.63802425
644.5,27.12256436,27.2997056,26.63837747
645,27.12279004,27.30005324,26.63872947
645.5,27.12301484,27.30039968,26.63908026
646,27.12323875,27.30074491,26.63942983
646.5,27.12346178,27.30108895,26.63977818
647,27.12368393,27.3014318,26.64012533
647.5,27.12390521,27.30177346,26.64047128
648,27.12412562,27.30211393,26.64081603
648.5,27.12434517,27.30245322,26.64115959
649,27.12456385,27.30279134,26.64150195
649.5,27.12478168,27.30312828,26.64184313
650,27.12499864,27.30346406,26.64218313
650.5,27.12521476,27.30379867,26.64252195
651,27.12543002,27.30413213,26.6428596
651.5,27.12564444,27.30446442,26.64319607
652,27.12585802,27.30479557,26.64353138
652.5,27.12607076,27.30512557,26.64386553
653,27.12628266,27.30545442,26.64419853
653.5,27.12649373,27.30578213,26.64453037
654,27.12670397,27.30610871,26.64486106
654.5,27.12691339,27.30643416,26.6451906
655,27.12712198,27.30675848,26.645519
655.5,27.12732975,27.30708167,26.64584627
656,27.12753671,27.30740374,26.6461724
656.5,27.12774285,27.3077247,26.6464974
657,27.12794818,27.30804455,26.64682128
657.5,27.12815271,27.30836328,26.64714403
658,27.12835643,27.30868091,26.64746567
658.5,27.12855935,27.30899744,26.64778619
659,27.12876147,27.30931288,26.6481056
659.5,27.1289628,27.30962722,26.64842391
660,27.12916334,27.30994047,26.64874111
660.5,27.12936309,27.31025263,26.64905722
661,27.12956206,27.31056371,26.64937223
661.5,27.12976024,27.31087372,26.64968615
662,27.12995765,27.31118265,26.64999898
662.5,27.13015428,27.31149051,26.65031072
663,27.13035014,27.3117973,26.65062139
663.5,27.13054522,27.31210303,26.65093098
664,27.13073954,27.31240769,26.6512395
664.5,27.1309331,27.31271131,26.65154695
665,27.1311259,27.31301387,26.65185334
665.5,27.13131794,27.31331538,26.65215866
666,27.13150922,27.31361585,26.65246293
666.5,27.13169976,27.31391527,26.65276614
667,27.13188954,27.31421366,26.65306831
667.5,27.13207858,27.31451101,26.65336942
668,27.13226688,27.31480733,26.65366949
668.5,27.13245443,27.31510263,26.65396853
669,27.13264125,27.3153969,26.65426653
669.5,27.13282734,27.31569015,26.65456349
670,27.13301269,27.31598238,26.65485943
670.5,27.13319732,27.31627361,26.65515434
671,27.13338122,27.31656382,26.65544823
671.5,27.13356439,27.31685303,26.6557411
672,27.13374685,27.31714123,26.65603296
672.5,27.13392859,27.31742843,26.65632381
673,27.13410962,27.31771464,26.65661365
673.5,27.13428994,27.31799986,26.65690248
674,27.13446954,27.31828409,26.65719032
674.5,27.13464844,27.31856733,26.65747715
675,27.13482664,27.3188496,26.657763
675.5,27.13500414,27.31913088,26.65804785
676,27.13518094,27.31941119,26.65833172
676.5,27.13535705,27.31969053,26.6586146
677,27.13553246,27.31996889,26.65889651
677.5,27.13570719,27.3202463,26.65917744
678,27.13588123,27.32052274,26.65945739
678.5,27.13605458,27.32079823,26.65973638
679,27.13622725,27.32107275,26.6600144
679.5,27.13639925,27.32134633,26.66029145
680,27.13657057,27.32161896,26.66056755
680.5,27.13674121,27.32189065,26.66084269
681,27.13691119,27.32216139,26.66111687
681.5,27.1370805,27.32243119,26.66139011
682,27.13724914,27.32270006,26.6616624
682.5,27.13741712,27.322968,26.66193375
683,27.13758444,27.32323501,26.66220416
683.5,27.1377511,27.32350109,26.66247363
684,27.13791711,27.32376625,26.66274217
684.5,27.13808246,27.32403049,26.66300977
685,27.13824717,27.32429382,26.66327645
685.5,27.13841122,27.32455623,26.66354221
686,27.13857464,27.32481773,26.66380705
686.5,27.13873741,27.32507833,26.66407097
687,27.13889954,27.32533802,26.66433397
687.5,27.13906104,27.32559682,26.66459606
688,27.1392219,27.32585471,26.66485725
688.5,27.13938212,27.32611172,26.66511753
689,27.13954172,27.32636783,26.66537691
689.5,27.13970069,27.32662305,26.66563539
690,27.13985904,27.32687739,26.66589298
690.5,27.14001677,27.32713085,26.66614967
691,27.14017387,27.32738343,26.66640547
691.5,27.14033036,27.32763513,26.66666039
692,27.14048623,27.32788596,26.66691443
692.5,27.14064149,27.32813593,26.66716758
693,27.14079614,27.32838502,26.66741986
693.5,27.14095018,27.32863325,26.66767127
694,27.14110362,27.32888062,26.6679218
694.5,27.14125645,27.32912714,26.66817147
695,27.14140869,27.3293728,26.66842027
695.5,27.14156032,27.32961761,26.66866821
696,27.14171136,27.32986157,26.66891529
696.5,27.14186181,27.33010468,26.66916151
697,27.14201167,27.33034695,26.66940688
697.5,27.14216093,27.33058838,26.66965141
698,27.14230961,27.33082898,26.66989508
698.5,27.14245771,27.33106874,26.67013791
699,27.14260522,27.33130767,26.6703799
699.5,27.14275216,27.33154577,26.67062105
700,27.14289851,27.33178304,26.67086137
700.5,27.14304429,27.3320195,26.67110085
701,27.1431895,27.33225513,26.67133951
701.5,27.14333414,27.33248995,26.67157734
702,27.14347821,27.33272395,26.67181434
702.5,27.14362171,27.33295714,26.67205052
703,27.14376465,27.33318953,26.67228589
703.5,27.14390703,27.33342111,26.67252044
704,27.14404885,27.33365188,26.67275417
704.5,27.14419011,27.33388186,26.6729871
705,27.14433082,27.33411104,26.67321922
705.5,27.14447097,27.33433942,26.67345054
706,27.14461058,27.33456702,26.67368105
706.5,27.14474963,27.33479382,26.67391077
707,27.14488814,27.33501984,26.67413969
707.5,27.1450261,27.33524507,26.67436782
708,27.14516353,27.33546952,26.67459516
708.5,27.14530041,27.3356932,26.67482171
709,27.14543675,27.3359161,26.67504748
709.5,27.14557256,27.33613823,26.67527246
710,27.14570783,27.33635959,26.67549667
710.5,27.14584258,27.33658018,26.67572009
711,27.14597679,27.3368,26.67594275
711.5,27.14611048,27.33701907,26.67616463
712,27.14624364,27.33723737,26.67638574
712.5,27.14637628,27.33745492,26.67660609
713,27.14650839,27.33767171,26.67682568
713.5,27.14663999,27.33788775,26.6770445
714,27.14677107,27.33810305,26.67726257
714.5,27.14690164,27.3383176,26.67747988
715,27.14703169,27.3385314,26.67769644
715.5,27.14716123,27.33874446,26.67791225
716,27.14729026,27.33895679,26.67812731
716.5,27.14741879,27.33916837,26.67834162
717,27.14754681,27.33937923,26.6785552
717.5,27.14767433,27.33958935,26.67876803
718,27.14780134,27.33979875,26.67898013
718.5,27.14792786,27.34000742,26.67919149
719,27.14805388,27.34021536,26.67940212
719.5,27.1481794,27.34042259,26.67961202
720,27.14830444,27.3406291,26.67982119
720.5,27.14842898,27.34083489,26.68002964
721,27.14855303,27.34103997,26.68023737
721.5,27.14867659,27.34124433,26.68044438
722,27.14879967,27.34144799,26.68065067
722.5,27.14892226,27.34165095,26.68085624
723,27.14904438,27.3418532,26.6810611
723.5,27.14916601,27.34205474,26.68126526
724,27.14928716,27.34225559,26.68146871
724.5,27.14940784,27.34245575,26.68167145
725,27.14952805,27.34265521,26.68187349
725.5,27.14964778,27.34285398,26.68207483
726,27.14976704,27.34305206,26.68227547
726.5,27.14988583,27.34324945,26.68247542
727,27.15000416,27.34344616,26.68267467
727.5,27.15012202,27.34364218,26.68287324
728,27.15023942,27.34383753,26.68307111
728.5,27.15035636,27.3440322,26.6832683
729,27.15047284,27.3442262,26.68346481
729.5,27.15058886,27.34441952,26.68366064
730,27.15070442,27.34461217,26.68385579
730.5,27.15081953,27.34480416,26.68405026
731,27.15093419,27.34499548,26.68424406
731.5,27.1510484,27.34518614,26.68443719
732,27.15116216,27.34537613,26.68462965
732.5,27.15127547,27.34556547,26.68482145
733,27.15138833,27.34575415,26.68501257
733.5,27.15150076,27.34594218,26.68520304
734,27.15161274,27.34612955,26.68539285
734.5,27.15172428,27.34631628,26.685582
735,27.15183538,27.34650236,26.68577049
735.5,27.15194605,27.34668779,26.68595833
736,27.15205628,27.34687258,26.68614552
736.5,27.15216608,27.34705673,26.68633207
737,27.15227544,27.34724024,26.68651796
737.5,27.15238438,27.34742312,26.68670321
738,27.15249289,27.34760536,26.68688782
738.5,27.15260097,27.34778697,26.6870718
739,27.15270863,27.34796795,26.68725513
739.5,27.15281587,27.34814831,26.68743783
740,27.15292268,27.34832803,26.68761989
740.5,27.15302907,27.34850714,26.68780133
741,27.15313505,27.34868562,26.68798214
741.5,27.15324061,27.34886349,26.68816232
742,27.15334576,27.34904074,26.68834187
742.5,27.15345049,27.34921738,26.68852081
743,27.15355481,27.3493934,26.68869912
743.5,27.15365872,27.34956881,26.68887682
744,27.15376222,27.34974362,26.6890539
744.5,27.15386531,27.34991781,26.68923037
745,27.153968,27.35009141,26.68940623
745.5,27.15407029,27.3502644,26.68958147
746,27.15417218,27.3504368,26.68975612
746.5,27.15427366,27.35060859,26.68993015
747,27.15437475,27.35077979,26.69010358
747.5,27.15447543,27.3509504,26.69027642
748,27.15457573,27.35112042,26.69044865
748.5,27.15467563,27.35128984,26.69062029
749,27.15477513,27.35145868,26.69079133
749.5,27.15487425,27.35162693,26.69096178
750,27.15497297,27.35179461,26.69113164
750.5,27.15507131,27.3519617,26.69130091
751,27.15516926,27.35212821,26.6914696
751.5,27.15526683,27.35229414,26.6916377
752,27.15536401,27.3524595,26.69180521
752.5,27.15546081,27.35262428,26.69197215
753,27.15555724,27.3527885,26.69213851
753.5,27.15565328,27.35295214,26.6923043
754,27.15574894,27.35311522,26.69246951
754.5,27.15584423,27.35327773,26.69263414
755,27.15593915,27.35343968,26.69279821
755.5,27.15603369,27.35360107,26.69296171
756,27.15612786,27.35376189,26.69312464
756.5,27.15622166,27.35392216,26.69328701
757,27.15631509,27.35408188,26.69344881
757.5,27.15640815,27.35424104,26.69361006
758,27.15650085,27.35439965,26.69377075
758.5,27.15659319,27.35455771,26.69393088
759,27.15668516,27.35471522,26.69409045
759.5,27.15677677,27.35487219,26.69424947
760,27.15686802,27.35502861,26.69440794
760.5,27.15695891,27.35518449,26.69456587
761,27.15704945,27.35533983,26.69472324
761.5,27.15713962,27.35549463,26.69488007
762,27.15722945,27.3556489,26.69503636
762.5,27.15731892,27.35580263,26.69519211
763,27.15740804,27.35595582,26.69534731
763.5,27.15749681,27.35610849,26.69550198
764,27.15758523,27.35626063,26.69565612
764.5,27.1576733,27.35641224,26.69580972
765,27.15776103,27.35656332,26.69596278
765.5,27.15784842,27.35671388,26.69611532
766,27.15793545,27.35686392,26.69626733
766.5,27.15802215,27.35701344,26.69641881
767,27.15810851,27.35716244,26.69656977
767.5,27.15819453,27.35731092,26.6967202
768,27.15828021,27.35745889,26.69687012
768.5,27.15836555,27.35760634,26.69701951
769,27.15845056,27.35775329,26.69716839
769.5,27.15853523,27.35789973,26.69731675
770,27.15861957,27.35804565,26.69746459
770.5,27.15870358,27.35819108,26.69761193
771,27.15878726,27.35833599,26.69775875
771.5,27.15887061,27.35848041,26.69790507
772,27.15895363,27.35862432,26.69805088
772.5,27.15903633,27.35876774,26.69819618
773,27.1591187,27.35891066,26.69834099
773.5,27.15920075,27.35905308,26.69848528
774,27.15928248,27.35919501,26.69862908
774.5,27.15936388,27.35933645,26.69877239
775,27.15944497,27.3594774,26.69891519
775.5,27.15952573,27.35961786,26.6990575
776,27.15960618,27.35975783,26.69919932
776.5,27.15968631,27.35989732,26.69934065
777,27.15976613,27.36003632,26.69948148
777.5,27.15984564,27.36017485,26.69962183
778,27.15992483,27.36031289,26.69976169
778.5,27.16000371,27.36045045,26.69990107
779,27.16008228,27.36058754,26.70003997
779.5,27.16016054,27.36072415,26.70017838
780,27.1602385,27.36086029,26.70031632
780.5,27.16031614,27.36099595,26.70045377
781,27.16039349,27.36113115,26.70059076
781.5,27.16047053,27.36126588,26.70072726
782,27.16054726,27.36140014,26.7008633
782.5,27.1606237,27.36153393,26.70099886
783,27.16069983,27.36166726,26.70113395
783.5,27.16077567,27.36180013,26.70126858
784,27.16085121,27.36193254,26.70140273
784.5,27.16092645,27.36206449,26.70153643
785,27.16100139,27.36219598,26.70166966
785.5,27.16107604,27.36232702,26.70180243
786,27.1611504,27.3624576,26.70193474
786.5,27.16122446,27.36258773,26.70206659
787,27.16129824,27.36271741,26.70219798
787.5,27.16137172,27.36284664,26.70232892
788,27.16144492,27.36297542,26.70245941
788.5,27.16151783,27.36310375,26.70258944
789,27.16159045,27.36323164,26.70271903
789.5,27.16166278,27.36335909,26.70284816
790,27.16173484,27.36348609,26.70297685
790.5,27.1618066,27.36361266,26.70310509
791,27.16187809,27.36373879,26.70323289
791.5,27.1619493,27.36386447,26.70336024
792,27.16202022,27.36398973,26.70348716
792.5,27.16209087,27.36411455,26.70361363
793,27.16216124,27.36423893,26.70373967
793.5,27.16223133,27.36436289,26.70386527
794,27.16230115,27.36448641,26.70399043
794.5,27.16237069,27.36460951,26.70411516
795,27.16243997,27.36473218,26.70423946
795.5,27.16250896,27.36485443,26.70436333
796,27.16257769,27.36497625,26.70448677
796.5,27.16264615,27.36509765,26.70460978
797,27.16271433,27.36521863,26.70473236
797.5,27.16278225,27.36533918,26.70485452
798,27.16284991,27.36545933,26.70497626
798.5,27.1629173,27.36557905,26.70509758
799,27.16298442,27.36569836,26.70521847
799.5,27.16305128,27.36581726,26.70533895
800,27.16311787,27.36593574,26.70545901
800.5,27.16318421,27.36605381,26.70557865
801,27.16325028,27.36617148,26.70569788
801.5,27.1633161,27.36628874,26.7058167
802,27.16338165,27.36640559,26.7059351
802.5,27.16344695,27.36652203,26.7060531
803,27.16351199,27.36663807,26.70617069
803.5,27.16357678,27.36675371,26.70628786
804,27.16364131,27.36686895,26.70640464
804.5,27.16370558,27.36698379,26.70652101
805,27.16376961,27.36709823,26.70663697
805.5,27.16383338,27.36721227,26.70675253
806,27.16389691,27.36732592,26.7068677
806.5,27.16396018,27.36743918,26.70698246
807,27.1640232,27.36755204,26.70709683
807.5,27.16408598,27.36766451,26.7072108
808,27.16414851,27.36777659,26.70732438
808.5,27.1642108,27.36788828,26.70743756
809,27.16427284,27.36799959,26.70755035
809.5,27.16433463,27.36811051,26.70766275
810,27.16439619,27.36822105,26.70777476
810.5,27.1644575,27.3683312,26.70788638
811,27.16451857,27.36844097,26.70799762
811.5,27.1645794,27.36855036,26.70810847
812,27.16463999,27.36865937,26.70821893
812.5,27.16470034,27.368768,26.70832902
813,27.16476046,27.36887626,26.70843872
813.5,27.16482034,27.36898414,26.70854804
814,27.16487999,27.36909165,26.70865699
814.5,27.1649394,27.36919878,26.70876555
815,27.16499857,27.36930554,26.70887374
815.5,27.16505752,27.36941194,26.70898156
816,27.16511623,27.36951796,26.709089
816.5,27.16517471,27.36962362,26.70919607
817,27.16523297,27.36972891,26.70930277
817.5,27.16529099,27.36983384,26.7094091
818,27.16534879,27.3699384,26.70951506
818.5,27.16540635,27.3700426,26.70962066
819,27.1654637,27.37014643,26.70972589
819.5,27.16552081,27.37024991,26.70983075
820,27.16557771,27.37035303,26.70993525
820.5,27.16563438,27.3704558,26.71003939
821,27.16569082,27.3705582,26.71014317
821.5,27.16574705,27.37066025,26.71024659
822,27.16580305,27.37076195,26.71034965
822.5,27.16585883,27.3708633,26.71045235
823,27.1659144,27.37096429,26.7105547
823.5,27.16596974,27.37106493,26.71065669
824,27.16602487,27.37116523,26.71075833
824.5,27.16607978,27.37126517,26.71085962
825,27.16613448,27.37136478,26.71096056
825.5,27.16618896,27.37146403,26.71106114
826,27.16624323,27.37156294,26.71116138
826.5,27.16629728,27.37166151,26.71126128
827,27.16635113,27.37175974,26.71136082
827.5,27.16640476,27.37185762,26.71146002
828,27.16645817,27.37195517,26.71155888
828.5,27.16651138,27.37205238,26.71165739
829,27.16656438,27.37214925,26.71175557
829.5,27.16661718,27.37224579,26.7118534
830,27.16666976,27.37234199,26.7119509
830.5,27.16672214,27.37243786,26.71204805
831,27.16677431,27.37253339,26.71214487
831.5,27.16682628,27.3726286,26.71224136
832,27.16687804,27.37272347,26.71233751
832.5,27.1669296,27.37281802,26.71243333
833,27.16698096,27.37291224,26.71252881
833.5,27.16703211,27.37300613,26.71262397
834,27.16708307,27.3730997,26.7127188
834.5,27.16713382,27.37319294,26.71281329
835,27.16718438,27.37328586,26.71290746
835.5,27.16723473,27.37337845,26.71300131
836,27.16728489,27.37347073,26.71309483
836.5,27.16733485,27.37356268,26.71318802
837,27.16738462,27.37365432,26.71328089
837.5,27.16743419,27.37374564,26.71337344
838,27.16748356,27.37383664,26.71346567
838.5,27.16753274,27.37392733,26.71355758
839,27.16758173,27.3740177,26.71364917
839.5,27.16763052,27.37410776,26.71374045
840,27.16767913,27.37419751,26.71383141
840.5,27.16772754,27.37428695,26.71392205
841,27.16777576,27.37437607,26.71401238
841.5,27.16782379,27.37446489,26.7141024
842,27.16787164,27.3745534,26.7141921
842.5,27.16791929,27.37464161,26.71428149
843,27.16796676,27.3747295,26.71437058
843.5,27.16801404,27.3748171,26.71445935
844,27.16806114,27.37490438,26.71454782
844.5,27.16810805,27.37499137,26.71463598
845,27.16815478,27.37507806,26.71472384
845.5,27.16820132,27.37516444,26.71481139
846,27.16824768,27.37525053,26.71489864
846.5,27.16829386,27.37533631,26.71498559
847,27.16833985,27.3754218,26.71507223
847.5,27.16838567,27.37550699,26.71515858
848,27.1684313,27.37559189,26.71524463
848.5,27.16847676,27.3756765,26.71533037
849,27.16852204,27.37576081,26.71541583
849.5,27.16856714,27.37584482,26.71550098
850,27.16861206,27.37592855,26.71558584
850.5,27.16865681,27.37601199,26.71567041
851,27.16870138,27.37609513,26.71575468
851.5,27.16874577,27.37617799,26.71583866
852,27.16879,27.37626056,26.71592235
852.5,27.16883404,27.37634285,26.71600575
853,27.16887792,27.37642485,26.71608886
853.5,27.16892162,27.37650657,26.71617169
854,27.16896515,27.376588,26.71625423
854.5,27.16900851,27.37666915,26.71633648
855,27.1690517,27.37675002,26.71641844
855.5,27.16909471,27.37683061,26.71650013
856,27.16913756,27.37691092,26.71658152
856.5,27.16918025,27.37699095,26.71666264
857,27.16922276,27.3770707,26.71674348
857.5,27.16926511,27.37715018,26.71682403
858,27.16930729,27.37722938,26.71690431
858.5,27.1693493,27.37730831,26.71698431
859,27.16939115,27.37738697,26.71706403
859.5,27.16943283,27.37746535,26.71714348
860,27.16947436,27.37754346,26.71722265
860.5,27.16951571,27.3776213,26.71730155
861,27.16955691,27.37769886,26.71738017
861.5,27.16959794,27.37777616,26.71745852
862,27.16963882,27.3778532,26.7175366
862.5,27.16967953,27.37792996,26.71761441
863,27.16972008,27.37800646,26.71769195
863.5,27.16976047,27.3780827,26.71776922
864,27.16980071,27.37815867,26.71784623
864.5,27.16984078,27.37823437,26.71792296
865,27.1698807,27.37830982,26.71799943
865.5,27.16992046,27.378385,26.71807564
866,27.16996007,27.37845992,26.71815158
866.5,27.16999952,27.37853458,26.71822726
867,27.17003881,27.37860899,26.71830268
867.5,27.17007795,27.37868313,26.71837783
868,27.17011694,27.37875702,26.71845273
868.5,27.17015577,27.37883065,26.71852736
869,27.17019445,27.37890403,26.71860174
869.5,27.17023298,27.37897715,26.71867586
870,27.17027136,27.37905002,26.71874972
870.5,27.17030958,27.37912264,26.71882333
871,27.17034766,27.379195,26.71889668
871.5,27.17038559,27.37926712,26.71896978
872,27.17042336,27.37933898,26.71904263
872.5,27.17046099,27.3794106,26.71911522
873,27.17049847,27.37948196,26.71918756
873.5,27.17053581,27.37955308,26.71925965
874,27.170573,27.37962396,26.71933149
874.5,27.17061004,27.37969459,26.71940308
875,27.17064693,27.37976497,26.71947443
875.5,27.17068368,27.37983511,26.71954552
876,27.17072029,27.379905,26.71961638
876.5,27.17075675,27.37997466,26.71968698
877,27.17079307,27.38004407,26.71975734
877.5,27.17082925,27.38011324,26.71982746
878,27.17086528,27.38018217,26.71989733
878.5,27.17090118,27.38025086,26.71996696
879,27.17093693,27.38031932,26.72003635
879.5,27.17097254,27.38038753,26.72010551
880,27.17100801,27.38045551,26.72017442
880.5,27.17104334,27.38052326,26.72024309
881,27.17107853,27.38059077,26.72031152
881.5,27.17111359,27.38065805,26.72037972
882,27.17114851,27.38072509,26.72044768
882.5,27.17118329,27.3807919,26.72051541
883,27.17121793,27.38085848,26.7205829
883.5,27.17125244,27.38092483,26.72065016
884,27.17128681,27.38099095,26.72071718
884.5,27.17132104,27.38105684,26.72078397
885,27.17135515,27.3811225,26.72085053
885.5,27.17138911,27.38118793,26.72091686
886,27.17142295,27.38125314,26.72098296
886.5,27.17145665,27.38131812,26.72104884
887,27.17149022,27.38138287,26.72111448
887.5,27.17152366,27.3814474,26.7211799
888,27.17155696,27.38151171,26.72124509
888.5,27.17159014,27.38157579,26.72131005
889,27.17162318,27.38163966,26.72137479
889.5,27.1716561,27.3817033,26.7214393
890,27.17168888,27.38176672,26.72150359
890.5,27.17172154,27.38182992,26.72156766
891,27.17175407,27.3818929,26.72163151
891.5,27.17178647,27.38195566,26.72169513
892,27.17181874,27.38201821,26.72175854
892.5,27.17185089,27.38208053,26.72182172
893,27.17188291,27.38214265,26.72188469
893.5,27.1719148,27.38220454,26.72194744
894,27.17194657,27.38226623,26.72200997
894.5,27.17197821,27.3823277,26.72207228
895,27.17200973,27.38238895,26.72213438
895.5,27.17204113,27.38244999,26.72219626
896,27.1720724,27.38251083,26.72225793
896.5,27.17210355,27.38257145,26.72231939
897,27.17213458,27.38263186,26.72238063
897.5,27.17216549,27.38269206,26.72244166
898,27.17219627,27.38275205,26.72250248
898.5,27.17222693,27.38281184,26.72256309
899,27.17225747,27.38287141,26.72262349
899.5,27.1722879,27.38293079,26.72268368
900,27.1723182,27.38298995,26.72274366
900.5,27.17234838,27.38304891,26.72280343
901,27.17237845,27.38310767,26.722863
901.5,27.1724084,27.38316622,26.72292235
902,27.17243823,27.38322457,26.72298151
902.5,27.17246794,27.38328272,26.72304046
903,27.17249753,27.38334066,26.7230992
903.5,27.17252701,27.38339841,26.72315774
904,27.17255638,27.38345595,26.72321608
904.5,27.17258562,27.3835133,26.72327422
905,27.17261476,27.38357044,26.72333215
905.5,27.17264378,27.38362739,26.72338989
906,27.17267268,27.38368414,26.72344742
906.5,27.17270147,27.38374069,26.72350476
907,27.17273015,27.38379705,26.72356189
907.5,27.17275871,27.38385322,26.72361883
908,27.17278717,27.38390918,26.72367557
908.5,27.17281551,27.38396496,26.72373212
909,27.17284374,27.38402054,26.72378847
909.5,27.17287186,27.38407593,26.72384462
910,27.17289987,27.38413112,26.72390058
910.5,27.17292776,27.38418613,26.72395635
911,27.17295555,27.38424094,26.72401192
911.5,27.17298323,27.38429557,26.7240673
912,27.1730108,27.38435,26.72412249
912.5,27.17303826,27.38440425,26.72417748
913,27.17306562,27.3844583,26.72423229
913.5,27.17309287,27.38451217,26.72428691
914,27.17312001,27.38456586,26.72434133
914.5,27.17314704,27.38461936,26.72439557
915,27.17317397,27.38467267,26.72444962
915.5,27.17320079,27.3847258,26.72450349
916,27.1732275,27.38477874,26.72455717
916.5,27.17325412,27.3848315,26.72461066
917,27.17328062,27.38488408,26.72466396
917.5,27.17330702,27.38493647,26.72471708
918,27.17333332,27.38498868,26.72477002
918.5,27.17335952,27.38504072,26.72482278
919,27.17338561,27.38509257,26.72487535
919.5,27.1734116,27.38514424,26.72492774
920,27.17343749,27.38519573,26.72497994
920.5,27.17346327,27.38524705,26.72503197
921,27.17348896,27.38529819,26.72508382
921.5,27.17351454,27.38534914,26.72513548
922,27.17354002,27.38539993,26.72518697
922.5,27.17356541,27.38545053,26.72523828
923,27.17359069,27.38550097,26.72528941
923.5,27.17361587,27.38555122,26.72534037
924,27.17364096,27.3856013,26.72539115
924.5,27.17366595,27.38565121,26.72544175
925,27.17369083,27.38570095,26.72549218
925.5,27.17371562,27.38575051,26.72554243
926,27.17374032,27.3857999,26.72559251
926.5,27.17376491,27.38584912,26.72564241
927,27.17378941,27.38589817,26.72569214
927.5,27.17381382,27.38594705,26.7257417
928,27.17383812,27.38599576,26.72579109
928.5,27.17386233,27.38604431,26.72584031
929,27.17388645,27.38609268,26.72588936
929.5,27.17391047,27.38614088,26.72593823
930,27.1739344,27.38618892,26.72598694
930.5,27.17395823,27.3862368,26.72603548
931,27.17398197,27.3862845,26.72608385
931.5,27.17400562,27.38633204,26.72613205
932,27.17402917,27.38637942,26.72618009
932.5,27.17405263,27.38642663,26.72622796
933,27.174076,27.38647368,26.72627566
933.5,27.17409928,27.38652056,26.7263232
934,27.17412247,27.38656728,26.72637057
934.5,27.17414556,27.38661385,26.72641778
935,27.17416856,27.38666024,26.72646483
935.5,27.17419148,27.38670648,26.72651171
936,27.1742143,27.38675256,26.72655844
936.5,27.17423703,27.38679848,26.72660499
937,27.17425968,27.38684424,26.72665139
937.5,27.17428223,27.38688984,26.72669763
938,27.1743047,27.38693528,26.72674371
938.5,27.17432708,27.38698057,26.72678962
939,27.17434937,27.38702569,26.72683538
939.5,27.17437157,27.38707067,26.72688098
940,27.17439369,27.38711548,26.72692642
940.5,27.17441572,27.38716014,26.72697171
941,27.17443766,27.38720465,26.72701684
941.5,27.17445951,27.387249,26.72706181
942,27.17448128,27.3872932,26.72710662
942.5,27.17450297,27.38733724,26.72715128
943,27.17452457,27.38738113,26.72719579
943.5,27.17454608,27.38742487,26.72724014
944,27.17456751,27.38746846,26.72728434
944.5,27.17458886,27.3875119,26.72732838
945,27.17461012,27.38755518,26.72737228
945.5,27.1746313,27.38759832,26.72741602
946,27.17465239,27.38764131,26.7274596
946.5,27.17467341,27.38768414,26.72750304
947,27.17469433,27.38772683,26.72754633
947.5,27.17471518,27.38776937,26.72758947
948,27.17473595,27.38781177,26.72763245
948.5,27.17475663,27.38785401,26.72767529
949,27.17477723,27.38789611,26.72771798
949.5,27.17479776,27.38793807,26.72776053
950,27.1748182,27.38797988,26.72780292
950.5,27.17483856,27.38802154,26.72784517
951,27.17485884,27.38806306,26.72788727
951.5,27.17487904,27.38810444,26.72792923
952,27.17489916,27.38814567,26.72797104
952.5,27.1749192,27.38818676,26.72801271
953,27.17493917,27.38822771,26.72805423
953.5,27.17495905,27.38826851,26.72809561
954,27.17497886,27.38830918,26.72813684
954.5,27.17499859,27.3883497,26.72817793
955,27.17501824,27.38839008,26.72821888
955.5,27.17503782,27.38843032,26.72825969
956,27.17505731,27.38847043,26.72830036
956.5,27.17507673,27.38851039,26.72834088
957,27.17509608,27.38855022,26.72838127
957.5,27.17511535,27.3885899,26.72842151
958,27.17513454,27.38862945,26.72846162
958.5,27.17515366,27.38866886,26.72850159
959,27.1751727,27.38870814,26.72854141
959.5,27.17519167,27.38874728,26.7285811
960,27.17521056,27.38878628,26.72862066
960.5,27.17522938,27.38882515,26.72866007
961,27.17524813,27.38886389,26.72869935
961.5,27.1752668,27.38890249,26.7287385
962,27.1752854,27.38894095,26.7287775
962.5,27.17530392,27.38897929,26.72881638
963,27.17532237,27.38901749,26.72885511
963.5,27.17534075,27.38905555,26.72889372
964,27.17535906,27.38909349,26.72893219
964.5,27.1753773,27.38913129,26.72897053
965,27.17539546,27.38916897,26.72900873
965.5,27.17541355,27.38920651,26.7290468
966,27.17543157,27.38924392,26.72908474
966.5,27.17544952,27.38928121,26.72912255
967,27.1754674,27.38931836,26.72916023
967.5,27.17548521,27.38935538,26.72919777
968,27.17550295,27.38939228,26.72923519
968.5,27.17552062,27.38942905,26.72927248
969,27.17553822,27.38946569,26.72930964
969.5,27.17555576,27.3895022,26.72934667
970,27.17557322,27.38953859,26.72938357
970.5,27.17559061,27.38957485,26.72942034
971,27.17560794,27.38961099,26.72945699
971.5,27.1756252,27.389647,26.72949351
972,27.17564239,27.38968288,26.7295299
972.5,27.17565951,27.38971865,26.72956617
973,27.17567656,27.38975428,26.72960231
973.5,27.17569355,27.3897898,26.72963832
974,27.17571047,27.38982519,26.72967421
974.5,27.17572733,27.38986045,26.72970998
975,27.17574411,27.3898956,26.72974562
975.5,27.17576084,27.38993062,26.72978114
976,27.17577749,27.38996553,26.72981654
976.5,27.17579409,27.39000031,26.72985181
977,27.17581061,27.39003497,26.72988696
977.5,27.17582707,27.39006951,26.72992199
978,27.17584347,27.39010393,26.7299569
978.5,27.1758598,27.39013823,26.72999169
979,27.17587607,27.39017242,26.73002636
979.5,27.17589227,27.39020648,26.7300609
980,27.17590841,27.39024043,26.73009533
980.5,27.17592449,27.39027426,26.73012964
981,27.1759405,27.39030797,26.73016383
981.5,27.17595646,27.39034156,26.7301979
982,27.17597234,27.39037504,26.73023185
982.5,27.17598817,27.3904084,26.73026569
983,27.17600393,27.39044165,26.7302994
983.5,27.17601963,27.39047478,26.73033301
984,27.17603527,27.3905078,26.73036649
984.5,27.17605085,27.3905407,26.73039986
985,27.17606637,27.39057348,26.73043311
985.5,27.17608183,27.39060616,26.73046625
986,27.17609722,27.39063872,26.73049927
986.5,27.17611256,27.39067117,26.73053218
987,27.17612783,27.3907035,26.73056498
987.5,27.17614305,27.39073573,26.73059766
988,27.1761582,27.39076784,26.73063023
988.5,27.1761733,27.39079984,26.73066268
989,27.17618833,27.39083173,26.73069502
989.5,27.17620331,27.39086351,26.73072726
990,27.17621823,27.39089518,26.73075937
990.5,27.17623309,27.39092674,26.73079138
991,27.17624789,27.39095819,26.73082328
991.5,27.17626263,27.39098953,26.73085507
992,27.17627732,27.39102076,26.73088674
992.5,27.17629195,27.39105188,26.73091831
993,27.17630651,27.3910829,26.73094977
993.5,27.17632103,27.39111381,26.73098111
994,27.17633548,27.39114461,26.73101235
994.5,27.17634988,27.3911753,26.73104349
995,27.17636422,27.39120589,26.73107451
995.5,27.17637851,27.39123637,26.73110543
996,27.17639274,27.39126675,26.73113624
996.5,27.17640691,27.39129702,26.73116694
997,27.17642103,27.39132719,26.73119753
997.5,27.1764351,27.39135725,26.73122802
998,27.1764491,27.39138721,26.73125841
998.5,27.17646305,27.39141706,26.73128869
999,27.17647695,27.39144681,26.73131886
999.5,27.1764908,27.39147646,26.73134893
1000,27.17650458,27.391506,26.7313789
