time(s),tempTec,tempMilieu,tempLaser
0.0,22.5,22.5,22.5
0.0027548209366391185,22.5,22.5,22.5
0.005509641873278237,22.5,22.5,22.5
0.008264462809917356,22.499957797266138,22.5,22.5
0.011019283746556474,22.499849527240517,22.5,22.5
0.013774104683195593,22.499666399181375,22.5,22.5
0.01652892561983471,22.499407555729224,22.5,22.5
0.01928374655647383,22.499075767451394,22.5,22.5
0.02203856749311295,22.498675259702765,22.5,22.5
0.024793388429752067,22.4982106759352,22.5,22.5
0.027548209366391185,22.497686600626146,22.5,22.5
0.030303030303030304,22.49710737369906,22.5,22.5
0.03305785123966942,22.496477000512346,22.5,22.5
0.03581267217630854,22.49579916168959,22.5,22.5
0.03856749311294766,22.495077211172013,22.5,22.5
0.04132231404958678,22.494314217408657,22.5,22.5
0.0440771349862259,22.49351298065995,22.5,22.5
0.046831955922865015,22.492676069161483,22.5,22.5
0.049586776859504134,22.491805838321152,22.5,22.5
0.05234159779614325,22.490904457330874,22.5,22.5
0.05509641873278237,22.48997392589967,22.5,22.5
0.05785123966942149,22.489016093292083,22.5,22.5
0.06060606060606061,22.4880326719275,22.5,22.5
0.06336088154269973,22.487025251228424,22.5,22.5
0.06611570247933884,22.48599530844834,22.5,22.5
0.06887052341597796,22.484944219046152,22.5,22.5
0.07162534435261708,22.48387326530261,22.5,22.5
0.0743801652892562,22.482783644326364,22.5,22.5
0.07713498622589532,22.48167647496538,22.5,22.5
0.07988980716253444,22.48055280414384,22.5,22.5
0.08264462809917356,22.47941361246714,22.5,22.5
0.08539944903581267,22.478259819340064,22.5,22.5
0.0881542699724518,22.477092287563817,22.5,22.5
0.09090909090909091,22.475911827535295,22.5,22.5
0.09366391184573003,22.47471920105647,22.5,22.5
0.09641873278236915,22.47351512482174,22.5,22.5
0.09917355371900827,22.47230027360284,22.5,22.5
0.10192837465564739,22.47107528317237,22.5,22.5
0.1046831955922865,22.469840752986478,22.5,22.5
0.10743801652892562,22.46859724865394,22.5,22.5
0.11019283746556474,22.467345304209722,22.5,22.5
0.11294765840220386,22.4660854242126,22.5,22.5
0.11570247933884298,22.464818085681816,22.5,22.5
0.1184573002754821,22.463543739887612,22.5,22.5
0.12121212121212122,22.462262814007946,22.499999999999996,22.5
0.12396694214876033,22.460975712662954,22.499999999999993,22.5
0.12672176308539945,22.45968281933723,22.499999999999986,22.5
0.12947658402203857,22.458384497699292,22.499999999999975,22.5
0.1322314049586777,22.457081092826407,22.499999999999954,22.5
0.1349862258953168,22.45577293234245,22.499999999999922,22.5
0.13774104683195593,22.454460327475626,22.49999999999986,22.5
0.14049586776859505,22.453143574042294,22.499999999999766,22.5
0.14325068870523416,22.45182295336263,22.499999999999613,22.5
0.14600550964187328,22.450498733113363,22.49999999999937,22.5
0.1487603305785124,22.449171168122284,22.499999999998998,22.5
0.15151515151515152,22.447840501109035,22.49999999999844,22.5
0.15426997245179064,22.446506963376056,22.49999999999761,22.5
0.15702479338842976,22.44517077545352,22.499999999996394,22.5
0.15977961432506887,22.44383214770151,22.499999999994646,22.5
0.162534435261708,22.442491280872716,22.49999999999217,22.5
0.1652892561983471,22.441148366638373,22.4999999999887,22.5
0.16804407713498623,22.439803588080245,22.4999999999839,22.5
0.17079889807162535,22.43845712015096,22.499999999977337,22.5
0.17355371900826447,22.437109130105075,22.499999999968463,22.5
0.1763085399449036,22.435759777902852,22.499999999956586,22.5
0.1790633608815427,22.434409216588787,22.49999999994085,22.5
0.18181818181818182,22.43305759264649,22.49999999992019,22.5
0.18457300275482094,22.43170504633184,22.4999999998933,22.5
0.18732782369146006,22.430351711985573,22.499999999858616,22.5
0.19008264462809918,22.428997718327086,22.499999999814214,22.5
0.1928374655647383,22.42764318873046,22.499999999757804,22.5
0.19559228650137742,22.426288241484084,22.499999999686665,22.5
0.19834710743801653,22.424932990034925,22.499999999597573,22.5
0.20110192837465565,22.423577543218503,22.49999999948673,22.5
0.20385674931129477,22.422222005475522,22.499999999349694,22.5
0.2066115702479339,22.420866477056027,22.4999999991813,22.5
0.209366391184573,22.419511054211963,22.499999998975557,22.5
0.21212121212121213,22.418155829378854,22.499999998725578,22.5
0.21487603305785125,22.416800891347318,22.499999998423455,22.5
0.21763085399449036,22.415446325425116,22.499999998060165,22.5
0.22038567493112948,22.414092213590273,22.49999999762546,22.5
0.2231404958677686,22.41273863463595,22.499999997107718,22.5
0.22589531680440772,22.411385664307456,22.49999999649385,22.5
0.22865013774104684,22.410033375432043,22.49999999576916,22.5
0.23140495867768596,22.408681838041794,22.499999994917182,22.5
0.23415977961432508,22.40733111949015,22.49999999391956,22.5
0.2369146005509642,22.40598128456242,22.499999992755892,22.5
0.2396694214876033,22.404632395580588,22.499999991403566,22.5
0.24242424242424243,22.403284512502907,22.49999998983761,22.5
0.24517906336088155,22.401937693018432,22.49999998803052,22.5
0.24793388429752067,22.400591992636897,22.499999985952083,22.5
0.25068870523415976,22.399247464774213,22.499999983569214,22.5
0.2534435261707989,22.39790416083376,22.499999980845786,22.5
0.25619834710743805,22.396562130283836,22.49999997774242,22.5
0.25895316804407714,22.39522142073137,22.499999974216326,22.5
0.26170798898071623,22.393882077992224,22.49999997022112,22.5
0.2644628099173554,22.392544146158162,22.499999965706603,22.5
0.2672176308539945,22.391207667660797,22.49999996061861,22.5
0.2699724517906336,22.389872683332577,22.499999954898787,22.5
0.2727272727272727,22.38853923246505,22.499999948484426,22.5
0.27548209366391185,22.387207352864504,22.49999994130825,22.5
0.278236914600551,22.38587708090517,22.499999933298234,22.5
0.2809917355371901,22.384548451580095,22.4999999243774,22.5
0.2837465564738292,22.383221498549787,22.49999991446364,22.5
0.2865013774104683,22.381896254188838,22.499999903469522,22.5
0.2892561983471075,22.380572749630492,22.49999989130209,22.5
0.29201101928374656,22.379251014809398,22.499999877862695,22.5
0.29476584022038566,22.377931078502577,22.4999998630468,22.5
0.2975206611570248,22.37661296836869,22.499999846743798,22.5
0.30027548209366395,22.375296710985705,22.499999828836835,22.5
0.30303030303030304,22.373982331887074,22.49999980920264,22.5
0.30578512396694213,22.37266985559644,22.49999978771136,22.5
0.3085399449035813,22.37135930566097,22.499999764226366,22.5
0.3112947658402204,22.3700507046834,22.499999738604128,22.5
0.3140495867768595,22.368744074352815,22.499999710694023,22.5
0.3168044077134986,22.367439435474274,22.499999680338195,22.5
0.31955922865013775,22.366136807997293,22.499999647371418,22.5
0.3223140495867769,22.364836211043244,22.499999611620936,22.5
0.325068870523416,22.36353766293173,22.499999572906336,22.5
0.3278236914600551,22.362241181206027,22.499999531039407,22.5
0.3305785123966942,22.360946782657535,22.499999485824027,22.5
0.33333333333333337,22.359654483349356,22.499999437056022,22.5
0.33608815426997246,22.358364298639056,22.499999384523086,22.5
0.33884297520661155,22.357076243200577,22.499999328004638,22.5
0.3415977961432507,22.355790331045384,22.49999926727174,22.5
0.34435261707988984,22.354506575542853,22.499999202086997,22.5
0.34710743801652894,22.35322498943999,22.49999913220447,22.5
0.349862258953168,22.35194558488044,22.49999905736959,22.5
0.3526170798898072,22.350668373422824,22.49999897731909,22.5
0.3553719008264463,22.34939336605851,22.499998891780933,22.5
0.3581267217630854,22.34812057322873,22.49999880047425,22.5
0.3608815426997245,22.34685000484116,22.499998703109263,22.5
0.36363636363636365,22.345581670285917,22.499998599387283,22.5
0.3663911845730028,22.344315578451074,22.49999848900063,22.5
0.3691460055096419,22.343051737737603,22.499998371632607,22.5
0.371900826446281,22.341790156073923,22.499998246957464,22.5
0.3746556473829201,22.340530840929883,22.49999811464039,22.5
0.37741046831955927,22.339273799330357,22.49999797433749,22.5
0.38016528925619836,22.338019037868396,22.499997825695772,22.5
0.38292011019283745,22.33676656271795,22.499997668353135,22.5
0.3856749311294766,22.335516379646215,22.499997501938385,22.5
0.38842975206611574,22.334268494025565,22.499997326071234,22.5
0.39118457300275483,22.333022910845145,22.49999714036233,22.5
0.3939393939393939,22.331779634722096,22.499996944413244,22.5
0.39669421487603307,22.330538669912418,22.49999673781653,22.5
0.3994490358126722,22.329300020321536,22.499996520155737,22.5
0.4022038567493113,22.328063689514533,22.499996291005445,22.5
0.4049586776859504,22.32682968072606,22.49999604993132,22.5
0.40771349862258954,22.32559799686998,22.49999579649014,22.5
0.4104683195592287,22.324368640548705,22.49999553022987,22.5
0.4132231404958678,22.32314161406225,22.499995250689704,22.5
0.41597796143250687,22.321916919417074,22.499994957400137,22.5
0.418732782369146,22.320694558334573,22.499994649883014,22.5
0.42148760330578516,22.319474532259406,22.499994327651617,22.5
0.42424242424242425,22.318256842367564,22.49999399021074,22.5
0.42699724517906334,22.317041489574162,22.49999363705676,22.5
0.4297520661157025,22.31582847454107,22.49999326767772,22.5
0.43250688705234164,22.314617797684285,22.499992881553432,22.5
0.43526170798898073,22.313409459181106,22.49999247815554,22.5
0.4380165289256198,22.31220345897711,22.499992056947654,22.5
0.44077134986225897,22.31220345897711,22.499992056947654,22.5
0.4435261707988981,22.310999796792938,22.499991617385408,22.5
0.4462809917355372,22.30979847213088,22.49999115891659,22.5
0.4490358126721763,22.308599484281274,22.49999068098123,22.5
0.45179063360881544,22.307402832328737,22.49999018301172,22.5
0.4545454545454546,22.30620851515823,22.49998966443292,22.5
0.4573002754820937,22.30501653146094,22.499989124662264,22.5
0.46005509641873277,22.30382687974001,22.4999885631099,22.5
0.4628099173553719,22.302639558316113,22.499987979178762,22.5
0.46556473829201106,22.301454565332865,22.49998737226476,22.5
0.46831955922865015,22.300271898762112,22.499986741756828,22.5
0.47107438016528924,22.29909155640906,22.49998608703711,22.5
0.4738292011019284,22.297913535917253,22.499985407481056,22.5
0.47658402203856753,22.296737834773452,22.499984702457557,22.5
0.4793388429752066,22.29556445031236,22.49998397132907,22.5
0.4820936639118457,22.29439337972121,22.49998321345177,22.5
0.48484848484848486,22.293224620044285,22.49998242817566,22.5
0.487603305785124,22.29205816818723,22.499981614844728,22.5
0.4903581267217631,22.290894020921343,22.49998077279706,22.5
0.4931129476584022,22.289732174887696,22.499979901364995,22.5
0.49586776859504134,22.28857262660115,22.499978999875264,22.5
0.4986225895316805,22.287415372454294,22.49997806764911,22.5
0.5013774104683195,22.286260408721258,22.499977104002454,22.5
0.5041322314049587,22.285107731561432,22.499976108246017,22.5
0.5068870523415978,22.283957337023097,22.499975079685473,22.5
0.509641873278237,22.28280922104693,22.499974017621575,22.5
0.5123966942148761,22.281663379469478,22.49997292135032,22.5
0.5151515151515151,22.280519808026476,22.49997179016307,22.5
0.5179063360881543,22.279378502356124,22.4999706233467,22.5
0.5206611570247934,22.27823945800226,22.499969420183756,22.5
0.5234159779614325,22.27710267041746,22.499968179952575,22.5
0.5261707988980716,22.27596813496605,22.499966901927447,22.5
0.5289256198347108,22.27483584692705,22.499965585378742,22.5
0.5316804407713499,22.273705801497048,22.499964229573063,22.5
0.534435261707989,22.272577993792964,22.499962833773377,22.5
0.5371900826446281,22.271452418854803,22.499961397239176,22.5
0.5399449035812672,22.270329071648277,22.499959919226598,22.5
0.5426997245179064,22.269207947067407,22.499958398988575,22.5
0.5454545454545454,22.26808903993703,22.499956835774984,22.5
0.5482093663911846,22.26697234501527,22.499955228832768,22.5
0.5509641873278237,22.265857856995904,22.499953577406085,22.5
0.5537190082644629,22.264745570510716,22.499951880736447,22.5
0.556473829201102,22.263635480131754,22.499950138062854,22.5
0.559228650137741,22.262527580373547,22.499948348621935,22.5
0.5619834710743802,22.26142186569527,22.499946511648073,22.5
0.5647382920110193,22.26031833050284,22.49994462637355,22.5
0.5674931129476584,22.259216969150973,22.499942692028693,22.5
0.5702479338842975,22.25811777594518,22.499940707841972,22.5
0.5730027548209367,22.257020745143706,22.499938673040162,22.5
0.5757575757575758,22.255925870959448,22.49993658684846,22.5
0.578512396694215,22.254833147561794,22.49993444849062,22.5
0.581267217630854,22.253742569078426,22.49993225718908,22.5
0.5840220385674931,22.25265412959709,22.49993001216508,22.5
0.5867768595041323,22.251567823167292,22.49992771263881,22.5
0.5895316804407713,22.25048364380199,22.499925357829515,22.5
0.5922865013774105,22.249401585479212,22.49992294695562,22.5
0.5950413223140496,22.24832164214364,22.499920479234866,22.5
0.5977961432506887,22.24724380770817,22.499917953884406,22.5
0.6005509641873279,22.24616807605541,22.49991537012096,22.5
0.6033057851239669,22.245094441039157,22.499912727160893,22.5
0.6060606060606061,22.24402289648582,22.499910024220362,22.5
0.6088154269972452,22.24295343619584,22.499907260515425,22.5
0.6115702479338843,22.24188605394502,22.499904435262135,22.5
0.6143250688705234,22.240820743485884,22.499901547676675,22.5
0.6170798898071626,22.239757498548936,22.499898596975463,22.5
0.6198347107438017,22.238696312843956,22.499895582375267,22.5
0.6225895316804408,22.237637180061203,22.49989250309328,22.5
0.6253443526170799,22.23658009387263,22.499889358347286,22.5
0.628099173553719,22.235525047933024,22.4998861473557,22.5
0.6308539944903582,22.234472035881183,22.499882869337718,22.5
0.6336088154269972,22.233421051340986,22.4998795235134,22.5
0.6363636363636364,22.23237208792248,22.49987610910377,22.5
0.6391184573002755,22.231325139222964,22.499872625330926,22.5
0.6418732782369146,22.230280198827973,22.499869071418114,22.5
0.6446280991735538,22.22923726031229,22.499865446589855,22.5
0.6473829201101928,22.228196317240922,22.499861750072014,22.5
0.650137741046832,22.227157363170054,22.499857981091903,22.5
0.6528925619834711,22.226120391647946,22.499854138878373,22.5
0.6556473829201102,22.225085396215874,22.499850222661898,22.5
0.6584022038567493,22.224052370408955,22.499846231674663,22.5
0.6611570247933884,22.22302130775704,22.499842165150667,22.5
0.6639118457300276,22.221992201785532,22.499838022325772,22.5
0.6666666666666667,22.22096504601618,22.499833802437834,22.5
0.6694214876033058,22.21993983396789,22.499829504726744,22.5
0.6721763085399449,22.21891655915747,22.499825128434523,22.5
0.6749311294765841,22.217895215100395,22.49982067280541,22.5
0.6776859504132231,22.21687579531152,22.49981613708593,22.5
0.6804407713498623,22.21585829330579,22.49981152052497,22.5
0.6831955922865014,22.21484270259893,22.499806822373845,22.5
0.6859504132231405,22.213829016708114,22.49980204188639,22.5
0.6887052341597797,22.212817229152627,22.499797178319035,22.5
0.6914600550964187,22.211807333454473,22.49979223093083,22.5
0.6942148760330579,22.210799323139025,22.49978719898357,22.5
0.696969696969697,22.209793191735596,22.499782081741817,22.5
0.699724517906336,22.20878893277804,22.49977687847301,22.5
0.7024793388429752,22.207786539805326,22.499771588447487,22.5
0.7052341597796143,22.206786006362062,22.499766210938564,22.5
0.7079889807162535,22.20578732599905,22.499760745222613,22.5
0.7107438016528926,22.20479049227383,22.499755190579084,22.5
0.7134986225895317,22.203795498751145,22.499749546290605,22.5
0.7162534435261708,22.20280233900346,22.499743811643008,22.5
0.71900826446281,22.201811006611436,22.499737985925403,22.5
0.721763085399449,22.200821495164394,22.499732068430223,22.5
0.7245179063360881,22.199833798260773,22.499726058453277,22.5
0.7272727272727273,22.198847909508565,22.499719955293816,22.5
0.7300275482093664,22.19786382252574,22.499713758254558,22.5
0.7327823691460056,22.196881530940665,22.49970746664176,22.5
0.7355371900826446,22.195901028392505,22.49970107976525,22.5
0.7382920110192838,22.19492230853161,22.499694596938486,22.5
0.7410468319559229,22.193945365019903,22.499688017478594,22.5
0.743801652892562,22.19297019153124,22.499681340706413,22.5
0.7465564738292011,22.191996781751765,22.499674565946545,22.5
0.7493112947658402,22.191025129380268,22.49966769252737,22.5
0.7520661157024794,22.190055228128504,22.499660719781136,22.499999999999996
0.7548209366391185,22.189087071721534,22.499653647043942,22.499999999999996
0.7575757575757576,22.188120653898036,22.499646473655815,22.499999999999996
0.7603305785123967,22.187155968410593,22.499639198960733,22.499999999999996
0.7630853994490359,22.186193009026024,22.499631822306657,22.499999999999996
0.7658402203856749,22.185231769525636,22.499624343045582,22.499999999999993
0.768595041322314,22.18427224370552,22.49961676053354,22.49999999999999
0.7713498622589532,22.183314425376828,22.49960907413067,22.49999999999999
0.7741046831955923,22.182358308366,22.49960128320122,22.499999999999986
0.7768595041322315,22.18140388651505,22.49959338711359,22.499999999999982
0.7796143250688705,22.18045115368179,22.499585385240348,22.499999999999982
0.7823691460055097,22.179500103740075,22.49957727695829,22.499999999999982
0.7851239669421488,22.178550730580017,22.499569061648433,22.49999999999998
0.7878787878787878,22.17760302810822,22.49956073869604,22.499999999999975
0.790633608815427,22.17665699024798,22.499552307490678,22.49999999999997
0.7933884297520661,22.1757126109395,22.499543767426218,22.499999999999964
0.7961432506887053,22.17476988414007,22.49953511790086,22.49999999999996
0.7988980716253444,22.173828803824268,22.499526358317148,22.499999999999957
0.8016528925619835,22.172889363984154,22.499517488082017,22.49999999999995
0.8044077134986226,22.171951558629427,22.499508506606777,22.499999999999947
0.8071625344352618,22.171015381787598,22.499499413307166,22.499999999999943
0.8099173553719008,22.17008082750417,22.49949020760335,22.499999999999936
0.8126721763085399,22.169147889842773,22.499480888919937,22.49999999999993
0.8154269972451791,22.16821656288533,22.49947145668601,22.499999999999922
0.8181818181818182,22.1672868407322,22.49946191033512,22.499999999999915
0.8209366391184574,22.166358717502305,22.499452249305328,22.499999999999908
0.8236914600550964,22.165432187333284,22.499442473039196,22.499999999999897
0.8264462809917356,22.1645072443816,22.499432580983814,22.499999999999886
0.8292011019283747,22.16358388282268,22.499422572590795,22.499999999999876
0.8319559228650137,22.162662096851022,22.49941244731632,22.49999999999986
0.8347107438016529,22.161741880680307,22.499402204621102,22.499999999999847
0.837465564738292,22.160823228543507,22.499391843970432,22.499999999999837
0.8402203856749312,22.159906134692992,22.49938136483418,22.49999999999982
0.8429752066115703,22.15899059340063,22.499370766686795,22.499999999999805
0.8457300275482094,22.158076598957855,22.499360049007326,22.499999999999787
0.8484848484848485,22.15716414567579,22.49934921127941,22.49999999999977
0.8512396694214877,22.156253227885305,22.499338252991294,22.499999999999748
0.8539944903581267,22.1553438399371,22.499327173635837,22.499999999999726
0.8567493112947658,22.154435976201786,22.499315972710512,22.4999999999997
0.859504132231405,22.15352963106996,22.499304649717413,22.499999999999677
0.8622589531680441,22.152624798952253,22.499293204163255,22.499999999999652
0.8650137741046833,22.151721474279416,22.499281635559374,22.49999999999962
0.8677685950413223,22.150819651502353,22.499269943421744,22.499999999999588
0.8705234159779615,22.149919325092196,22.49925812727097,22.499999999999552
0.8732782369146006,22.14902048954035,22.499246186632273,22.499999999999517
0.8760330578512396,22.148123139358532,22.499234121035517,22.499999999999478
0.8787878787878788,22.147227269078833,22.499221930015192,22.49999999999944
0.8815426997245179,22.147227269078833,22.499221930015192,22.49999999999944
0.8842975206611571,22.146332873253737,22.49920961311042,22.499999999999392
0.8870523415977962,22.145439946456175,22.49919716986495,22.499999999999343
0.8898071625344353,22.14454848327956,22.499184599827156,22.499999999999293
0.8925619834710744,22.143658478337787,22.499171902550042,22.499999999999236
0.8953168044077136,22.142769926265306,22.499159077591226,22.49999999999918
0.8980716253443526,22.14188282171711,22.49914612451295,22.499999999999115
0.9008264462809917,22.140997159368787,22.49913304288206,22.499999999999048
0.9035812672176309,22.1401129339165,22.49911983227002,22.499999999998977
0.90633608815427,22.139230140077046,22.49910649225289,22.4999999999989
0.9090909090909092,22.138348772587836,22.499093022411333,22.499999999998817
0.9118457300275482,22.137468826206923,22.499079422330606,22.499999999998728
0.9146005509641874,22.136590295713003,22.499065691600546,22.499999999998632
0.9173553719008265,22.135713175905423,22.49905182981557,22.49999999999853
0.9201101928374655,22.134837461604178,22.49903783657467,22.499999999998423
0.9228650137741047,22.133963147649922,22.499023711481396,22.49999999999831
0.9256198347107438,22.133090228903956,22.49900945414386,22.499999999998188
0.928374655647383,22.13221870024823,22.498995064174707,22.499999999998057
0.9311294765840221,22.131348556585337,22.498980541191134,22.499999999997918
0.9338842975206612,22.130479792838496,22.49896588481486,22.49999999999777
0.9366391184573003,22.129612403951548,22.498951094672126,22.499999999997613
0.9393939393939394,22.12874638488894,22.498936170393666,22.499999999997446
0.9421487603305785,22.127881730635725,22.498921111614727,22.499999999997268
0.9449035812672176,22.127018436197517,22.498905917975037,22.49999999999708
0.9476584022038568,22.126156496600494,22.498890589118794,22.49999999999688
0.9504132231404959,22.12529590689137,22.498875124694667,22.499999999996664
0.9531680440771351,22.124436662137374,22.49885952435577,22.49999999999644
0.9559228650137741,22.123578757426227,22.498843787759654,22.4999999999962
0.9586776859504132,22.12272218786612,22.49882791456831,22.499999999995946
0.9614325068870524,22.121866948585662,22.498811904448118,22.499999999995673
0.9641873278236914,22.121013034733895,22.49879575706988,22.49999999999539
0.9669421487603306,22.120160441480223,22.498779472108772,22.499999999995083
0.9696969696969697,22.1193091640144,22.498763049244342,22.499999999994763
0.9724517906336089,22.11845919754649,22.498746488160503,22.499999999994422
0.975206611570248,22.11761053730683,22.498729788545507,22.49999999999406
0.977961432506887,22.11676317854601,22.49871295009193,22.49999999999368
0.9807162534435262,22.11591711653481,22.49869597249667,22.499999999993275
0.9834710743801653,22.115072346564176,22.498678855460916,22.49999999999285
0.9862258953168044,22.11422886394518,22.49866159869015,22.499999999992397
0.9889807162534435,22.11338666400897,22.49864420189411,22.49999999999192
0.9917355371900827,22.112545742106732,22.49862666478679,22.499999999991417
0.9944903581267218,22.11170609360965,22.498608987086428,22.499999999990884
0.997245179063361,22.110867713908856,22.498591168515457,22.49999999999032
1.0,22.110030598415378,22.49857320880054,22.499999999989726
1.002754820936639,22.109194742560106,22.49855510767251,22.499999999989097
1.0055096418732783,22.108360141793728,22.498536864866367,22.499999999988436
1.0082644628099173,22.107526791586697,22.498518480121266,22.499999999987736
1.0110192837465566,22.106694687429165,22.4984999531805,22.499999999987
1.0137741046831956,22.105863824830944,22.498481283791467,22.499999999986223
1.0165289256198347,22.105034199321448,22.498462471705675,22.499999999985402
1.019283746556474,22.104205806449638,22.4984435166787,22.49999999998454
1.022038567493113,22.103378641783962,22.498424418470197,22.49999999998363
1.0247933884297522,22.102552700912334,22.49840517684384,22.49999999998267
1.0275482093663912,22.101727979442018,22.498385791567355,22.499999999981664
1.0303030303030303,22.10090447299963,22.498366262412453,22.499999999980602
1.0330578512396695,22.10008217723105,22.49834658915485,22.49999999997949
1.0358126721763086,22.099261087801374,22.498326771574217,22.499999999978314
1.0385674931129476,22.098441200394838,22.49830680945419,22.49999999997708
1.0413223140495869,22.097622510714796,22.498286702582316,22.49999999997578
1.044077134986226,22.096805014483618,22.498266450750076,22.499999999974417
1.046831955922865,22.09598870744266,22.498246053752826,22.499999999972985
1.0495867768595042,22.09517358535218,22.498225511389805,22.499999999971482
1.0523415977961432,22.094359643991286,22.498204823464103,22.4999999999699
1.0550964187327825,22.093546879157895,22.49818398978264,22.499999999968242
1.0578512396694215,22.092735286668624,22.49816301015615,22.4999999999665
1.0606060606060606,22.09192486235878,22.49814188439917,22.499999999964672
1.0633608815426998,22.09111560208224,22.498120612329995,22.499999999962753
1.0661157024793388,22.09030750171143,22.498099193770692,22.499999999960743
1.068870523415978,22.08950055713725,22.498077628547037,22.499999999958636
1.0716253443526171,22.08869476426899,22.498055916488546,22.499999999956426
1.0743801652892562,22.08789011903429,22.498034057428416,22.49999999995411
1.0771349862258954,22.087086617379057,22.498012051203514,22.499999999951683
1.0798898071625345,22.086284255267408,22.497989897654357,22.49999999994914
1.0826446280991735,22.08548302868159,22.497967596625106,22.499999999946475
1.0853994490358128,22.084682933621934,22.49794514796352,22.499999999943686
1.0881542699724518,22.08388396610676,22.497922551520954,22.49999999994077
1.0909090909090908,22.08308612217234,22.49789980715233,22.499999999937714
1.09366391184573,22.082289397872803,22.497876914716123,22.49999999993452
1.0964187327823691,22.081493789280078,22.49785387407433,22.499999999931177
1.0991735537190084,22.08069929248383,22.497830685092467,22.49999999992768
1.1019283746556474,22.079905903591385,22.497807347639515,22.499999999924025
1.1046831955922864,22.079113618727657,22.49778386158794,22.499999999920202
1.1074380165289257,22.078322434035094,22.49776022681365,22.499999999916213
1.1101928374655647,22.077532345673582,22.49773644319596,22.49999999991204
1.112947658402204,22.076743349820397,22.49771251061761,22.49999999990768
1.115702479338843,22.075955442670136,22.4976884289647,22.49999999990313
1.118457300275482,22.07516862043463,22.497664198126706,22.499999999898378
1.1212121212121213,22.074382879342892,22.497639817996436,22.499999999893415
1.1239669421487604,22.073598215641024,22.49761528847002,22.49999999988824
1.1267217630853994,22.072814625592176,22.49759060944688,22.499999999882835
1.1294765840220387,22.07203210547644,22.497565780829717,22.499999999877197
1.1322314049586777,22.071250651590816,22.497540802524483,22.499999999871314
1.1349862258953167,22.070470260249117,22.497515674440372,22.49999999986518
1.137741046831956,22.0696909277819,22.497490396489784,22.499999999858787
1.140495867768595,22.068912650536394,22.497464968588307,22.49999999985212
1.1432506887052343,22.068135424876456,22.497439390654705,22.499999999845173
1.1460055096418733,22.067359247182456,22.497413662610896,22.49999999983793
1.1487603305785123,22.06658411385123,22.497387784381914,22.499999999830386
1.1515151515151516,22.065810021296016,22.4973617558959,22.49999999982253
1.1542699724517906,22.065036965946362,22.497335577084097,22.49999999981435
1.15702479338843,22.064264944248066,22.497309247880796,22.499999999805834
1.159779614325069,22.0634939526631,22.497282768223343,22.499999999796966
1.162534435261708,22.062723987669557,22.497256138052098,22.49999999978774
1.1652892561983472,22.061955045761543,22.497229357310417,22.499999999778137
1.1680440771349863,22.061187123449137,22.497202425944664,22.499999999768146
1.1707988980716253,22.06042021725832,22.49717534390413,22.499999999757755
1.1735537190082646,22.05965432373087,22.497148111141065,22.499999999746947
1.1763085399449036,22.058889439424334,22.497120727610632,22.49999999973571
1.1790633608815426,22.058125560911922,22.497093193270885,22.499999999724025
1.1818181818181819,22.057362684782454,22.497065508082763,22.49999999971189
1.184573002754821,22.056600807640297,22.49703767201006,22.49999999969927
1.1873278236914602,22.055839926105264,22.49700968501939,22.49999999968616
1.1900826446280992,22.055080036812562,22.496981547080203,22.499999999672543
1.1928374655647382,22.054321136412728,22.496953258164723,22.499999999658396
1.1955922865013775,22.053563221571547,22.49692481824796,22.49999999964371
1.1983471074380165,22.05280628896998,22.496896227307666,22.499999999628457
1.2011019283746558,22.0520503353041,22.496867485324334,22.499999999612623
1.2038567493112948,22.051295357285014,22.496838592281158,22.499999999596188
1.2066115702479339,22.050541351638806,22.49680954816403,22.499999999579135
1.2093663911845731,22.049788315106444,22.496780352961505,22.49999999956144
1.2121212121212122,22.049036244443734,22.496751006664795,22.499999999543085
1.2148760330578512,22.04828513642123,22.496721509267733,22.49999999952405
1.2176308539944904,22.047534987824186,22.49669186076677,22.49999999950431
1.2203856749311295,22.046785795452454,22.496662061160936,22.49999999948384
1.2231404958677685,22.04603755612045,22.496632110451845,22.49999999946262
1.2258953168044078,22.045290266657055,22.496602008643638,22.499999999440625
1.2286501377410468,22.044543923905568,22.496571755743,22.49999999941783
1.231404958677686,22.043798524723616,22.49654135175912,22.49999999939421
1.234159779614325,22.04305406598311,22.496510796703674,22.499999999369738
1.2369146005509641,22.04231054457014,22.496480090590815,22.499999999344396
1.2396694214876034,22.041567957384952,22.49644923343713,22.499999999318145
1.2424242424242424,22.040826301341834,22.49641822526165,22.499999999290964
1.2451790633608817,22.04008557336908,22.496387066085806,22.499999999262815
1.2479338842975207,22.039345770408907,22.49635575593342,22.49999999923368
1.2506887052341598,22.03860688941739,22.49632429483069,22.499999999203524
1.253443526170799,22.037868927364396,22.496292682806157,22.499999999172317
1.256198347107438,22.037131881233506,22.496260919890698,22.49999999914003
1.258953168044077,22.036395748021967,22.496229006117506,22.499999999106628
1.2617079889807163,22.035660524740603,22.49619694152206,22.49999999907207
1.2644628099173554,22.03492620841376,22.496164726142116,22.499999999036334
1.2672176308539944,22.034192796079253,22.49613236001768,22.499999998999375
1.2699724517906337,22.033460284788255,22.496099843191,22.49999999896117
1.2727272727272727,22.032728671605277,22.49606717570654,22.49999999892167
1.275482093663912,22.031997953608084,22.496034357610952,22.49999999888084
1.278236914600551,22.031268127887614,22.496001388953083,22.499999998838643
1.28099173553719,22.03053919154795,22.495968269783923,22.499999998795037
1.2837465564738293,22.029811141706197,22.495935000156617,22.49999999874999
1.2865013774104683,22.029083975492483,22.495901580126425,22.49999999870345
1.2892561983471076,22.02835769004984,22.495868009750712,22.499999998655383
1.2920110192837466,22.027632282534164,22.495834289088933,22.49999999860574
1.2947658402203857,22.02690775011415,22.495800418202606,22.49999999855448
1.297520661157025,22.026184089971224,22.4957663971553,22.499999998501554
1.300275482093664,22.025461299299465,22.495732226012617,22.499999998446917
1.303030303030303,22.02473937530557,22.49569790484216,22.499999998390525
1.3057851239669422,22.024018315208757,22.495663433713545,22.499999998332324
1.3085399449035813,22.02329811624073,22.495628812698353,22.499999998272266
1.3112947658402203,22.022578775645602,22.49559404187013,22.499999998210303
1.3140495867768596,22.02186029067983,22.495559121304357,22.49999999814638
1.3168044077134986,22.02114265861215,22.495524051078434,22.49999999808044
1.3195592286501379,22.020425876723532,22.49548883127168,22.49999999801244
1.322314049586777,22.020425876723532,22.49548883127168,22.49999999801244
1.325068870523416,22.019709942307095,22.495453461965297,22.499999997942314
1.3278236914600552,22.018994852668058,22.495417943242348,22.499999997870006
1.3305785123966942,22.018280605123675,22.49538227518777,22.499999997795467
1.3333333333333335,22.017567197003164,22.49534645788831,22.499999997718625
1.3360881542699725,22.01685462564767,22.49531049143255,22.499999997639428
1.3388429752066116,22.016142888410187,22.49527437591088,22.499999997557804
1.3415977961432508,22.01543198265548,22.495238111415453,22.499999997473708
1.3443526170798898,22.014721905760055,22.4952016980402,22.499999997387054
1.3471074380165289,22.014012655112083,22.49516513588081,22.49999999729779
1.3498622589531681,22.013304228111352,22.495128425034697,22.499999997205848
1.3526170798898072,22.01259662216918,22.495091565600998,22.499999997111154
1.3553719008264462,22.011889834708388,22.49505455768054,22.49999999701364
1.3581267217630855,22.011183863163208,22.495017401375847,22.49999999691323
1.3608815426997245,22.010478704979263,22.494980096791096,22.499999996809855
1.3636363636363638,22.009774357613466,22.49494264403213,22.49999999670344
1.3663911845730028,22.009070818533996,22.494905043206415,22.499999996593907
1.3691460055096418,22.008368085220216,22.494867294423038,22.49999999648118
1.371900826446281,22.007666155162617,22.494829397792696,22.49999999636518
1.3746556473829201,22.006965025862787,22.494791353427658,22.49999999624582
1.3774104683195594,22.00626469483331,22.494753161441782,22.49999999612302
1.3801652892561984,22.005565159597747,22.49471482195046,22.4999999959967
1.3829201101928374,22.004866417690554,22.49467633507064,22.49999999586677
1.3856749311294767,22.004168466657042,22.49463770092078,22.49999999573314
1.3884297520661157,22.003471304053303,22.49459891962086,22.49999999559573
1.3911845730027548,22.00277492744617,22.49455999129233,22.499999995454438
1.393939393939394,22.002079334413146,22.49452091605814,22.49999999530917
1.396694214876033,22.001384522542363,22.494481694042683,22.499999995159843
1.399449035812672,22.000690489432525,22.49444232537181,22.49999999500635
1.4022038567493114,21.99999723269283,22.4944028101728,22.49999999484859
1.4049586776859504,21.999304749942944,22.494363148574344,22.499999994686473
1.4077134986225897,21.998613038812923,22.49432334070653,22.49999999451989
1.4104683195592287,21.99792209694319,22.49428338670084,22.499999994348737
1.4132231404958677,21.997231921984433,22.494243286690125,22.499999994172907
1.415977961432507,21.9965425115976,22.49420304080859,22.49999999399229
1.418732782369146,21.99585386345381,22.49416264919178,22.499999993806778
1.4214876033057853,21.995165975234315,22.49412211197657,22.49999999361626
1.4242424242424243,21.994478844630446,22.494081429301147,22.499999993420616
1.4269972451790633,21.993792469343557,22.494040601305,22.499999993219735
1.4297520661157026,21.993106847084977,22.493999628128886,22.499999993013496
1.4325068870523416,21.992421975575937,22.493958509914847,22.499999992801776
1.4352617079889807,21.991737852547555,22.493917246806188,22.499999992584453
1.43801652892562,21.991054475740757,22.493875838947424,22.499999992361403
1.440771349862259,21.990371842906228,22.49383428648433,22.499999992132498
1.443526170798898,21.989689951804362,22.49379258956388,22.499999991897607
1.4462809917355373,21.98900880020522,22.493750748334243,22.499999991656598
1.4490358126721763,21.98832838588846,22.49370876294478,22.499999991409336
1.4517906336088156,21.987648706643316,22.493666633546027,22.49999999115568
1.4545454545454546,21.986969760268515,22.493624360289672,22.49999999089549
1.4573002754820936,21.986291544572243,22.493581943328554,22.499999990628634
1.4600550964187329,21.985614057372096,22.493539382816643,22.499999990354958
1.462809917355372,21.984937296495033,22.49349667890903,22.49999999007432
1.4655647382920112,21.984261259777313,22.493453831761904,22.499999989786566
1.4683195592286502,21.98358594506445,22.49341084153255,22.49999998949155
1.4710743801652892,21.982911350211182,22.493367708379342,22.499999989189117
1.4738292011019285,21.982237473081394,22.493324432461698,22.4999999888791
1.4765840220385675,21.981564311548095,22.493281013940113,22.49999998856135
1.4793388429752066,21.980891863493355,22.493237452976107,22.4999999882357
1.4820936639118458,21.980220126808252,22.49319374973224,22.49999998790198
1.4848484848484849,21.97954909939284,22.493149904372075,22.499999987560027
1.487603305785124,21.97887877915611,22.493105917060188,22.499999987209673
1.4903581267217632,21.97820916401589,22.493061787962144,22.499999986850735
1.4931129476584022,21.97754025189887,22.49301751724448,22.499999986483047
1.4958677685950414,21.976872040740503,22.492973105074704,22.499999986106424
1.4986225895316805,21.97620452848498,22.49292855162128,22.499999985720684
1.5013774104683195,21.975537713085192,22.492883857053606,22.49999998532564
1.5041322314049588,21.97487159250264,22.49283902154201,22.499999984921107
1.5068870523415978,21.974206164707454,22.49279404525775,22.49999998450689
1.509641873278237,21.973541427678303,22.49274892837298,22.499999984082798
1.512396694214876,21.97287737940235,22.492703671060745,22.499999983648628
1.5151515151515151,21.972214017875245,22.49265827349498,22.499999983204184
1.5179063360881544,21.971551341101023,22.492612735850482,22.499999982749262
1.5206611570247934,21.970889347092108,22.492567058302914,22.499999982283647
1.5234159779614325,21.970228033869247,22.492521241028786,22.499999981807143
1.5261707988980717,21.96956739946147,22.492475284205437,22.49999998131953
1.5289256198347108,21.968907441906055,22.49242918801104,22.499999980820583
1.5316804407713498,21.968248159248457,22.49238295262458,22.499999980310097
1.534435261707989,21.967589549542293,22.492336578225835,22.499999979787837
1.537190082644628,21.96693161084929,22.492290064995387,22.499999979253577
1.5399449035812673,21.966274341239238,22.49224341311459,22.49999997870709
1.5426997245179064,21.965617738789952,22.492196622765572,22.499999978148143
1.5454545454545454,21.964961801587233,22.492149694131218,22.499999977576493
1.5482093663911847,21.964306527724812,22.49210262739516,22.499999976991905
1.5509641873278237,21.963651915304318,22.492055422741764,22.49999997639413
1.553719008264463,21.962997962435242,22.492008080356133,22.499999975782924
1.556473829201102,21.96234466723489,22.49196060042407,22.49999997515803
1.559228650137741,21.96169202782833,22.491912983132096,22.4999999745192
1.5619834710743803,21.961040042348365,22.491865228667425,22.499999973866164
1.5647382920110193,21.960388708935497,22.491817337217956,22.499999973198666
1.5674931129476584,21.95973802573787,22.49176930897226,22.49999997251644
1.5702479338842976,21.959087990911236,22.491721144119573,22.49999997181921
1.5730027548209367,21.95843860261893,22.491672842849777,22.499999971106707
1.5757575757575757,21.957789859031802,22.491624405353424,22.499999970378646
1.578512396694215,21.9571417583282,22.491575831821667,22.499999969634754
1.581267217630854,21.956494298693922,22.491527122446307,22.49999996887474
1.5840220385674932,21.955847478322177,22.49147827741975,22.499999968098304
1.5867768595041323,21.95520129541354,22.491429296935006,22.499999967305165
1.5895316804407713,21.954555748175938,22.49138018118569,22.499999966495018
1.5922865013774106,21.953910834824573,22.49133093036599,22.499999965667563
1.5950413223140496,21.953266553581912,22.49128154467068,22.49999996482249
1.5977961432506889,21.952622902677643,22.491232024295098,22.499999963959482
1.600550964187328,21.951979880348635,22.49118236943513,22.499999963078235
1.603305785123967,21.9513374848389,22.491132580287232,22.499999962178425
1.6060606060606062,21.95069571439954,22.49108265704837,22.499999961259725
1.6088154269972452,21.950054567288756,22.491032599916064,22.49999996032181
1.6115702479338843,21.949414041771753,22.490982409088343,22.499999959364345
1.6143250688705235,21.94877413612075,22.490932084763745,22.499999958386994
1.6170798898071626,21.948134848614906,22.490881627141327,22.49999995738941
1.6198347107438016,21.94749617754031,22.49083103642062,22.49999995637125
1.6225895316804408,21.946858121189948,22.490780312801647,22.499999955332164
1.6253443526170799,21.946220677863632,22.490729456484917,22.499999954271793
1.6280991735537191,21.945583845868004,22.49067846767139,22.499999953189782
1.6308539944903582,21.94494762351647,22.490627346562498,22.499999952085762
1.6336088154269972,21.944312009129202,22.490576093360115,22.499999950959364
1.6363636363636365,21.94367700103305,22.49052470826656,22.499999949810213
1.6391184573002755,21.943042597561558,22.49047319148459,22.49999994863793
1.6418732782369148,21.942408797054895,22.490421543217376,22.49999994744213
1.6446280991735538,21.94177559785984,22.49036976366852,22.499999946222424
1.6473829201101928,21.941142998329738,22.490317853042026,22.499999944978416
1.650137741046832,21.940510996824464,22.49026581154229,22.49999994370971
1.6528925619834711,21.9398795917104,22.490213639374115,22.4999999424159
1.6556473829201102,21.939248781360384,22.490161336742684,22.499999941096583
1.6584022038567494,21.938618564153707,22.49010890385355,22.499999939751333
1.6611570247933884,21.93798893847603,22.490056340912638,22.499999938379737
1.6639118457300275,21.9373599027194,22.49000364812624,22.49999993698137
1.6666666666666667,21.936731455282196,22.489950825700987,22.499999935555806
1.6694214876033058,21.936103594569097,22.489897873843876,22.499999934102604
1.672176308539945,21.93547631899104,22.489844792762224,22.499999932621325
1.674931129476584,21.934849626965196,22.489791582663685,22.49999993111152
1.677685950413223,21.934223516914958,22.48973824375623,22.49999992957275
1.6804407713498624,21.93359798726987,22.48968477624815,22.49999992800454
1.6831955922865014,21.932973036465626,22.489631180348052,22.499999926406442
1.6859504132231407,21.93234866294402,22.48957745626483,22.49999992477798
1.6887052341597797,21.931724865152926,22.489523604207676,22.49999992311869
1.6914600550964187,21.931101641546256,22.489469624386064,22.499999921428085
1.694214876033058,21.930478990583946,22.48941551700976,22.499999919705687
1.696969696969697,21.9298569107319,22.489361282288783,22.499999917951
1.699724517906336,21.929235400461984,22.489306920433435,22.49999991616353
1.7024793388429753,21.928614458251975,22.48925243165426,22.49999991434278
1.7052341597796143,21.927994082585556,22.489197816162065,22.49999991248823
1.7079889807162534,21.92737427195225,22.489143074167888,22.499999910599385
1.7107438016528926,21.92675502484742,22.489088205883025,22.49999990867571
1.7134986225895317,21.92613633977223,22.489033211518976,22.499999906716692
1.716253443526171,21.925518215233613,22.488978091287482,22.499999904721793
1.71900826446281,21.92490064974423,22.488922845400495,22.499999902690476
1.721763085399449,21.924283641822477,22.488867474070183,22.499999900622203
1.7245179063360883,21.92366718999241,22.48881197750892,22.499999898516418
1.7272727272727273,21.92305129278375,22.488756355929258,22.49999989637257
1.7300275482093666,21.922435948731838,22.48870060954396,22.4999998941901
1.7327823691460056,21.92182115637761,22.488644738565977,22.499999891968432
1.7355371900826446,21.92120691426756,22.488588743208417,22.499999889707
1.7382920110192839,21.920593220953744,22.48853262368458,22.49999988740522
1.741046831955923,21.9199800749937,22.488476380207917,22.499999885062508
1.743801652892562,21.919367474950462,22.488420012992055,22.499999882678267
1.7465564738292012,21.91875541939252,22.488363522250765,22.4999998802519
1.7493112947658402,21.918143906893793,22.48830690819796,22.499999877782805
1.7520661157024793,21.917532936033577,22.48825017104771,22.49999987527036
1.7548209366391185,21.916922505396563,22.48819331101421,22.499999872713957
1.7575757575757576,21.916312613572774,22.488136328311786,22.499999870112966
1.7603305785123968,21.91570325915756,22.488079223154894,22.499999867466748
1.7630853994490359,21.91570325915756,22.488079223154894,22.499999867466748
1.765840220385675,21.915094440751552,22.488021995758107,22.499999864774676
1.7685950413223142,21.914486156960646,22.487964646336103,22.4999998620361
1.7713498622589532,21.913878406395973,22.48790717510367,22.499999859250362
1.7741046831955924,21.91327118767388,22.487849582275704,22.49999985641681
1.7768595041322315,21.912664499415897,22.487791868067198,22.499999853534778
1.7796143250688705,21.912058340248706,22.487734032693226,22.499999850603594
1.7823691460055098,21.911452708804127,22.487676076368952,22.499999847622572
1.7851239669421488,21.910847603719088,22.487617999309617,22.499999844591027
1.7878787878787878,21.91024302363558,22.48755980173054,22.49999984150827
1.790633608815427,21.90963896720067,22.487501483847105,22.499999838373597
1.7933884297520661,21.90903543306645,22.487443045874766,22.4999998351863
1.7961432506887052,21.908432419890012,22.487384488029026,22.49999983194566
1.7988980716253444,21.90782992633342,22.487325810525448,22.499999828650967
1.8016528925619835,21.907227951063707,22.487267013579643,22.499999825301483
1.8044077134986227,21.90662649275282,22.487208097407265,22.499999821896473
1.8071625344352618,21.90602555007763,22.487149062224,22.499999818435192
1.8099173553719008,21.905425121719873,22.48708990824557,22.49999981491689
1.81267217630854,21.904825206366144,22.487030635687727,22.499999811340814
1.815426997245179,21.904225802707874,22.48697124476625,22.499999807706185
1.8181818181818183,21.903626909441293,22.48691173569692,22.49999980401224
1.8209366391184574,21.90302852526743,22.486852108695558,22.49999980025819
1.8236914600550964,21.90243064889206,22.48679236397797,22.49999979644326
1.8264462809917357,21.901833279025702,22.48673250175998,22.49999979256664
1.8292011019283747,21.901236414383575,22.486672522257404,22.499999788627537
1.8319559228650137,21.90064005368561,22.486612425686054,22.499999784625132
1.834710743801653,21.900044195656385,22.48655221226173,22.49999978055861
1.837465564738292,21.899448839025133,22.486491882200227,22.499999776427142
1.840220385674931,21.8988539825257,22.486431435717318,22.49999977222989
1.8429752066115703,21.898259624896532,22.486370873028743,22.499999767966024
1.8457300275482094,21.897665764880653,22.486310194350224,22.499999763634683
1.8484848484848486,21.897072401225632,22.486249399897446,22.499999759235013
1.8512396694214877,21.896479532683575,22.48618848988606,22.499999754766144
1.8539944903581267,21.89588715801109,22.486127464531677,22.499999750227207
1.856749311294766,21.895295275969275,22.486066324049865,22.49999974561732
1.859504132231405,21.894703885323686,22.48600506865614,22.49999974093559
1.8622589531680442,21.894112984844323,22.485943698565958,22.499999736181117
1.8650137741046833,21.893522573305617,22.485882213994728,22.499999731352997
1.8677685950413223,21.892932649486372,22.4858206151578,22.499999726450316
1.8705234159779616,21.8923432121698,22.485758902270444,22.499999721472154
1.8732782369146006,21.89175426014344,22.485697075547872,22.499999716417573
1.8760330578512396,21.891165792199182,22.48563513520522,22.499999711285643
1.878787878787879,21.89057780713322,22.485573081457556,22.499999706075407
1.881542699724518,21.889990303746046,22.48551091451984,22.499999700785917
1.884297520661157,21.889403280842423,22.485448634606975,22.499999695416204
1.8870523415977962,21.888816737231355,22.485386241933764,22.499999689965296
1.8898071625344353,21.88823067172609,22.485323736714914,22.49999968443221
1.8925619834710745,21.887645083144076,22.48526111916504,22.49999967881596
1.8953168044077136,21.887059970306954,22.48519838949866,22.499999673115546
1.8980716253443526,21.886475332040522,22.48513554793018,22.499999667329956
1.9008264462809918,21.88589116717474,22.48507259467391,22.499999661458183
1.9035812672176309,21.885307474543698,22.48500952994404,22.4999996554992
1.9063360881542701,21.884724252985585,22.48494635395465,22.499999649451972
1.9090909090909092,21.88414150134268,22.484883066919696,22.499999643315455
1.9118457300275482,21.88355921846133,22.484819669053024,22.499999637088603
1.9146005509641875,21.882977403191937,22.48475616056834,22.499999630770354
1.9173553719008265,21.882396054388938,22.484692541679244,22.49999962435964
1.9201101928374655,21.88181517091076,22.484628812599176,22.499999617855384
1.9228650137741048,21.881234751619843,22.484564973541467,22.4999996112565
1.9256198347107438,21.880654795382583,22.484501024719297,22.499999604561893
1.9283746556473829,21.880075301069343,22.484436966345704,22.499999597770458
1.9311294765840221,21.879496267554416,22.48437279863359,22.499999590881085
1.9338842975206612,21.878917693716,22.484308521795697,22.49999958389265
1.9366391184573004,21.878339578436208,22.484244136044627,22.499999576804015
1.9393939393939394,21.877761920601014,22.484179641592824,22.49999956961405
1.9421487603305785,21.877184719100267,22.48411503865258,22.499999562321598
1.9449035812672177,21.87660797282765,22.48405032743601,22.499999554925505
1.9476584022038568,21.87603168068067,22.483985508155083,22.499999547424597
1.950413223140496,21.87545584156064,22.4839205810216,22.4999995398177
1.953168044077135,21.87488045437266,22.483855546247188,22.49999953210363
1.955922865013774,21.874305518025594,22.4837904040433,22.499999524281186
1.9586776859504134,21.87373103143207,22.483725154621226,22.499999516349163
1.9614325068870524,21.873156993508438,22.48365979819207,22.499999508306345
1.9641873278236914,21.872583403174776,22.483594334966746,22.49999950015151
1.9669421487603307,21.872010259354848,22.483528765156002,22.499999491883422
1.9696969696969697,21.87143756097611,22.48346308897039,22.499999483500837
1.9724517906336088,21.870865306969677,22.483397306620276,22.4999994750025
1.975206611570248,21.870293496270307,22.48333141831584,22.499999466387155
1.977961432506887,21.86972212781639,22.483265424267046,22.499999457653526
1.9807162534435263,21.86915120054994,22.4831993246837,22.499999448800327
1.9834710743801653,21.86858071341656,22.483133119775367,22.49999943982627
1.9862258953168044,21.86801066536542,22.483066809751442,22.499999430730046
1.9889807162534436,21.867441055349275,22.483000394821094,22.499999421510353
1.9917355371900827,21.866871882324403,22.482933875193304,22.499999412165863
1.994490358126722,21.86630314525063,22.482867251076822,22.499999402695252
1.997245179063361,21.865734843091285,22.482800522680204,22.49999939309717
