Temps (s),T1 (°C),T2 (°C),T3 (°C)
Temps (s), T1 (°C), T2 (°C), T3 (°C)
0,23.88,24.42,24.06
1,23.88,24.42,24.06
2,23.88,24.42,24.06
3,23.88,24.42,24.06
4,23.88,24.42,24.06
5,23.79,24.42,24.06
6,23.70,24.42,24.06
7,23.61,24.42,24.06
8,23.43,24.42,24.06
9,23.34,24.42,24.06
10,23.25,24.42,24.06
11,23.16,24.42,24.06
12,23.07,24.42,24.06
13,23.07,24.42,24.06
14,22.98,24.42,24.06
15,22.90,24.33,24.06
16,22.90,24.33,24.06
17,22.81,24.33,24.06
18,22.72,24.33,24.06
19,22.72,24.33,24.06
20,22.72,24.24,24.06
21,22.63,24.24,24.06
22,22.63,24.24,23.97
23,22.54,24.24,23.97
24,22.54,24.15,23.97
25,22.45,24.15,23.97
26,22.45,24.15,23.97
27,22.36,24.15,23.97
28,22.36,24.15,23.97
29,22.27,24.06,23.97
30,22.27,24.06,23.88
31,22.18,23.97,23.88
32,22.18,23.97,23.88
33,22.18,23.97,23.88
34,22.09,23.97,23.88
35,22.09,23.97,23.88
36,22.09,23.88,23.88
37,22.00,23.88,23.88
38,22.00,23.88,23.79
39,22.00,23.88,23.79
40,22.00,23.79,23.79
41,21.91,23.79,23.79
42,21.91,23.79,23.79
43,21.91,23.79,23.79
44,21.82,23.70,23.79
45,21.82,23.70,23.70
46,21.82,23.70,23.70
47,21.82,23.70,23.70
48,21.82,23.70,23.70
49,21.73,23.61,23.61
50,21.73,23.61,23.61
51,21.73,23.61,23.61
52,21.64,23.61,23.61
53,21.64,23.52,23.61
54,21.64,23.52,23.61
55,21.64,23.52,23.61
56,21.64,23.52,23.52
57,21.64,23.52,23.52
58,21.55,23.43,23.52
59,21.55,23.43,23.52
60,21.55,23.43,23.52
61,21.55,23.43,23.52
62,21.55,23.34,23.43
63,21.46,23.34,23.43
64,21.46,23.34,23.43
65,21.46,23.34,23.34
66,21.46,23.34,23.34
67,21.46,23.25,23.34
68,21.37,23.25,23.34
69,21.37,23.25,23.34
70,21.37,23.25,23.34
71,21.37,23.25,23.25
72,21.28,23.16,23.25
73,21.28,23.16,23.25
74,21.28,23.16,23.25
75,21.28,23.16,23.16
76,21.28,23.07,23.16
77,21.20,23.07,23.16
78,21.20,23.07,23.16
79,21.20,23.07,23.16
80,21.20,23.07,23.07
81,21.20,23.07,23.07
82,21.20,22.98,23.07
83,21.20,22.98,23.07
84,21.11,22.98,23.07
85,21.11,22.98,22.98
86,21.11,22.90,22.98
87,21.11,22.90,22.98
88,21.11,22.90,22.98
89,21.11,22.90,22.98
90,21.11,22.90,22.90
91,21.02,22.90,22.90
92,21.02,22.81,22.90
93,21.02,22.81,22.90
94,21.02,22.81,22.90
95,21.02,22.81,22.90
96,21.02,22.81,22.90
97,21.02,22.81,22.81
98,21.02,22.72,22.81
99,20.93,22.72,22.81
100,20.93,22.72,22.81
101,20.93,22.72,22.72
102,20.93,22.72,22.72
103,20.93,22.63,22.72
104,20.93,22.72,22.72
105,20.93,22.63,22.72
106,20.84,22.63,22.72
107,20.84,22.63,22.72
108,20.84,22.63,22.63
109,20.84,22.63,22.63
110,20.84,22.63,22.63
111,20.84,22.54,22.63
112,20.84,22.54,22.63
113,20.75,22.54,22.63
114,20.75,22.54,22.63
115,20.75,22.54,22.63
116,20.75,22.54,22.54
117,20.75,22.54,22.63
118,20.75,22.54,22.54
119,20.75,22.54,22.54
120,20.66,22.45,22.54
121,20.66,22.45,22.54
122,20.66,22.45,22.54
123,20.66,22.45,22.45
124,20.66,22.45,22.54
125,20.75,22.45,22.45
126,20.75,22.45,22.45
127,20.75,22.45,22.45
128,20.75,22.36,22.45
129,20.75,22.36,22.45
130,20.75,22.36,22.45
131,20.75,22.36,22.45
132,20.75,22.36,22.36
133,20.75,22.36,22.36
134,20.66,22.36,22.36
135,20.66,22.36,22.36
136,20.66,22.27,22.36
137,20.57,22.27,22.36
138,20.57,22.27,22.36
139,20.57,22.27,22.27
140,20.57,22.27,22.27
141,20.57,22.27,22.27
142,20.48,22.27,22.27
143,20.48,22.18,22.27
144,20.48,22.18,22.27
145,20.48,22.18,22.27
146,20.48,22.18,22.27
147,20.48,22.18,22.18
148,20.48,22.18,22.18
149,20.39,22.18,22.18
150,20.39,22.18,22.18
151,20.39,22.18,22.18
152,20.39,22.18,22.18
153,20.39,22.09,22.18
154,20.39,22.09,22.18
155,20.39,22.09,22.18
156,20.39,22.09,22.09
157,20.39,22.09,22.18
158,20.30,22.09,22.18
159,20.30,22.09,22.09
160,20.30,22.09,22.09
161,20.30,22.09,22.09
162,20.30,22.09,22.09
163,20.30,22.00,22.09
164,20.30,22.00,22.09
165,20.30,22.00,22.09
166,20.30,22.00,22.09
167,20.30,22.00,22.09
168,20.30,22.00,22.00
169,20.30,22.00,22.00
170,20.30,22.00,22.00
171,20.30,22.00,22.00
172,20.21,21.91,22.00
173,20.21,22.00,22.00
174,20.21,21.91,22.00
175,20.21,21.91,22.00
176,20.21,21.91,22.00
177,20.21,21.91,22.00
178,20.21,21.91,21.91
179,20.21,21.91,21.91
180,20.21,21.91,21.91
181,20.21,21.91,21.91
182,20.21,21.91,21.91
183,20.21,21.82,21.91
184,20.21,21.82,21.91
185,20.21,21.82,21.91
186,20.21,21.82,21.82
187,20.21,21.82,21.82
188,20.21,21.82,21.82
189,20.21,21.82,21.82
190,20.12,21.82,21.82
191,20.12,21.82,21.82
192,20.12,21.82,21.82
193,20.12,21.82,21.82
194,20.12,21.82,21.82
195,20.12,21.82,21.82
196,20.12,21.73,21.73
197,20.04,21.73,21.73
198,20.04,21.73,21.73
199,20.12,21.73,21.73
200,20.04,21.73,21.73
201,20.04,21.73,21.73
202,20.04,21.73,21.73
203,20.04,21.73,21.73
204,20.04,21.73,21.73
205,20.04,21.73,21.73
206,20.04,21.64,21.73
207,20.04,21.64,21.73
208,20.04,21.64,21.73
209,20.04,21.73,21.73
210,20.04,21.64,21.64
211,20.04,21.64,21.73
212,20.04,21.64,21.64
213,20.04,21.64,21.64
214,20.12,21.64,21.64
215,20.12,21.64,21.64
216,20.12,21.64,21.64
217,20.12,21.64,21.64
218,20.12,21.64,21.64
219,20.12,21.64,21.64
220,20.04,21.64,21.64
221,20.04,21.64,21.64
222,20.04,21.64,21.64
223,20.04,21.64,21.64
224,20.04,21.64,21.64
225,20.04,21.64,21.64
226,20.04,21.64,21.64
227,20.04,21.64,21.64
228,20.04,21.64,21.64
229,20.04,21.64,21.64
230,20.04,21.64,21.64
231,20.04,21.64,21.64
232,20.04,21.64,21.64
233,20.04,21.64,21.64
234,20.04,21.64,21.64
235,20.04,21.64,21.64
236,20.04,21.64,21.64
237,20.04,21.64,21.64
238,20.04,21.64,21.64
239,19.95,21.64,21.64
240,19.95,21.64,21.64
241,19.95,21.55,21.64
242,19.95,21.55,21.64
243,19.95,21.64,21.64
244,19.95,21.55,21.64
245,19.95,21.55,21.64
246,19.95,21.55,21.64
247,19.95,21.55,21.64
248,19.95,21.55,21.64
249,19.95,21.55,21.64
250,19.95,21.55,21.64
251,19.95,21.55,21.64
252,19.95,21.55,21.64
253,19.95,21.55,21.64
254,19.95,21.55,21.64
255,19.95,21.55,21.64
256,19.95,21.55,21.55
257,19.95,21.55,21.55
258,19.95,21.55,21.55
259,19.95,21.55,21.55
260,19.95,21.55,21.55
261,19.95,21.55,21.55
262,19.95,21.55,21.55
263,19.95,21.46,21.55
264,19.95,21.46,21.55
265,19.86,21.46,21.46
266,19.86,21.46,21.46
267,19.86,21.46,21.46
269,19.86,21.46,21.46
270,19.86,21.46,21.46
271,19.86,21.46,21.46
272,19.86,21.46,21.46
273,19.86,21.46,21.46
274,19.86,21.46,21.46
275,19.77,21.46,21.46
276,19.77,21.46,21.37
277,19.77,21.37,21.37
278,19.77,21.37,21.37
279,19.77,21.37,21.37
280,19.77,21.37,21.37
281,19.77,21.37,21.37
282,19.77,21.37,21.37
283,19.77,21.37,21.37
284,19.77,21.37,21.37
285,19.77,21.37,21.37
286,19.77,21.37,21.37
287,19.77,21.37,21.37
288,19.77,21.37,21.37
289,19.77,21.37,21.37
290,19.77,21.37,21.37
291,19.77,21.37,21.37
292,19.86,21.37,21.37
293,19.86,21.37,21.46
294,19.86,21.37,21.46
295,19.86,21.37,21.37
296,19.77,21.37,21.37
297,19.77,21.37,21.37
298,19.77,21.37,21.37
299,19.77,21.37,21.37
300,19.77,21.37,21.37
301,19.77,21.37,21.37
302,19.77,21.37,21.37
303,19.77,21.37,21.37
304,19.77,21.37,21.37
305,19.77,21.37,21.37
306,19.77,21.28,21.37
307,19.77,21.28,21.37
308,19.77,21.28,21.46
309,19.68,21.28,21.46
310,19.68,21.28,21.46
311,19.77,21.28,21.37
312,19.68,21.28,21.46
313,19.68,21.28,21.37
314,19.77,21.28,21.37
315,19.68,21.28,21.37
316,19.68,21.28,21.37
317,19.77,21.28,21.37
318,19.77,21.28,21.37
319,19.77,21.28,21.28
320,19.68,21.28,21.37
321,19.68,21.28,21.28
322,19.68,21.28,21.28
323,19.68,21.28,21.28
324,19.68,21.28,21.28
325,19.68,21.28,21.28
326,19.77,21.28,21.28
327,19.77,21.28,21.28
328,19.77,21.28,21.28
329,19.68,21.28,21.28
330,19.68,21.28,21.28
331,19.68,21.28,21.28
332,19.68,21.28,21.28
333,19.68,21.28,21.28
334,19.77,21.28,21.28
335,19.77,21.28,21.20
336,19.77,21.28,21.20
337,19.77,21.28,21.28
338,19.77,21.28,21.28
339,19.68,21.28,21.28
340,19.68,21.20,21.28
341,19.68,21.28,21.20
342,19.68,21.28,21.20
343,19.68,21.28,21.28
344,19.68,21.28,21.20
345,19.68,21.28,21.20
346,19.68,21.28,21.20
347,19.68,21.28,21.20
348,19.68,21.28,21.20
349,19.68,21.28,21.20
350,19.68,21.20,21.20
351,19.68,21.20,21.20
352,19.68,21.20,21.20
353,19.68,21.20,21.20
354,19.68,21.20,21.20
355,19.68,21.20,21.20
356,19.68,21.20,21.20
357,19.68,21.20,21.20
358,19.68,21.20,21.20
359,19.68,21.20,21.20
360,19.68,21.20,21.20
361,19.68,21.20,21.20
362,19.68,21.20,21.20
363,19.68,21.20,21.20
364,19.68,21.20,21.20
365,19.68,21.20,21.20
366,19.68,21.20,21.20
367,19.68,21.20,21.20
368,19.59,21.20,21.20
369,19.68,21.20,21.20
370,19.59,21.20,21.11
371,19.59,21.11,21.11
372,19.59,21.20,21.20
373,19.59,21.20,21.20
374,19.59,21.20,21.20
375,19.59,21.20,21.11
376,19.59,21.11,21.11
377,19.59,21.20,21.11
378,19.59,21.11,21.11
379,19.59,21.11,21.11
380,19.59,21.11,21.11
381,19.59,21.11,21.11
382,19.59,21.11,21.11
383,19.59,21.11,21.11
384,19.59,21.11,21.11
385,19.59,21.11,21.11
386,19.59,21.11,21.11
387,19.59,21.11,21.11
388,19.59,21.11,21.11
389,19.59,21.11,21.11
390,19.50,21.11,21.11
391,19.59,21.11,21.11
392,19.50,21.11,21.11
393,19.50,21.11,21.02
394,19.50,21.11,21.02
395,19.50,21.11,21.02
396,19.50,21.11,21.02
397,19.50,21.11,21.11
398,19.50,21.02,21.02
399,19.50,21.11,21.11
400,19.50,21.11,21.11
401,19.50,21.11,21.11
402,19.50,21.11,21.11
403,19.50,21.11,21.11
404,19.50,21.11,21.02
405,19.59,21.11,21.02
406,19.59,21.11,21.02
407,19.59,21.11,21.02
408,19.59,21.11,21.02
409,19.50,21.11,21.02
410,19.59,21.11,21.02
411,19.50,21.11,21.02
412,19.50,21.11,21.02
413,19.50,21.11,21.02
414,19.50,21.11,21.02
415,19.50,21.02,21.02
416,19.50,21.11,21.02
417,19.50,21.02,21.02
418,19.50,21.11,21.02
419,19.50,21.02,21.02
420,19.50,21.02,21.02
421,19.50,21.02,21.02
422,19.50,21.02,21.02
423,19.50,21.02,21.02
424,19.50,21.02,21.02
425,19.50,21.02,21.02
426,19.50,21.02,21.02
427,19.50,21.02,21.02
428,19.50,21.02,21.02
429,19.50,21.02,21.02
430,19.50,21.02,21.02
431,19.50,21.02,21.02
432,19.50,21.02,21.02
433,19.50,21.02,21.02
434,19.50,21.02,21.02
435,19.50,21.02,21.02
436,19.50,21.02,21.02
437,19.50,21.02,21.02
438,19.50,21.02,21.02
439,19.50,21.02,20.93
440,19.41,21.02,20.93
441,19.50,21.02,21.02
442,19.41,21.02,20.93
443,19.41,21.02,20.93
444,19.50,21.02,21.02
445,19.50,21.02,21.02
446,19.50,21.02,21.02
447,19.50,21.02,21.02
448,19.50,21.02,21.02
449,19.50,21.02,21.02
450,19.41,21.02,21.02
451,19.41,21.02,21.02
452,19.41,21.02,20.93
453,19.41,21.02,21.02
454,19.50,21.02,21.02
455,19.41,21.02,21.02
456,19.41,21.02,21.02
457,19.41,21.02,21.02
458,19.41,20.93,20.93
459,19.41,21.02,21.02
460,19.41,21.02,21.02
461,19.41,20.93,20.93
462,19.41,20.93,20.93
463,19.50,20.93,20.93
464,19.50,21.02,21.02
465,19.41,20.93,20.93
466,19.41,21.02,20.93
467,19.41,21.02,20.93
468,19.50,20.93,21.02
469,19.41,20.93,20.93
470,19.41,20.93,20.93
471,19.41,20.93,20.93
472,19.41,20.93,20.93
473,19.41,20.93,20.93
474,19.41,20.93,20.93
475,19.41,20.93,20.93
476,19.41,20.93,20.93
477,19.41,20.93,20.93
478,19.41,20.93,20.93
479,19.41,20.93,20.93
480,19.41,20.93,20.93
481,19.41,20.93,20.93
482,19.41,20.93,20.93
483,19.41,20.93,20.93
484,19.41,20.93,20.93
485,19.41,20.93,20.93
486,19.41,20.93,21.02
487,19.41,20.93,20.93
488,19.41,20.93,20.93
489,19.41,20.93,21.02
490,19.41,20.93,21.02
491,19.41,20.93,20.93
492,19.41,20.93,20.93
493,19.41,20.93,20.93
494,19.41,20.93,20.93
495,19.41,20.93,20.93
496,19.41,20.93,20.93
497,19.41,20.93,20.93
498,19.41,20.93,20.93
499,19.41,20.93,20.93
500,19.41,20.93,20.93
501,19.41,20.93,20.93
502,19.41,21.02,20.93
503,19.41,21.02,20.93
504,19.41,21.02,20.93
505,19.41,20.93,20.93
506,19.41,20.93,20.93
507,19.41,20.93,20.93
508,19.41,21.02,20.93
509,19.41,21.02,20.93
510,19.50,21.02,20.93
511,19.50,21.02,20.93
512,19.41,21.02,20.93
513,19.50,21.02,20.93
514,19.41,21.02,20.93
515,19.41,21.02,21.02
516,19.41,21.02,21.02
517,19.41,21.02,21.02
518,19.41,21.02,21.02
519,19.41,21.02,21.02
520,19.41,21.02,21.02
521,19.41,21.02,21.02
522,19.41,21.02,21.02
523,19.41,21.02,21.02
524,19.41,21.02,21.02
525,19.41,21.02,21.02
526,19.41,21.02,21.11
527,19.32,21.02,21.02
528,19.23,21.02,21.02
529,19.23,21.02,21.11
530,19.14,21.02,21.11
531,19.05,21.02,21.11
532,19.05,21.02,21.11
533,18.96,21.02,21.02
534,18.96,21.02,21.02
535,18.96,21.02,21.02
537,18.88,21.02,21.02
538,18.88,20.93,21.02
539,18.79,20.93,21.02
540,18.79,20.93,21.02
541,18.79,20.93,21.02
542,18.70,20.93,21.02
543,18.70,20.93,21.02
544,18.70,20.84,21.02
545,18.70,20.84,21.02
546,18.61,20.84,21.02
547,18.61,20.84,21.02
548,18.61,20.84,21.02
549,18.61,20.75,21.02
550,18.52,20.75,21.02
551,18.52,20.75,21.02
552,18.52,20.75,21.02
553,18.52,20.75,21.02
554,18.52,20.75,20.93
555,18.43,20.75,21.02
556,18.43,20.75,21.02
557,18.43,20.75,20.93
558,18.43,20.66,20.93
559,18.43,20.66,20.93
560,18.43,20.66,20.93
561,18.43,20.66,20.93
562,18.34,20.66,20.93
563,18.34,20.66,20.93
564,18.34,20.66,20.93
565,18.34,20.57,20.93
566,18.25,20.57,20.93
567,18.25,20.57,20.93
568,18.25,20.57,20.84
569,18.25,20.57,20.84
570,18.25,20.57,20.84
571,18.25,20.57,20.84
572,18.25,20.48,20.84
573,18.25,20.48,20.75
574,18.16,20.48,20.75
575,18.16,20.48,20.84
576,18.16,20.48,20.84
577,18.16,20.48,20.84
578,18.16,20.48,20.84
579,18.16,20.48,20.84
580,18.16,20.48,20.75
581,18.16,20.48,20.75
582,18.16,20.48,20.75
583,18.07,20.39,20.75
584,18.07,20.39,20.75
585,18.07,20.39,20.75
586,18.07,20.39,20.66
587,18.07,20.39,20.66
588,18.07,20.39,20.66
589,18.07,20.39,20.66
590,18.07,20.30,20.66
591,17.98,20.30,20.66
592,17.98,20.30,20.57
593,17.98,20.30,20.57
594,17.98,20.30,20.57
595,17.98,20.30,20.57
596,17.98,20.30,20.57
597,17.98,20.21,20.57
598,17.98,20.21,20.48
599,17.98,20.21,20.48
600,17.98,20.21,20.48
601,17.98,20.21,20.48
602,17.98,20.21,20.48
603,17.98,20.21,20.48
604,17.98,20.21,20.48
605,17.98,20.21,20.48
606,17.98,20.21,20.48
607,17.98,20.21,20.48
608,17.98,20.21,20.39
609,17.89,20.12,20.39
610,17.89,20.12,20.39
611,17.89,20.12,20.39
612,17.89,20.12,20.39
613,17.89,20.12,20.39
614,17.89,20.12,20.39
615,17.89,20.12,20.39
616,17.80,20.12,20.39
617,17.89,20.04,20.30
618,17.89,20.04,20.30
619,17.80,20.04,20.30
620,17.89,20.04,20.30
621,17.80,20.04,20.30
622,17.80,20.04,20.30
623,17.80,20.04,20.30
624,17.80,20.04,20.30
625,17.89,20.04,20.21
626,17.80,20.04,20.30
627,17.80,20.04,20.21
628,17.80,20.04,20.21
629,17.80,19.95,20.21
630,17.80,19.95,20.21
631,17.80,19.95,20.21
632,17.80,19.95,20.21
633,17.80,19.95,20.21
634,17.80,19.95,20.21
635,17.80,19.95,20.21
636,17.80,19.95,20.21
637,17.80,19.95,20.12
638,17.80,19.95,20.12
639,17.80,19.95,20.21
640,17.71,19.86,20.12
641,17.80,19.95,20.12
642,17.71,19.86,20.12
643,17.71,19.95,20.12
644,17.80,19.95,20.12
645,17.80,19.86,20.12
646,17.71,19.95,20.12
647,17.80,19.86,20.04
648,17.71,19.86,20.04
649,17.80,19.86,20.04
650,17.80,19.86,20.04
651,17.71,19.86,20.04
652,17.71,19.86,20.04
653,17.80,19.86,20.04
654,17.71,19.86,20.04
655,17.71,19.86,20.04
656,17.71,19.86,20.04
657,17.71,19.86,20.04
658,17.63,19.86,20.04
659,17.71,19.86,20.04
660,17.71,19.86,20.04
661,17.71,19.86,20.04
662,17.71,19.86,20.04
663,17.71,19.86,20.04
664,17.71,19.86,20.04
665,17.71,19.86,20.12
666,17.71,19.86,20.12
667,17.71,19.86,20.12
668,17.71,19.86,20.12
669,17.71,19.77,20.12
670,17.71,19.86,20.12
671,17.71,19.77,20.12
672,17.71,19.86,20.12
673,17.63,19.86,20.12
674,17.71,19.86,20.12
675,17.63,19.86,20.12
676,17.63,19.86,20.12
677,17.63,19.86,20.04
678,17.63,19.77,20.04
679,17.63,19.77,20.04
680,17.63,19.77,20.04
681,17.63,19.86,20.04
682,17.63,19.77,20.12
683,17.71,19.77,20.04
684,17.71,19.77,20.04
685,17.71,19.77,20.12
686,17.71,19.77,20.04
687,17.71,19.77,20.12
688,17.71,19.77,20.12
689,17.71,19.77,20.04
690,17.71,19.77,20.12
691,17.63,19.77,20.12
692,17.63,19.77,20.12
693,17.63,19.77,20.12
694,17.63,19.86,20.12
695,17.63,19.77,20.12
696,17.54,19.77,20.12
697,17.54,19.77,20.12
698,17.63,19.77,20.12
699,17.54,19.77,20.12
700,17.54,19.77,20.12
701,17.54,19.77,20.04
702,17.54,19.77,20.04
703,17.54,19.77,20.04
704,17.54,19.77,20.04
705,17.54,19.77,20.04
706,17.54,19.77,20.04
707,17.54,19.68,19.95
708,17.54,19.68,19.95
709,17.54,19.68,19.95
710,17.54,19.68,19.95
711,17.54,19.68,19.95
712,17.54,19.68,19.95
713,17.54,19.68,19.86
714,17.54,19.68,19.86
715,17.54,19.59,19.86
716,17.54,19.59,19.86
717,17.54,19.68,19.86
718,17.54,19.59,19.86
719,17.45,19.68,19.95
720,17.45,19.68,19.95
721,17.45,19.59,19.95
722,17.45,19.59,19.95
723,17.45,19.68,19.95
724,17.45,19.59,19.95
725,17.45,19.59,19.95
726,17.45,19.59,19.95
727,17.45,19.59,19.95
728,17.45,19.59,19.86
729,17.45,19.59,19.86
730,17.45,19.59,19.86
731,17.36,19.59,19.86
732,17.45,19.59,19.86
733,17.45,19.59,19.86
734,17.45,19.59,19.86
735,17.54,19.59,19.86
736,17.45,19.59,19.95
737,17.45,19.59,19.95
738,17.45,19.68,19.95
739,17.54,19.59,19.95
740,17.54,19.59,19.95
741,17.45,19.59,19.95
742,17.45,19.59,19.86
743,17.45,19.59,19.86
744,17.45,19.59,19.86
745,17.45,19.59,19.86
746,17.45,19.59,19.86
747,17.45,19.59,19.86
748,17.36,19.59,19.86
749,17.45,19.59,19.86
750,17.45,19.59,19.86
751,17.45,19.59,19.86
752,17.45,19.59,19.86
753,17.45,19.59,19.86
754,17.54,19.59,19.86
755,17.54,19.59,19.86
756,17.45,19.59,19.86
757,17.45,19.68,19.95
758,17.45,19.59,19.95
759,17.45,19.59,19.95
760,17.45,19.59,19.95
761,17.45,19.68,19.95
762,17.45,19.59,19.95
763,17.45,19.68,19.95
764,17.45,19.59,19.95
765,17.45,19.59,19.95
766,17.36,19.59,19.95
767,17.45,19.59,19.86
768,17.36,19.59,19.86
769,17.36,19.59,19.86
770,17.36,19.59,19.86
771,17.45,19.59,19.86
772,17.45,19.50,19.86
773,17.36,19.59,19.86
774,17.45,19.50,19.86
775,17.36,19.59,19.86
776,17.36,19.50,19.86
777,17.36,19.59,19.86
778,17.36,19.59,19.86
779,17.36,19.59,19.86
780,17.36,19.59,19.95
781,17.36,19.59,19.95
782,17.27,19.59,19.95
783,17.36,19.59,19.86
784,17.36,19.50,19.86
785,17.36,19.50,19.86
786,17.27,19.50,19.86
787,17.45,19.50,19.86
788,17.36,19.59,19.86
789,17.45,19.59,19.86
790,17.36,19.59,19.86
791,17.45,19.59,19.86
792,17.45,19.59,19.86
793,17.45,19.50,19.86
794,17.45,19.59,19.86
795,17.45,19.59,19.77
796,17.36,19.59,19.86
797,17.54,19.68,19.86
798,17.45,19.59,19.77
799,17.45,19.59,19.86
800,17.45,19.59,19.86
801,17.54,19.59,19.77
802,17.54,19.59,19.86
803,17.63,19.59,19.77
805,17.54,19.59,19.86
806,17.54,19.59,19.77
807,17.45,19.50,19.86
808,17.54,19.50,19.77
809,17.45,19.59,19.77
810,17.54,19.50,19.77
811,17.45,19.50,19.86
812,17.45,19.50,19.86
813,17.45,19.50,19.86
814,17.45,19.50,19.77
815,17.45,19.50,19.77
816,17.45,19.50,19.86
817,17.45,19.50,19.86
818,17.45,19.59,19.86
819,17.45,19.59,19.86
820,17.45,19.59,19.86
821,17.45,19.59,19.95
822,17.45,19.59,19.86
823,17.36,19.59,19.95
824,17.36,19.59,19.95
825,17.36,19.59,19.95
826,17.45,19.59,19.95
827,17.45,19.59,19.86
828,17.54,19.59,19.86
829,17.45,19.59,19.86
830,17.36,19.59,19.86
831,17.45,19.59,19.86
832,17.36,19.59,19.86
833,17.45,19.59,19.86
834,17.45,19.59,19.86
835,17.36,19.59,19.86
836,17.45,19.59,19.86
837,17.45,19.59,19.86
838,17.45,19.50,19.86
839,17.36,19.59,19.86
840,17.36,19.59,19.86
841,17.36,19.59,19.86
842,17.36,19.50,19.86
843,17.36,19.50,19.86
844,17.36,19.50,19.86
845,17.36,19.50,19.86
846,17.36,19.50,19.77
847,17.36,19.50,19.77
848,17.36,19.50,19.77
849,17.45,19.50,19.77
850,17.36,19.50,19.77
851,17.36,19.50,19.77
852,17.45,19.50,19.77
853,17.45,19.50,19.77
854,17.45,19.59,19.77
855,17.54,19.50,19.77
856,17.54,19.50,19.77
857,17.54,19.59,19.77
858,17.54,19.50,19.68
859,17.54,19.50,19.77
860,17.54,19.50,19.77
861,17.54,19.50,19.77
862,17.54,19.50,19.77
863,17.54,19.50,19.68
864,17.54,19.50,19.77
865,17.54,19.50,19.68
866,17.54,19.50,19.68
867,17.54,19.50,19.68
868,17.54,19.50,19.68
869,17.54,19.50,19.68
870,17.54,19.50,19.68
871,17.54,19.50,19.68
872,17.54,19.50,19.68
873,17.54,19.50,19.68
874,17.54,19.50,19.68
875,17.54,19.50,19.68
876,17.54,19.50,19.68
877,17.45,19.50,19.68
878,17.45,19.50,19.68
879,17.54,19.50,19.68
880,17.45,19.50,19.77
881,17.45,19.50,19.77
882,17.45,19.50,19.77
883,17.45,19.50,19.77
884,17.45,19.50,19.77
885,17.54,19.50,19.77
886,17.54,19.50,19.68
887,17.54,19.50,19.77
888,17.54,19.59,19.77
889,17.54,19.59,19.86
890,17.45,19.59,19.86
891,17.45,19.59,19.86
892,17.45,19.59,19.86
893,17.45,19.59,19.86
894,17.45,19.59,19.86
895,17.45,19.59,19.86
896,17.36,19.59,19.86
897,17.45,19.59,19.86
898,17.36,19.50,19.86
899,17.36,19.50,19.86
900,17.36,19.50,19.77
901,17.36,19.50,19.86
902,17.36,19.50,19.77
903,17.36,19.50,19.86
904,17.36,19.50,19.86
905,17.36,19.50,19.86
906,17.36,19.50,19.86
907,17.36,19.50,19.86
908,17.36,19.50,19.86
909,17.36,19.50,19.77
910,17.36,19.50,19.77
911,17.36,19.50,19.77
912,17.36,19.50,19.77
913,17.36,19.50,19.77
914,17.36,19.50,19.77
915,17.36,19.50,19.77
916,17.36,19.50,19.68
917,17.36,19.41,19.68
918,17.36,19.41,19.68
919,17.36,19.41,19.68
920,17.36,19.41,19.68
921,17.36,19.41,19.77
922,17.36,19.41,19.77
923,17.45,19.41,19.68
924,17.36,19.50,19.68
925,17.45,19.41,19.68
926,17.36,19.50,19.68
927,17.36,19.50,19.68
928,17.45,19.50,19.68
929,17.45,19.50,19.68
930,17.45,19.50,19.68
931,17.45,19.50,19.68
932,17.36,19.50,19.68
933,17.36,19.50,19.68
934,17.36,19.50,19.68
935,17.36,19.50,19.77
936,17.45,19.50,19.77
937,17.36,19.59,19.77
938,17.36,19.59,19.77
939,17.36,19.59,19.77
940,17.45,19.50,19.77
941,17.36,19.50,19.77
942,17.36,19.50,19.77
943,17.36,19.50,19.77
944,17.36,19.50,19.77
945,17.45,19.50,19.68
946,17.45,19.50,19.68
947,17.45,19.50,19.68
948,17.36,19.50,19.68
949,17.36,19.50,19.68
950,17.36,19.50,19.68
951,17.36,19.50,19.68
952,17.45,19.50,19.68
953,17.36,19.50,19.68
954,17.36,19.50,19.77
955,17.45,19.50,19.77
956,17.36,19.50,19.77
957,17.45,19.50,19.77
958,17.45,19.50,19.77
959,17.63,19.50,19.77
960,17.71,19.50,19.77
961,17.89,19.50,19.77
962,18.07,19.50,19.77
963,18.16,19.50,19.77
964,18.34,19.50,19.77
965,18.43,19.50,19.77
966,18.61,19.50,19.77
967,18.70,19.59,19.77
968,18.79,19.59,19.77
969,18.88,19.59,19.77
970,18.96,19.59,19.77
971,19.05,19.68,19.77
972,19.14,19.68,19.77
973,19.23,19.77,19.77
974,19.32,19.77,19.77
975,19.32,19.77,19.77
976,19.41,19.86,19.77
977,19.50,19.86,19.77
978,19.50,19.86,19.77
979,19.59,19.95,19.86
980,19.68,19.95,19.86
981,19.68,20.04,19.86
982,19.77,20.04,19.95
983,19.77,20.04,19.86
984,19.86,20.12,19.95
985,19.86,20.12,19.95
986,19.95,20.12,19.95
987,19.95,20.21,19.95
988,20.04,20.21,19.95
989,20.04,20.21,19.95
990,20.12,20.30,19.95
991,20.12,20.30,19.95
992,20.21,20.30,19.95
993,20.21,20.39,20.04
994,20.21,20.39,20.04
995,20.30,20.39,20.04
996,20.30,20.48,20.04
997,20.30,20.48,20.04
998,20.39,20.48,20.12
999,20.39,20.57,20.12
1000,20.39,20.57,20.12
1001,20.48,20.57,20.21
1002,20.48,20.66,20.21
1003,20.48,20.66,20.21
1004,20.57,20.66,20.21
1005,20.57,20.66,20.21
1006,20.57,20.66,20.21
1007,20.57,20.75,20.21
1008,20.66,20.75,20.30
1009,20.66,20.84,20.30
1010,20.66,20.84,20.30
1011,20.75,20.84,20.39
1012,20.75,20.93,20.39
1013,20.75,20.93,20.39
1014,20.75,20.93,20.48
1015,20.84,21.02,20.48
1016,20.84,21.02,20.48
1017,20.93,21.02,20.57
1018,20.93,21.02,20.57
1019,20.93,21.11,20.57
1020,20.93,21.11,20.57
1021,21.02,21.11,20.57
1022,21.02,21.11,20.66
1023,21.02,21.20,20.66
1024,21.11,21.20,20.66
1025,21.11,21.20,20.75
1026,21.11,21.28,20.75
1027,21.11,21.28,20.75
1028,21.20,21.28,20.84
1029,21.20,21.28,20.84
1030,21.20,21.28,20.84
1031,21.20,21.37,20.84
1032,21.28,21.37,20.84
1033,21.28,21.37,20.93
1034,21.28,21.46,20.93
1035,21.28,21.46,20.93
1036,21.28,21.46,20.93
1037,21.37,21.46,21.02
1038,21.37,21.55,21.02
1039,21.37,21.55,21.02
1040,21.37,21.55,21.02
1041,21.46,21.55,21.11
1042,21.46,21.55,21.11
1043,21.46,21.64,21.11
1044,21.46,21.64,21.20
1045,21.46,21.64,21.20
1046,21.46,21.64,21.20
1047,21.55,21.73,21.28
1048,21.55,21.73,21.28
1049,21.55,21.73,21.28
1050,21.55,21.73,21.28
1051,21.55,21.82,21.28
1052,21.64,21.82,21.28
1053,21.64,21.82,21.37
1054,21.64,21.82,21.37
1055,21.64,21.82,21.37
1056,21.64,21.91,21.37
1057,21.73,21.91,21.46
1058,21.64,21.91,21.46
1059,21.73,21.91,21.46
1060,21.73,22.00,21.55
1061,21.73,22.00,21.55
1062,21.73,22.00,21.55
1063,21.73,22.00,21.55
1064,21.73,22.00,21.55
1065,21.82,22.09,21.64
1066,21.82,22.09,21.64
1067,21.82,22.09,21.64
1068,21.91,22.09,21.64
1069,21.91,22.09,21.64
1070,21.91,22.09,21.64
1072,21.91,22.18,21.64
1073,21.91,22.18,21.73
1074,22.00,22.18,21.73
1075,21.91,22.18,21.73
1076,22.00,22.18,21.73
1077,22.00,22.18,21.82
1078,22.00,22.27,21.82
1079,22.00,22.27,21.82
1080,22.00,22.27,21.82
1081,22.00,22.27,21.82
1082,22.00,22.27,21.82
1083,22.00,22.36,21.82
1084,22.00,22.27,21.82
1085,22.00,22.36,21.91
1086,22.00,22.36,21.91
1087,22.09,22.36,21.91
1088,22.09,22.36,21.91
1089,22.09,22.36,21.91
1090,22.09,22.36,21.91
1091,22.09,22.36,21.91
1092,22.09,22.45,21.91
1093,22.09,22.45,22.00
1094,22.18,22.45,22.00
1095,22.18,22.45,22.00
1096,22.18,22.45,22.00
1097,22.18,22.45,22.00
1098,22.18,22.54,22.00
1099,22.18,22.54,22.00
1100,22.27,22.54,22.00
1101,22.27,22.54,22.09
1102,22.27,22.54,22.09
1103,22.27,22.54,22.09
1104,22.27,22.54,22.09
1105,22.27,22.54,22.09
1106,22.27,22.63,22.18
1107,22.36,22.63,22.18
1108,22.36,22.63,22.18
1109,22.36,22.63,22.18
1110,22.36,22.63,22.18
1111,22.36,22.72,22.18
1112,22.36,22.72,22.18
1113,22.36,22.72,22.18
1114,22.36,22.72,22.27
1115,22.36,22.72,22.27
1116,22.45,22.72,22.27
1117,22.45,22.72,22.27
1118,22.45,22.72,22.27
1119,22.45,22.72,22.27
1120,22.45,22.72,22.27
1121,22.45,22.81,22.27
1122,22.45,22.81,22.36
1123,22.45,22.81,22.36
1124,22.45,22.81,22.36
1125,22.45,22.81,22.36
1126,22.45,22.81,22.36
1127,22.45,22.81,22.36
1128,22.45,22.90,22.36
1129,22.54,22.90,22.36
1130,22.45,22.90,22.36
1131,22.54,22.90,22.36
1132,22.54,22.90,22.45
1133,22.54,22.90,22.45
1134,22.54,22.90,22.45
1135,22.54,22.90,22.45
1136,22.54,22.90,22.45
1137,22.54,22.90,22.45
1138,22.54,22.90,22.54
1139,22.54,22.98,22.45
1140,22.63,22.98,22.45
1141,22.54,22.98,22.54
1142,22.63,22.98,22.54
1143,22.63,22.98,22.54
1144,22.63,22.98,22.54
1145,22.63,22.98,22.54
1146,22.63,22.98,22.54
1147,22.63,23.07,22.54
1148,22.63,23.07,22.63
1149,22.63,23.07,22.63
1150,22.72,23.07,22.63
1151,22.72,23.07,22.63
1152,22.72,23.07,22.63
1153,22.72,23.07,22.63
1154,22.72,23.07,22.63
1155,22.72,23.07,22.63
1156,22.72,23.16,22.72
1157,22.72,23.16,22.72
1158,22.72,23.07,22.72
1159,22.72,23.16,22.72
1160,22.72,23.16,22.72
1161,22.72,23.16,22.72
1162,22.72,23.16,22.72
1163,22.72,23.16,22.72
1164,22.72,23.16,22.72
1165,22.81,23.25,22.72
1166,22.81,23.16,22.81
1167,22.81,23.25,22.81
1168,22.81,23.25,22.81
1169,22.81,23.25,22.81
1170,22.81,23.25,22.81
1171,22.81,23.25,22.81
1172,22.81,23.25,22.81
1173,22.81,23.25,22.81
1174,22.90,23.25,22.90
1175,22.90,23.25,22.90
1176,22.90,23.34,22.90
1177,22.90,23.34,22.90
1178,22.90,23.34,22.90
1179,22.90,23.34,22.90
1180,22.90,23.34,22.90
1181,22.90,23.34,22.90
1182,22.90,23.34,22.90
1183,22.90,23.34,22.90
1184,22.90,23.34,22.90
1185,22.90,23.34,22.90
1186,22.90,23.34,22.90
1187,22.90,23.34,22.90
1188,22.90,23.34,22.90
1189,22.90,23.34,22.90
1190,22.90,23.34,22.90
1191,22.90,23.34,22.98
1192,22.90,23.43,22.90
1193,22.90,23.43,22.90
1194,22.90,23.43,22.98
1195,22.90,23.43,22.98
1196,22.90,23.43,22.98
1197,22.90,23.43,22.98
1198,22.98,23.43,22.98
1199,22.98,23.43,22.98
1200,22.98,23.43,22.98
1201,22.98,23.43,22.98
1202,22.98,23.43,23.07
1203,22.98,23.43,23.07
1204,22.98,23.43,23.07
1205,22.98,23.52,23.07
1206,22.98,23.52,23.07
1207,22.98,23.52,23.07
1208,22.98,23.52,23.07
1209,22.98,23.52,23.07
1210,22.98,23.52,23.07
1211,22.98,23.52,23.07
1212,23.07,23.52,23.07
1213,22.98,23.52,23.07
1214,23.07,23.52,23.07
1215,23.07,23.52,23.07
1216,23.07,23.52,23.07
1217,23.07,23.52,23.07
1218,23.07,23.52,23.07
1219,23.07,23.52,23.16
1220,23.07,23.52,23.16
1221,23.07,23.52,23.16
1222,23.07,23.52,23.07
1223,23.07,23.52,23.16
1224,23.07,23.52,23.16
1225,23.07,23.52,23.16
1226,23.07,23.52,23.16
1227,23.07,23.52,23.16
1228,23.07,23.61,23.16
1229,23.07,23.61,23.16
1230,23.07,23.61,23.16
1231,23.07,23.61,23.16
1232,23.07,23.61,23.16
1233,23.07,23.61,23.16
1234,23.07,23.61,23.16
1235,23.16,23.61,23.16
1236,23.16,23.61,23.25
1237,23.16,23.61,23.25
1238,23.16,23.70,23.25
1239,23.16,23.61,23.25
1240,23.16,23.70,23.25
1241,23.16,23.70,23.25
1242,23.16,23.70,23.25
1243,23.16,23.70,23.25
1244,23.16,23.70,23.25
1245,23.16,23.70,23.25
1246,23.16,23.70,23.25
1247,23.16,23.70,23.25
1248,23.16,23.70,23.34
1249,23.16,23.70,23.34
1250,23.16,23.70,23.34
1251,23.25,23.70,23.34
1252,23.25,23.70,23.34
1253,23.25,23.70,23.34
1254,23.25,23.70,23.34
1255,23.25,23.70,23.34
1256,23.25,23.70,23.34
1257,23.25,23.79,23.34
1258,23.25,23.79,23.34
1259,23.25,23.79,23.34
1260,23.25,23.70,23.34
1261,23.25,23.79,23.34
1262,23.25,23.79,23.43
1263,23.25,23.79,23.43
1264,23.25,23.79,23.43
1265,23.25,23.79,23.43
1266,23.25,23.79,23.43
1267,23.25,23.79,23.43
1268,23.25,23.79,23.43
1269,23.25,23.79,23.43
1270,23.25,23.79,23.43
1271,23.25,23.79,23.43
1272,23.25,23.79,23.43
1273,23.25,23.79,23.43
1274,23.25,23.79,23.43
1275,23.34,23.79,23.43
1276,23.34,23.88,23.43
1277,23.34,23.88,23.43
1278,23.34,23.88,23.43
1279,23.34,23.88,23.43
1280,23.34,23.88,23.43
1281,23.34,23.88,23.52
1282,23.34,23.88,23.52
1283,23.34,23.88,23.52
1284,23.34,23.88,23.52
1285,23.34,23.88,23.52
1286,23.34,23.88,23.52
1287,23.34,23.88,23.52
1288,23.34,23.97,23.52
1289,23.34,23.97,23.52
1290,23.43,23.97,23.52
1291,23.34,23.97,23.52
1292,23.43,23.97,23.52
1293,23.43,23.97,23.61
1294,23.43,23.97,23.61
1295,23.43,23.97,23.61
1296,23.43,23.97,23.61
1297,23.43,23.97,23.61
1298,23.43,23.97,23.61
1299,23.43,23.97,23.61
1300,23.43,23.97,23.61
1301,23.43,23.97,23.61
1302,23.43,23.97,23.61
1303,23.43,23.97,23.61
1304,23.43,23.97,23.61
1305,23.43,23.97,23.61
1306,23.43,23.97,23.61
1307,23.43,23.97,23.61
1308,23.43,24.06,23.61
1309,23.43,24.06,23.61
1310,23.43,23.97,23.61
1311,23.43,24.06,23.61
1312,23.52,24.06,23.61
1313,23.43,24.06,23.61
1314,23.43,24.06,23.61
1315,23.43,24.06,23.70
1316,23.43,24.06,23.70
1317,23.43,24.06,23.70
1318,23.52,24.06,23.70
1319,23.52,24.06,23.70
1320,23.52,24.06,23.70
1321,23.52,24.06,23.70
1322,23.52,24.06,23.70
1323,23.52,24.06,23.70
1324,23.52,24.06,23.70
1325,23.52,24.06,23.61
1326,23.52,24.06,23.70
1327,23.52,24.06,23.70
1328,23.52,24.06,23.61
1329,23.52,24.06,23.61
1330,23.52,24.06,23.61
1331,23.52,24.06,23.70
1332,23.52,24.06,23.70
1333,23.52,24.06,23.70
1334,23.52,24.06,23.70
1336,23.52,24.06,23.70
1337,23.52,24.06,23.70
1338,23.52,24.06,23.70
1339,23.52,24.06,23.70
1340,23.52,24.06,23.70
1341,23.52,24.15,23.70
1342,23.52,24.15,23.70
