Temps (s),T1 (°C),T2 (°C),T3 (°C)
Temps (s), T1 (°C), T2 (°C), T3 (°C)
0,23.69,23.96,23.87
1,23.69,24.05,23.87
2,23.69,24.05,23.87
3,23.69,24.05,23.87
4,23.69,24.05,23.87
5,23.69,24.05,23.87
6,23.69,24.05,23.87
7,23.69,24.05,23.87
8,23.69,24.05,23.87
9,23.69,24.05,23.87
10,23.69,24.05,23.87
11,23.69,24.05,23.87
12,23.69,24.05,23.87
13,23.69,24.05,23.87
14,23.69,24.05,23.87
15,23.69,24.05,23.87
16,23.69,24.05,23.87
17,23.69,24.05,23.87
18,23.69,23.96,23.87
19,23.69,24.05,23.87
20,23.69,24.05,23.87
21,23.69,24.05,23.87
22,23.69,24.05,23.87
23,23.69,24.05,23.87
24,23.69,24.05,23.87
25,23.69,24.05,23.87
26,23.69,24.05,23.87
27,23.69,24.05,23.87
28,23.69,23.96,23.87
29,23.69,24.05,23.87
30,23.69,24.05,23.87
31,23.69,24.05,23.87
32,23.69,23.96,23.87
33,23.69,24.05,23.87
34,23.69,24.05,23.87
35,23.69,24.05,23.87
36,23.60,23.96,23.87
37,23.60,24.05,23.87
38,23.69,24.05,23.87
39,23.69,24.05,23.87
40,23.60,24.05,23.87
41,23.69,24.05,23.87
42,23.60,24.05,23.87
43,23.60,24.05,23.87
44,23.60,23.96,23.87
45,23.60,24.05,23.87
46,23.60,24.05,23.87
47,23.51,24.05,23.87
48,23.51,24.05,23.87
49,23.51,24.05,23.87
50,23.42,23.96,23.87
51,23.42,23.96,23.87
52,23.42,23.96,23.87
53,23.42,23.96,23.87
54,23.33,23.96,23.87
55,23.33,23.96,23.87
56,23.33,23.96,23.87
57,23.33,23.96,23.87
58,23.33,23.96,23.87
59,23.24,23.96,23.87
60,23.24,23.96,23.87
61,23.24,23.96,23.87
62,23.24,23.96,23.87
63,23.24,23.96,23.87
64,23.24,23.96,23.87
65,23.24,23.96,23.96
66,23.24,23.96,23.96
67,23.24,23.96,23.96
68,23.24,23.96,23.96
69,23.24,23.96,23.96
70,23.24,23.96,23.96
71,23.24,23.96,23.96
72,23.24,23.96,23.96
73,23.24,23.96,23.96
74,23.24,23.96,23.96
75,23.24,23.96,23.96
76,23.24,23.96,23.96
77,23.24,23.96,23.96
78,23.24,23.96,23.96
79,23.24,23.96,23.96
80,23.24,23.96,23.96
81,23.24,23.96,23.96
82,23.24,23.96,23.96
83,23.15,23.87,23.96
84,23.15,23.87,23.96
85,23.15,23.87,23.96
86,23.15,23.87,23.87
87,23.15,23.87,23.87
88,23.15,23.87,23.87
89,23.15,23.87,23.87
90,23.15,23.87,23.87
91,23.06,23.87,23.87
92,23.06,23.87,23.87
93,23.06,23.87,23.87
94,23.06,23.78,23.87
95,23.06,23.87,23.87
96,23.06,23.78,23.87
97,22.97,23.78,23.87
98,22.97,23.78,23.87
99,22.97,23.78,23.87
100,22.97,23.78,23.87
101,22.97,23.78,23.78
102,22.97,23.78,23.78
103,22.97,23.78,23.78
104,22.97,23.78,23.78
105,22.97,23.78,23.78
106,22.97,23.78,23.78
107,22.97,23.69,23.78
108,22.97,23.69,23.78
109,22.97,23.69,23.78
110,22.88,23.69,23.78
111,22.97,23.69,23.78
112,22.97,23.69,23.78
113,22.97,23.69,23.78
114,22.88,23.69,23.78
115,22.88,23.69,23.78
116,22.88,23.69,23.78
117,22.88,23.69,23.78
118,22.88,23.69,23.69
119,22.88,23.69,23.78
120,22.88,23.69,23.69
121,22.88,23.69,23.69
122,22.88,23.69,23.69
123,22.88,23.69,23.69
124,22.88,23.60,23.69
125,22.88,23.60,23.69
126,22.88,23.69,23.69
127,22.88,23.60,23.69
128,22.88,23.60,23.69
129,22.79,23.60,23.69
130,22.88,23.60,23.69
131,22.88,23.60,23.69
132,22.79,23.60,23.69
133,22.88,23.60,23.60
134,22.79,23.60,23.69
135,22.79,23.60,23.69
136,22.79,23.60,23.60
137,22.79,23.60,23.60
138,22.79,23.60,23.60
139,22.79,23.60,23.60
140,22.79,23.60,23.60
141,22.79,23.60,23.60
142,22.79,23.60,23.60
143,22.79,23.51,23.60
144,22.79,23.51,23.60
145,22.79,23.51,23.60
146,22.79,23.51,23.60
147,22.79,23.51,23.60
148,22.79,23.51,23.60
149,22.79,23.51,23.60
150,22.79,23.51,23.60
151,22.70,23.51,23.60
152,22.79,23.51,23.60
153,22.70,23.51,23.60
154,22.70,23.51,23.60
155,22.79,23.51,23.60
156,22.70,23.51,23.60
157,22.70,23.51,23.60
158,22.70,23.51,23.51
159,22.70,23.51,23.51
160,22.70,23.51,23.51
161,22.70,23.51,23.51
162,22.70,23.51,23.51
163,22.70,23.51,23.51
164,22.70,23.51,23.51
165,22.70,23.51,23.51
166,22.70,23.51,23.51
167,22.70,23.51,23.51
168,22.70,23.51,23.51
169,22.70,23.42,23.51
170,22.70,23.42,23.51
171,22.70,23.42,23.51
172,22.70,23.42,23.51
173,22.70,23.42,23.51
174,22.70,23.42,23.51
175,22.70,23.42,23.51
176,22.70,23.42,23.51
177,22.70,23.42,23.51
178,22.70,23.42,23.51
179,22.70,23.42,23.51
180,22.70,23.42,23.51
181,22.70,23.42,23.51
182,22.70,23.42,23.42
183,22.61,23.42,23.51
184,22.61,23.42,23.51
185,22.61,23.42,23.51
186,22.61,23.42,23.42
187,22.61,23.42,23.42
188,22.61,23.42,23.42
189,22.61,23.42,23.42
190,22.61,23.42,23.42
191,22.61,23.33,23.42
192,22.61,23.42,23.42
193,22.61,23.33,23.42
194,22.61,23.33,23.42
195,22.61,23.33,23.42
196,22.61,23.33,23.42
197,22.61,23.33,23.42
198,22.61,23.33,23.42
199,22.61,23.33,23.42
200,22.61,23.33,23.42
201,22.61,23.33,23.42
202,22.61,23.33,23.42
203,22.61,23.33,23.42
204,22.61,23.33,23.42
205,22.61,23.33,23.42
206,22.61,23.33,23.42
207,22.61,23.33,23.42
208,22.61,23.33,23.42
209,22.61,23.33,23.42
210,22.61,23.33,23.33
211,22.61,23.33,23.42
212,22.61,23.33,23.33
213,22.61,23.33,23.33
214,22.61,23.33,23.33
215,22.61,23.33,23.33
216,22.61,23.33,23.33
217,22.61,23.33,23.33
218,22.61,23.33,23.33
219,22.61,23.33,23.33
220,22.61,23.33,23.33
221,22.61,23.33,23.33
222,22.61,23.33,23.33
223,22.61,23.33,23.33
224,22.61,23.33,23.33
225,22.61,23.33,23.33
226,22.61,23.33,23.33
227,22.61,23.33,23.33
228,22.52,23.33,23.33
229,22.61,23.33,23.33
230,22.52,23.33,23.33
231,22.52,23.33,23.33
232,22.52,23.24,23.33
233,22.52,23.24,23.33
234,22.52,23.24,23.33
235,22.52,23.24,23.33
236,22.52,23.24,23.33
237,22.52,23.24,23.33
238,22.52,23.24,23.33
239,22.52,23.24,23.33
240,22.52,23.24,23.33
241,22.52,23.24,23.33
242,22.52,23.24,23.24
243,22.52,23.24,23.33
244,22.52,23.24,23.33
245,22.52,23.24,23.33
246,22.52,23.24,23.33
247,22.52,23.24,23.33
248,22.52,23.24,23.33
249,22.52,23.24,23.33
250,22.52,23.24,23.33
251,22.52,23.24,23.33
252,22.52,23.24,23.24
253,22.52,23.24,23.33
254,22.43,23.24,23.33
255,22.52,23.24,23.33
256,22.52,23.24,23.24
257,22.52,23.24,23.24
258,22.43,23.24,23.24
259,22.52,23.24,23.24
260,22.52,23.15,23.24
261,22.43,23.24,23.33
262,22.52,23.24,23.24
263,22.52,23.15,23.24
264,22.43,23.24,23.24
265,22.43,23.15,23.24
266,22.43,23.24,23.24
268,22.43,23.15,23.24
269,22.43,23.24,23.24
270,22.43,23.15,23.24
271,22.43,23.15,23.24
272,22.43,23.15,23.24
273,22.43,23.15,23.24
274,22.43,23.15,23.24
275,22.43,23.15,23.24
276,22.43,23.15,23.24
277,22.43,23.15,23.24
278,22.43,23.15,23.24
279,22.43,23.15,23.24
280,22.43,23.15,23.24
281,22.43,23.15,23.24
282,22.43,23.15,23.24
283,22.43,23.15,23.24
284,22.43,23.15,23.24
285,22.43,23.15,23.24
286,22.43,23.15,23.24
287,22.43,23.15,23.24
288,22.43,23.15,23.24
289,22.43,23.15,23.24
290,22.43,23.15,23.24
291,22.43,23.15,23.15
292,22.43,23.15,23.15
293,22.43,23.15,23.24
294,22.43,23.15,23.15
295,22.43,23.15,23.15
296,22.43,23.15,23.24
297,22.43,23.15,23.24
298,22.43,23.15,23.15
299,22.43,23.15,23.15
300,22.43,23.15,23.15
301,22.43,23.15,23.15
302,22.43,23.15,23.15
303,22.43,23.15,23.15
304,22.43,23.15,23.15
305,22.43,23.15,23.15
306,22.43,23.15,23.15
307,22.43,23.15,23.15
308,22.43,23.15,23.15
309,22.43,23.15,23.15
310,22.43,23.15,23.15
311,22.43,23.15,23.15
312,22.43,23.15,23.15
313,22.43,23.15,23.15
314,22.43,23.15,23.15
315,22.43,23.15,23.15
316,22.43,23.15,23.15
317,22.43,23.15,23.15
318,22.43,23.15,23.15
319,22.43,23.15,23.15
320,22.43,23.15,23.15
321,22.43,23.15,23.15
322,22.43,23.15,23.15
323,22.35,23.15,23.15
324,22.43,23.15,23.15
325,22.43,23.15,23.15
326,22.35,23.06,23.15
327,22.35,23.15,23.15
328,22.35,23.15,23.15
329,22.35,23.15,23.15
330,22.35,23.15,23.15
331,22.35,23.06,23.15
332,22.35,23.15,23.15
333,22.35,23.15,23.15
334,22.35,23.15,23.15
335,22.35,23.06,23.15
336,22.35,23.06,23.15
337,22.35,23.15,23.15
338,22.35,23.06,23.15
339,22.35,23.06,23.15
340,22.35,23.06,23.15
341,22.35,23.06,23.15
342,22.35,23.06,23.15
343,22.35,23.06,23.15
344,22.35,23.06,23.15
345,22.35,23.06,23.15
346,22.35,23.06,23.15
347,22.35,23.06,23.15
348,22.35,23.06,23.15
349,22.35,23.06,23.15
350,22.35,23.06,23.15
351,22.35,23.06,23.15
352,22.35,23.06,23.15
353,22.35,23.06,23.15
354,22.35,23.06,23.15
355,22.35,23.06,23.15
356,22.35,23.06,23.15
357,22.35,23.06,23.15
358,22.35,23.06,23.15
359,22.35,23.06,23.15
360,22.35,23.06,23.15
361,22.35,23.06,23.15
362,22.35,23.06,23.15
363,22.35,23.06,23.15
364,22.35,23.06,23.15
365,22.35,23.06,23.15
366,22.35,23.06,23.15
367,22.35,23.06,23.06
368,22.35,23.06,23.15
369,22.35,23.06,23.15
370,22.35,23.06,23.15
371,22.35,23.06,23.15
372,22.35,23.06,23.15
373,22.35,23.06,23.15
374,22.35,23.06,23.15
375,22.35,23.06,23.15
376,22.35,23.06,23.15
377,22.35,23.06,23.15
378,22.35,23.06,23.15
379,22.35,23.06,23.15
380,22.35,23.06,23.15
381,22.35,23.06,23.15
382,22.35,23.06,23.15
383,22.35,23.06,23.15
384,22.35,23.06,23.15
385,22.35,23.06,23.15
386,22.35,23.06,23.15
387,22.35,23.06,23.06
388,22.35,23.06,23.06
389,22.35,23.06,23.06
390,22.35,23.06,23.06
391,22.35,23.06,23.06
392,22.35,23.06,23.06
393,22.35,23.06,23.06
394,22.35,23.06,23.15
395,22.35,23.06,23.15
396,22.35,23.06,23.06
397,22.35,23.06,23.06
398,22.35,23.06,23.06
399,22.35,23.06,23.06
400,22.35,23.06,23.15
401,22.35,23.06,23.06
402,22.35,23.06,23.06
403,22.35,23.06,23.15
404,22.35,23.06,23.06
405,22.35,23.06,23.15
406,22.35,23.06,23.06
407,22.35,23.06,23.06
408,22.26,23.06,23.06
409,22.35,23.06,23.06
410,22.35,23.06,23.06
411,22.26,23.06,23.06
412,22.35,23.06,23.06
413,22.26,23.06,23.06
414,22.35,23.06,23.06
415,22.35,23.06,23.06
416,22.26,23.06,23.06
417,22.35,23.06,23.06
418,22.26,22.97,23.06
419,22.26,23.06,23.06
420,22.35,22.97,23.06
421,22.26,23.06,23.06
422,22.26,23.06,23.06
423,22.26,23.06,23.06
424,22.26,23.06,23.06
425,22.26,23.06,23.06
426,22.26,22.97,23.06
427,22.26,22.97,23.06
428,22.26,22.97,23.06
429,22.26,23.06,23.06
430,22.26,22.97,23.06
431,22.26,22.97,23.06
432,22.26,23.06,23.06
433,22.26,23.06,23.06
434,22.26,23.06,23.06
435,22.26,23.06,23.06
436,22.26,22.97,23.06
437,22.26,23.06,23.06
438,22.26,22.97,23.06
439,22.26,22.97,23.06
440,22.26,22.97,23.06
441,22.35,22.97,23.06
442,22.35,22.97,23.06
443,22.35,22.97,23.06
444,22.35,22.97,23.06
445,22.35,22.97,23.06
446,22.35,22.97,23.06
447,22.35,23.06,23.06
448,22.35,23.06,23.06
449,22.35,22.97,23.06
450,22.35,23.06,23.06
451,22.35,22.97,23.06
452,22.35,23.06,23.06
453,22.35,23.06,23.06
454,22.35,23.06,23.06
455,22.35,22.97,23.06
456,22.35,23.06,23.06
457,22.35,23.06,23.06
458,22.35,22.97,23.06
459,22.35,23.06,23.06
460,22.35,23.06,23.06
461,22.35,23.06,23.06
462,22.35,23.06,23.06
463,22.35,22.97,23.06
464,22.35,22.97,23.06
465,22.35,23.06,23.06
466,22.35,23.06,23.06
467,22.35,23.06,23.06
468,22.35,23.06,23.06
469,22.35,23.06,23.06
470,22.35,23.06,23.06
471,22.35,23.06,23.06
472,22.35,23.06,23.06
473,22.35,22.97,23.06
474,22.26,23.06,23.06
475,22.35,23.06,23.06
476,22.35,22.97,23.06
477,22.35,22.97,23.06
478,22.35,22.97,23.06
479,22.35,22.97,23.06
480,22.26,23.06,23.06
481,22.35,22.97,23.06
482,22.26,22.97,23.06
483,22.35,22.97,23.06
484,22.35,22.97,23.06
485,22.26,22.97,23.06
486,22.26,23.06,23.06
487,22.26,22.97,23.06
488,22.35,22.97,23.06
489,22.26,22.97,23.06
490,22.26,23.06,23.06
491,22.26,22.97,23.06
492,22.26,22.97,23.06
493,22.26,22.97,23.06
494,22.26,22.97,23.06
495,22.26,22.97,23.06
496,22.26,22.97,23.06
497,22.26,22.97,23.06
498,22.26,22.97,23.06
499,22.26,22.97,23.06
500,22.26,22.97,23.06
501,22.26,22.97,23.06
502,22.26,23.06,23.06
503,22.35,22.97,23.06
504,22.26,22.97,23.06
505,22.35,22.97,23.06
506,22.35,22.97,23.06
507,22.35,22.97,23.06
508,22.35,22.97,23.06
509,22.35,22.97,23.06
510,22.35,22.97,23.06
511,22.35,22.97,23.06
512,22.35,22.97,23.06
513,22.35,22.97,23.06
514,22.35,22.97,23.06
515,22.35,22.97,23.06
516,22.26,22.97,23.06
517,22.26,22.97,22.97
518,22.26,22.97,23.06
519,22.26,22.97,23.06
520,22.26,22.97,23.06
521,22.26,22.97,23.06
522,22.26,22.97,23.06
523,22.26,22.97,23.06
524,22.26,22.97,23.06
525,22.26,22.97,23.06
526,22.26,22.97,23.06
527,22.26,22.97,23.06
528,22.26,22.97,23.06
529,22.26,22.97,23.06
530,22.26,22.97,23.06
531,22.26,22.97,23.06
532,22.26,22.97,23.06
533,22.26,22.97,23.06
534,22.26,22.97,23.06
535,22.26,22.97,23.06
537,22.26,22.97,23.06
538,22.26,22.97,23.06
539,22.26,22.97,23.06
540,22.26,22.97,23.06
541,22.26,22.97,23.06
542,22.26,22.97,23.06
543,22.26,22.97,23.06
544,22.26,22.97,23.06
545,22.26,22.97,22.97
546,22.26,22.97,23.06
547,22.26,22.97,23.06
548,22.26,22.97,22.97
549,22.26,22.97,23.06
550,22.26,22.97,23.06
551,22.26,22.97,23.06
552,22.26,22.97,23.06
553,22.26,22.97,23.06
554,22.26,22.97,23.06
555,22.26,22.97,23.06
556,22.26,22.97,22.97
557,22.26,22.97,23.06
558,22.26,22.97,23.06
559,22.26,22.97,23.06
560,22.26,22.97,23.06
561,22.26,22.97,23.06
562,22.26,22.97,23.06
563,22.26,22.97,22.97
564,22.26,22.97,23.06
565,22.26,22.97,23.06
566,22.26,22.97,23.06
567,22.26,22.97,23.06
568,22.26,22.97,23.06
569,22.26,22.97,23.06
570,22.26,22.97,22.97
571,22.26,22.97,23.06
572,22.26,22.97,22.97
573,22.26,22.97,23.06
574,22.26,22.97,23.06
575,22.26,22.97,22.97
576,22.26,22.97,22.97
577,22.26,22.97,22.97
578,22.26,22.97,22.97
579,22.26,22.97,23.06
580,22.26,22.97,23.06
581,22.26,22.97,23.06
582,22.26,22.97,22.97
583,22.26,22.97,23.06
584,22.26,22.97,22.97
585,22.26,22.97,23.06
586,22.26,22.97,23.06
587,22.26,22.97,22.97
588,22.26,22.97,23.06
589,22.26,22.97,22.97
590,22.26,22.97,22.97
591,22.26,22.97,22.97
592,22.26,22.97,23.06
593,22.26,22.97,22.97
594,22.26,22.97,22.97
595,22.26,22.97,22.97
596,22.26,22.97,23.06
597,22.26,22.97,23.06
598,22.26,22.97,22.97
599,22.26,22.97,23.06
600,22.26,22.97,22.97
601,22.26,22.97,22.97
602,22.26,22.97,23.06
603,22.26,22.97,23.06
604,22.26,22.97,22.97
605,22.26,22.97,23.06
606,22.26,22.97,23.06
607,22.26,22.97,22.97
608,22.26,22.97,22.97
609,22.26,22.97,22.97
610,22.26,22.97,22.97
611,22.26,22.97,23.06
612,22.26,22.97,22.97
613,22.26,22.97,23.06
614,22.26,22.97,22.97
615,22.26,22.97,22.97
616,22.26,22.97,22.97
617,22.26,22.97,22.97
618,22.26,22.97,22.97
619,22.26,22.97,22.97
620,22.26,22.97,22.97
621,22.26,22.97,22.97
622,22.26,22.97,22.97
623,22.26,22.97,22.97
624,22.26,22.97,22.97
625,22.26,22.97,22.97
626,22.26,22.97,22.97
627,22.26,22.97,22.97
628,22.26,22.97,22.97
629,22.26,22.97,22.97
630,22.26,22.97,23.06
631,22.26,22.97,22.97
632,22.26,22.97,22.97
633,22.26,22.97,22.97
634,22.26,22.97,22.97
635,22.26,22.97,22.97
636,22.26,22.97,22.97
637,22.26,22.97,22.97
638,22.26,22.97,23.06
639,22.26,22.97,22.97
640,22.26,22.97,22.97
641,22.26,22.97,22.97
642,22.26,22.97,22.97
643,22.26,22.97,22.97
644,22.26,22.97,22.97
645,22.26,22.97,22.97
646,22.26,22.97,22.97
647,22.26,22.97,22.97
648,22.26,22.97,22.97
649,22.26,22.97,22.97
650,22.26,22.97,22.97
651,22.26,22.97,22.97
652,22.26,22.97,22.97
653,22.26,22.97,22.97
654,22.26,22.97,22.97
655,22.26,22.97,22.97
656,22.26,22.97,22.97
657,22.26,22.97,22.97
658,22.26,22.97,22.97
659,22.26,22.97,22.97
660,22.26,22.97,22.97
661,22.26,22.97,22.97
662,22.26,22.97,22.97
663,22.26,22.97,22.97
664,22.26,22.97,22.97
665,22.26,22.97,22.97
666,22.26,22.97,22.97
667,22.26,22.97,22.97
668,22.26,22.97,22.97
669,22.17,22.97,22.97
670,22.26,22.88,22.97
671,22.26,22.97,22.97
672,22.26,22.97,22.97
673,22.26,22.97,22.97
674,22.26,22.97,22.97
675,22.26,22.88,22.97
676,22.26,22.88,22.97
677,22.26,22.88,22.97
678,22.26,22.88,22.97
679,22.26,22.88,22.97
680,22.26,22.97,22.97
681,22.26,22.88,22.97
682,22.26,22.97,22.97
683,22.17,22.97,22.97
684,22.17,22.88,22.97
685,22.17,22.88,22.97
686,22.17,22.97,22.97
687,22.17,22.97,22.97
688,22.17,22.97,22.97
689,22.26,22.88,22.97
690,22.17,22.88,22.97
691,22.26,22.97,22.97
692,22.17,22.97,22.97
693,22.26,22.97,22.97
694,22.26,22.97,22.97
695,22.17,22.97,22.97
696,22.26,22.97,22.97
697,22.26,22.88,22.97
698,22.17,22.97,22.97
699,22.26,22.97,22.97
700,22.17,22.97,22.97
701,22.26,22.88,22.97
702,22.17,22.97,22.97
703,22.17,22.88,22.97
704,22.17,22.88,22.97
705,22.17,22.88,22.97
706,22.17,22.97,22.97
707,22.17,22.88,22.97
708,22.17,22.88,22.97
709,22.26,22.88,22.97
710,22.26,22.88,22.97
711,22.26,22.88,22.97
712,22.26,22.88,22.97
713,22.26,22.88,22.97
714,22.26,22.88,22.97
715,22.26,22.88,22.97
716,22.17,22.97,22.97
717,22.26,22.88,22.97
718,22.17,22.88,22.97
719,22.26,22.97,22.97
720,22.26,22.88,22.97
721,22.17,22.88,22.97
722,22.26,22.88,22.97
723,22.26,22.88,22.97
724,22.26,22.88,22.97
725,22.26,22.88,22.97
726,22.17,22.88,22.97
727,22.17,22.97,22.97
728,22.17,22.88,22.97
729,22.26,22.88,22.97
730,22.17,22.88,22.97
731,22.17,22.88,22.97
732,22.26,22.88,22.97
733,22.17,22.88,22.97
734,22.26,22.88,22.97
735,22.26,22.88,22.97
736,22.26,22.88,22.97
737,22.26,22.88,22.97
738,22.17,22.88,22.97
739,22.26,22.88,22.97
740,22.17,22.88,22.97
741,22.17,22.88,22.97
742,22.26,22.88,22.97
743,22.17,22.88,22.97
744,22.17,22.88,22.97
745,22.17,22.88,22.97
746,22.26,22.88,22.97
747,22.26,22.88,22.97
748,22.17,22.88,22.97
749,22.17,22.88,22.97
750,22.26,22.88,22.97
751,22.17,22.88,22.97
752,22.17,22.88,22.97
753,22.17,22.88,22.97
754,22.17,22.88,22.97
755,22.17,22.88,22.97
756,22.17,22.88,22.97
757,22.26,22.88,22.97
758,22.17,22.88,22.97
759,22.17,22.88,22.97
760,22.17,22.97,22.97
761,22.17,22.88,22.97
762,22.17,22.88,22.97
763,22.17,22.88,22.97
764,22.26,22.88,22.97
765,22.17,22.88,22.97
766,22.17,22.88,22.97
767,22.17,22.88,22.97
768,22.17,22.88,22.97
769,22.17,22.97,22.97
770,22.17,22.88,22.97
771,22.17,22.88,22.97
772,22.17,22.88,22.97
773,22.17,22.88,22.97
774,22.17,22.88,22.97
775,22.17,22.88,22.97
776,22.17,22.88,22.97
777,22.17,22.88,22.97
778,22.17,22.88,22.97
779,22.17,22.88,22.97
780,22.17,22.88,22.97
781,22.17,22.88,22.97
782,22.17,22.88,22.97
783,22.17,22.88,22.97
784,22.17,22.97,22.97
785,22.17,22.88,22.97
786,22.17,22.88,22.97
787,22.17,22.88,22.97
788,22.26,22.88,22.97
789,22.17,22.88,22.97
790,22.17,22.88,22.97
791,22.17,22.88,22.97
792,22.17,22.88,22.97
793,22.17,22.88,22.97
794,22.17,22.88,22.97
795,22.17,22.88,22.97
796,22.26,22.88,22.97
797,22.17,22.88,22.97
798,22.26,22.88,22.97
799,22.17,22.88,22.97
800,22.26,22.88,22.97
801,22.26,22.88,22.97
802,22.17,22.88,22.97
803,22.17,22.88,22.97
804,22.17,22.88,22.97
806,22.17,22.88,22.97
807,22.26,22.88,22.97
808,22.26,22.88,22.97
809,22.17,22.88,22.97
810,22.17,22.88,22.97
811,22.17,22.88,22.97
812,22.17,22.97,22.97
813,22.17,22.88,22.97
814,22.17,22.88,22.97
815,22.17,22.88,22.97
816,22.17,22.88,22.97
817,22.17,22.88,22.97
818,22.17,22.88,22.97
819,22.17,22.88,22.97
820,22.17,22.88,22.97
821,22.17,22.88,22.97
822,22.26,22.88,22.97
823,22.17,22.88,22.97
824,22.17,22.97,22.97
825,22.17,22.88,22.97
826,22.17,22.88,22.97
827,22.17,22.88,22.97
828,22.26,22.88,22.97
829,22.17,22.88,22.97
830,22.26,22.88,22.97
831,22.17,22.88,22.97
832,22.17,22.88,22.97
833,22.17,22.88,22.97
834,22.17,22.88,22.97
835,22.17,22.97,22.97
836,22.17,22.88,22.97
837,22.17,22.88,22.97
838,22.17,22.88,22.97
839,22.17,22.88,22.97
840,22.17,22.88,22.97
841,22.17,22.88,22.97
842,22.17,22.88,22.97
843,22.17,22.88,22.97
844,22.17,22.88,22.97
845,22.17,22.97,22.97
846,22.17,22.88,22.97
847,22.17,22.97,22.97
848,22.17,22.88,22.97
849,22.26,22.88,22.97
850,22.17,22.88,22.97
851,22.17,22.88,22.97
852,22.17,22.88,22.97
853,22.17,22.88,22.97
854,22.17,22.88,22.97
855,22.17,22.88,22.97
856,22.17,22.88,22.97
857,22.17,22.88,22.97
858,22.17,22.88,22.97
859,22.17,22.88,22.97
860,22.17,22.88,22.97
861,22.17,22.88,22.97
862,22.17,22.88,22.97
863,22.17,22.88,22.97
864,22.17,22.88,22.97
865,22.17,22.88,22.97
866,22.17,22.88,22.97
867,22.17,22.88,22.97
868,22.17,22.88,22.97
869,22.17,22.88,22.97
870,22.17,22.88,22.97
871,22.17,22.88,22.97
872,22.17,22.88,22.97
873,22.17,22.88,22.97
874,22.17,22.88,22.97
875,22.17,22.88,22.97
876,22.17,22.88,22.97
877,22.17,22.88,22.97
878,22.17,22.88,22.97
879,22.17,22.88,22.97
880,22.17,22.88,22.97
881,22.17,22.88,22.97
882,22.17,22.88,22.97
883,22.17,22.88,22.97
884,22.17,22.88,22.97
885,22.17,22.88,22.97
886,22.17,22.88,22.97
887,22.17,22.88,22.97
888,22.17,22.88,22.97
889,22.17,22.88,22.97
890,22.17,22.88,22.97
891,22.17,22.88,22.97
892,22.17,22.88,22.97
893,22.17,22.88,22.97
894,22.17,22.88,22.97
895,22.17,22.88,22.97
896,22.17,22.88,22.97
897,22.17,22.88,22.97
898,22.17,22.88,22.97
899,22.17,22.88,22.97
900,22.17,22.88,22.97
901,22.17,22.88,22.97
902,22.17,22.88,22.97
903,22.17,22.88,22.97
904,22.17,22.88,22.97
905,22.17,22.88,22.97
906,22.17,22.88,22.97
907,22.17,22.88,22.97
908,22.17,22.88,22.97
909,22.17,22.88,22.97
910,22.17,22.88,22.97
911,22.17,22.88,22.97
912,22.17,22.88,22.97
913,22.17,22.88,22.97
914,22.17,22.88,22.97
915,22.17,22.88,22.97
916,22.17,22.88,22.97
917,22.17,22.88,22.97
918,22.17,22.88,22.97
919,22.17,22.88,22.97
920,22.17,22.88,22.97
921,22.17,22.88,22.97
922,22.17,22.88,22.97
923,22.17,22.88,22.97
924,22.17,22.88,22.97
925,22.17,22.88,22.97
926,22.17,22.88,22.97
927,22.17,22.88,22.97
928,22.17,22.88,22.97
929,22.17,22.88,22.97
930,22.17,22.88,22.97
931,22.17,22.88,22.97
932,22.17,22.88,22.97
933,22.17,22.88,22.97
934,22.17,22.88,22.97
935,22.17,22.88,22.97
936,22.17,22.88,22.97
937,22.17,22.88,22.97
938,22.17,22.88,22.97
939,22.17,22.88,22.97
940,22.17,22.88,22.97
941,22.17,22.88,22.97
942,22.17,22.88,22.97
943,22.17,22.88,22.97
944,22.17,22.88,22.97
945,22.08,22.88,22.97
946,22.08,22.88,22.97
947,22.08,22.88,22.97
948,21.99,22.97,22.97
949,21.99,22.97,22.97
950,21.99,22.97,22.97
951,21.99,22.97,22.97
952,21.99,22.97,22.97
953,21.99,22.97,22.97
954,21.99,22.97,22.97
955,21.90,22.97,22.97
956,21.90,22.97,22.97
957,21.90,22.88,22.97
958,21.81,22.88,22.97
959,21.81,22.88,22.97
960,21.81,22.88,22.97
961,21.81,22.88,22.97
962,21.72,22.88,22.97
963,21.72,22.88,22.97
964,21.72,22.88,22.97
965,21.63,22.88,22.97
966,21.63,22.79,22.97
967,21.63,22.79,22.97
968,21.63,22.79,22.97
969,21.63,22.79,22.97
970,21.54,22.79,22.97
971,21.54,22.79,22.97
972,21.54,22.79,22.97
973,21.54,22.79,22.97
974,21.54,22.79,22.97
975,21.54,22.79,22.97
976,21.54,22.70,22.97
977,21.54,22.70,22.88
978,21.54,22.70,22.97
979,21.45,22.70,22.97
980,21.45,22.70,22.88
981,21.45,22.70,22.88
982,21.45,22.70,22.88
983,21.45,22.70,22.97
984,21.45,22.70,22.88
985,21.45,22.70,22.88
986,21.45,22.61,22.88
987,21.45,22.70,22.88
988,21.45,22.61,22.88
989,21.45,22.61,22.88
990,21.45,22.70,22.88
991,21.45,22.61,22.88
992,21.45,22.61,22.88
993,21.45,22.61,22.88
994,21.45,22.61,22.88
995,21.45,22.70,22.88
996,21.45,22.61,22.88
997,21.36,22.61,22.88
998,21.36,22.61,22.88
999,21.36,22.61,22.79
1000,21.36,22.61,22.79
1001,21.36,22.61,22.79
1002,21.27,22.61,22.79
1003,21.36,22.52,22.79
1004,21.27,22.52,22.79
1005,21.27,22.52,22.79
1006,21.27,22.52,22.79
1007,21.27,22.52,22.79
1008,21.27,22.52,22.79
1009,21.18,22.52,22.79
1010,21.18,22.52,22.79
1011,21.18,22.52,22.79
1012,21.18,22.52,22.79
1013,21.18,22.52,22.70
1014,21.18,22.52,22.70
1015,21.18,22.43,22.70
1016,21.18,22.43,22.70
1017,21.18,22.43,22.70
1018,21.18,22.43,22.70
1019,21.18,22.43,22.70
1020,21.18,22.43,22.70
1021,21.10,22.43,22.70
1022,21.10,22.43,22.70
1023,21.10,22.43,22.70
1024,21.10,22.43,22.70
1025,21.10,22.43,22.70
1026,21.10,22.35,22.61
1027,21.10,22.35,22.61
1028,21.10,22.35,22.61
1029,21.10,22.35,22.61
1030,21.10,22.35,22.61
1031,21.10,22.35,22.61
1032,21.10,22.35,22.61
1033,21.01,22.35,22.61
1034,21.10,22.35,22.61
1035,21.01,22.35,22.61
1036,21.01,22.35,22.61
1037,21.01,22.35,22.61
1038,21.01,22.35,22.61
1039,21.01,22.35,22.61
1040,21.01,22.26,22.52
1041,21.01,22.26,22.61
1042,21.01,22.26,22.52
1043,21.01,22.26,22.52
1044,21.01,22.26,22.52
1045,21.01,22.26,22.52
1046,20.92,22.26,22.52
1047,21.01,22.26,22.52
1048,20.92,22.26,22.52
1049,20.92,22.26,22.52
1050,20.92,22.26,22.52
1051,20.92,22.26,22.52
1052,20.92,22.26,22.52
1053,20.92,22.26,22.43
1054,20.92,22.26,22.52
1055,20.92,22.17,22.43
1056,20.92,22.17,22.43
1057,20.92,22.17,22.43
1058,20.92,22.17,22.43
1059,20.92,22.17,22.43
1060,20.92,22.17,22.43
1061,20.92,22.17,22.43
1062,20.92,22.17,22.43
1063,20.92,22.17,22.43
1064,20.92,22.17,22.43
1065,20.83,22.17,22.43
1066,20.83,22.17,22.43
1067,20.83,22.17,22.43
1068,20.92,22.17,22.43
1069,20.92,22.08,22.43
1070,20.83,22.08,22.43
1071,20.83,22.08,22.43
1073,20.83,22.08,22.35
1074,20.83,22.08,22.43
1075,20.83,22.08,22.35
1076,20.83,22.08,22.35
1077,20.83,22.08,22.35
1078,20.83,22.08,22.35
1079,20.83,22.08,22.35
1080,20.83,22.08,22.35
1081,20.83,22.08,22.35
1082,20.83,22.08,22.35
1083,20.83,22.08,22.35
1084,20.83,22.08,22.35
1085,20.83,22.08,22.35
1086,20.74,22.08,22.35
1087,20.74,22.08,22.35
1088,20.74,21.99,22.26
1089,20.74,21.99,22.35
1090,20.74,22.08,22.35
1091,20.74,21.99,22.35
1092,20.74,21.99,22.26
1093,20.74,21.99,22.35
1094,20.74,21.99,22.26
1095,20.74,21.99,22.26
1096,20.74,21.99,22.35
1097,20.74,21.99,22.26
1098,20.74,21.99,22.26
1099,20.74,21.99,22.26
1100,20.74,21.99,22.26
1101,20.74,21.99,22.26
1102,20.74,21.99,22.26
1103,20.74,21.99,22.26
1104,20.74,21.99,22.26
1105,20.74,21.99,22.26
1106,20.65,21.99,22.26
1107,20.74,21.99,22.26
1108,20.65,21.99,22.26
1109,20.65,21.99,22.26
1110,20.65,21.90,22.26
1111,20.65,21.90,22.26
1112,20.65,21.90,22.26
1113,20.65,21.90,22.26
1114,20.65,21.90,22.17
1115,20.65,21.90,22.17
1116,20.65,21.90,22.17
1117,20.65,21.90,22.26
1118,20.65,21.90,22.26
1119,20.65,21.90,22.26
1120,20.65,21.90,22.17
1121,20.65,21.90,22.17
1122,20.65,21.90,22.17
1123,20.65,21.90,22.17
1124,20.65,21.90,22.17
1125,20.65,21.90,22.17
1126,20.65,21.90,22.17
1127,20.65,21.90,22.17
1128,20.65,21.90,22.17
1129,20.65,21.90,22.17
1130,20.65,21.90,22.17
1131,20.65,21.90,22.17
1132,20.65,21.90,22.17
1133,20.56,21.90,22.17
1134,20.56,21.90,22.17
1135,20.56,21.90,22.17
1136,20.56,21.90,22.17
1137,20.56,21.81,22.17
1138,20.65,21.90,22.17
1139,20.65,21.81,22.17
1140,20.65,21.81,22.17
1141,20.65,21.81,22.17
1142,20.56,21.81,22.08
1143,20.56,21.81,22.17
1144,20.56,21.81,22.17
1145,20.56,21.81,22.08
1146,20.56,21.81,22.08
1147,20.56,21.81,22.08
1148,20.56,21.81,22.08
1149,20.56,21.81,22.08
1150,20.56,21.81,22.08
1151,20.56,21.81,22.08
1152,20.56,21.81,22.08
1153,20.56,21.81,22.08
1154,20.56,21.81,22.08
1155,20.56,21.81,22.08
1156,20.56,21.81,22.08
1157,20.56,21.81,22.08
1158,20.56,21.81,22.08
1159,20.56,21.81,22.08
1160,20.56,21.81,22.08
1161,20.56,21.81,22.08
1162,20.56,21.81,22.08
1163,20.56,21.81,22.08
1164,20.56,21.81,22.08
1165,20.56,21.81,22.08
1166,20.56,21.81,22.08
1167,20.56,21.81,22.08
1168,20.56,21.81,22.08
1169,20.56,21.81,22.08
1170,20.56,21.81,22.08
1171,20.47,21.81,22.08
1172,20.47,21.72,22.08
1173,20.56,21.81,22.08
1174,20.56,21.81,22.08
1175,20.47,21.81,22.08
1176,20.56,21.81,22.08
1177,20.56,21.72,22.08
1178,20.56,21.72,22.08
1179,20.47,21.72,22.08
1180,20.47,21.72,22.08
1181,20.47,21.72,22.08
1182,20.47,21.72,22.08
1183,20.47,21.72,22.08
1184,20.47,21.72,21.99
1185,20.47,21.81,22.08
1186,20.47,21.72,22.08
1187,20.47,21.72,21.99
1188,20.47,21.72,21.99
1189,20.47,21.72,21.99
1190,20.47,21.72,21.99
1191,20.47,21.72,21.99
1192,20.47,21.72,21.99
1193,20.47,21.72,21.99
1194,20.47,21.72,21.99
1195,20.47,21.72,21.99
1196,20.47,21.72,21.99
1197,20.47,21.72,21.99
1198,20.47,21.72,21.99
1199,20.47,21.72,21.99
1200,20.47,21.72,21.99
1201,20.47,21.72,21.99
1202,20.47,21.63,21.99
1203,20.47,21.63,21.99
1204,20.47,21.63,21.99
1205,20.47,21.63,21.99
1206,20.47,21.63,21.99
1207,20.47,21.63,21.99
1208,20.47,21.63,21.99
1209,20.47,21.63,21.99
1210,20.47,21.72,21.99
1211,20.38,21.72,21.99
1212,20.47,21.63,21.99
1213,20.38,21.63,21.99
1214,20.38,21.63,21.99
1215,20.38,21.72,21.99
1216,20.47,21.63,21.99
1217,20.38,21.63,21.99
1218,20.47,21.72,21.99
1219,20.38,21.63,21.99
1220,20.38,21.72,21.99
1221,20.38,21.72,21.99
1222,20.38,21.72,21.99
1223,20.38,21.72,21.99
1224,20.38,21.63,21.99
1225,20.38,21.63,21.99
1226,20.38,21.63,21.99
1227,20.38,21.63,21.99
1228,20.38,21.63,21.90
1229,20.38,21.63,21.99
1230,20.38,21.63,21.90
1231,20.38,21.63,21.99
1232,20.38,21.63,21.99
1233,20.38,21.63,21.90
1234,20.38,21.63,21.99
1235,20.38,21.63,21.99
1236,20.38,21.63,21.99
1237,20.38,21.72,21.99
1238,20.38,21.63,21.99
1239,20.38,21.63,21.90
1240,20.38,21.63,21.90
1241,20.38,21.63,21.99
1242,20.38,21.63,21.90
1243,20.38,21.63,21.90
1244,20.38,21.63,21.90
1245,20.38,21.63,21.90
1246,20.38,21.63,21.90
1247,20.38,21.63,21.90
1248,20.38,21.63,21.90
1249,20.38,21.63,21.90
1250,20.38,21.63,21.90
1251,20.38,21.63,21.90
1252,20.38,21.63,21.90
1253,20.38,21.63,21.90
1254,20.38,21.63,21.90
1255,20.38,21.63,21.90
1256,20.38,21.63,21.90
1257,20.38,21.63,21.90
1258,20.38,21.63,21.90
1259,20.38,21.63,21.90
1260,20.38,21.63,21.90
1261,20.38,21.63,21.90
1262,20.38,21.63,21.90
1263,20.38,21.63,21.90
1264,20.38,21.63,21.90
1265,20.38,21.63,21.90
1266,20.38,21.63,21.90
1267,20.38,21.63,21.90
1268,20.38,21.63,21.90
1269,20.38,21.63,21.90
1270,20.38,21.63,21.90
1271,20.38,21.63,21.90
1272,20.38,21.63,21.90
1273,20.38,21.63,21.90
1274,20.38,21.63,21.90
1275,20.38,21.63,21.90
1276,20.38,21.63,21.90
1277,20.38,21.54,21.90
1278,20.38,21.54,21.90
1279,20.38,21.54,21.90
1280,20.38,21.54,21.90
1281,20.38,21.54,21.90
1282,20.38,21.54,21.90
1283,20.38,21.54,21.90
1284,20.38,21.54,21.90
1285,20.29,21.54,21.90
1286,20.29,21.54,21.90
1287,20.38,21.54,21.90
1288,20.29,21.63,21.90
1289,20.29,21.54,21.90
1290,20.29,21.63,21.90
1291,20.38,21.63,21.90
1292,20.38,21.54,21.90
1293,20.29,21.63,21.90
1294,20.38,21.63,21.90
1295,20.38,21.54,21.90
1296,20.38,21.63,21.90
1297,20.38,21.63,21.90
1298,20.38,21.54,21.90
1299,20.38,21.54,21.90
1300,20.38,21.63,21.90
1301,20.29,21.54,21.90
1302,20.38,21.54,21.81
1303,20.29,21.54,21.81
1304,20.29,21.54,21.81
1305,20.29,21.54,21.81
1306,20.29,21.54,21.81
1307,20.29,21.54,21.81
1308,20.29,21.54,21.81
1309,20.29,21.54,21.81
1310,20.29,21.54,21.81
1311,20.29,21.54,21.81
1312,20.29,21.54,21.81
1313,20.29,21.54,21.81
1314,20.29,21.54,21.81
1315,20.38,21.54,21.81
1316,20.29,21.54,21.81
1317,20.38,21.54,21.81
1318,20.38,21.54,21.81
1319,20.29,21.54,21.81
1320,20.29,21.54,21.81
1321,20.38,21.54,21.81
1322,20.29,21.54,21.81
1323,20.29,21.54,21.81
1324,20.29,21.54,21.81
1325,20.29,21.54,21.81
1326,20.38,21.54,21.81
1327,20.29,21.54,21.81
1328,20.38,21.54,21.81
1329,20.29,21.54,21.81
1330,20.29,21.54,21.81
1331,20.29,21.54,21.81
1332,20.29,21.54,21.81
1333,20.29,21.54,21.81
1334,20.29,21.54,21.81
1335,20.29,21.54,21.81
1336,20.29,21.54,21.81
1337,20.29,21.54,21.81
1339,20.29,21.54,21.81
1340,20.29,21.54,21.81
1341,20.29,21.54,21.81
1342,20.29,21.54,21.81
1343,20.29,21.54,21.81
1344,20.29,21.54,21.81
1345,20.29,21.54,21.81
1346,20.29,21.54,21.81
1347,20.29,21.54,21.81
1348,20.29,21.54,21.81
1349,20.29,21.54,21.81
1350,20.29,21.54,21.81
1351,20.29,21.54,21.81
1352,20.29,21.54,21.81
1353,20.29,21.54,21.81
1354,20.29,21.54,21.81
1355,20.29,21.54,21.81
1356,20.29,21.54,21.81
1357,20.29,21.54,21.81
1358,20.29,21.54,21.81
1359,20.29,21.54,21.81
1360,20.29,21.54,21.81
1361,20.29,21.54,21.81
1362,20.29,21.54,21.81
1363,20.29,21.54,21.81
1364,20.29,21.54,21.81
1365,20.29,21.54,21.81
1366,20.29,21.54,21.81
1367,20.29,21.54,21.81
1368,20.29,21.54,21.81
1369,20.29,21.45,21.81
1370,20.29,21.54,21.81
1371,20.29,21.54,21.81
1372,20.29,21.54,21.81
1373,20.29,21.54,21.81
1374,20.29,21.45,21.81
1375,20.29,21.54,21.81
1376,20.29,21.54,21.81
1377,20.29,21.54,21.81
1378,20.29,21.45,21.81
1379,20.29,21.45,21.81
1380,20.29,21.45,21.81
1381,20.29,21.45,21.81
1382,20.29,21.45,21.72
1383,20.29,21.45,21.72
1384,20.29,21.45,21.72
1385,20.29,21.54,21.72
1386,20.29,21.54,21.81
1387,20.29,21.45,21.72
1388,20.29,21.45,21.81
1389,20.29,21.54,21.81
1390,20.29,21.45,21.81
1391,20.29,21.45,21.81
1392,20.29,21.45,21.72
1393,20.29,21.45,21.72
1394,20.29,21.45,21.72
1395,20.29,21.45,21.72
1396,20.29,21.45,21.72
1397,20.29,21.45,21.72
1398,20.29,21.45,21.72
1399,20.29,21.45,21.72
1400,20.29,21.45,21.81
1401,20.29,21.45,21.72
1402,20.29,21.45,21.72
1403,20.29,21.45,21.72
1404,20.29,21.45,21.72
1405,20.29,21.45,21.72
1406,20.29,21.45,21.72
1407,20.29,21.45,21.72
1408,20.21,21.45,21.72
1409,20.29,21.45,21.72
1410,20.29,21.45,21.72
1411,20.29,21.45,21.72
1412,20.29,21.45,21.72
1413,20.29,21.45,21.72
1414,20.29,21.45,21.72
1415,20.29,21.45,21.72
1416,20.29,21.45,21.72
1417,20.21,21.45,21.72
1418,20.29,21.45,21.72
1419,20.21,21.45,21.72
1420,20.21,21.45,21.72
1421,20.29,21.45,21.72
1422,20.21,21.45,21.72
1423,20.29,21.45,21.72
1424,20.21,21.45,21.72
1425,20.21,21.45,21.72
1426,20.29,21.45,21.72
1427,20.29,21.45,21.72
1428,20.29,21.45,21.72
1429,20.21,21.45,21.72
1430,20.21,21.45,21.72
1431,20.21,21.45,21.72
1432,20.29,21.45,21.72
1433,20.21,21.45,21.72
1434,20.29,21.45,21.72
1435,20.29,21.45,21.72
1436,20.21,21.45,21.72
1437,20.21,21.45,21.72
1438,20.21,21.45,21.72
1439,20.21,21.45,21.72
1440,20.21,21.45,21.72
1441,20.21,21.45,21.72
1442,20.21,21.45,21.72
1443,20.21,21.45,21.72
1444,20.29,21.45,21.72
1445,20.29,21.45,21.72
1446,20.29,21.45,21.72
1447,20.29,21.45,21.72
1448,20.29,21.45,21.72
1449,20.29,21.45,21.72
1450,20.29,21.45,21.72
1451,20.29,21.45,21.72
1452,20.29,21.45,21.72
1453,20.29,21.45,21.72
1454,20.29,21.45,21.72
1455,20.29,21.45,21.72
1456,20.29,21.45,21.72
1457,20.21,21.45,21.72
1458,20.29,21.45,21.72
1459,20.29,21.45,21.72
1460,20.29,21.45,21.72
1461,20.21,21.45,21.72
1462,20.21,21.45,21.72
1463,20.21,21.45,21.72
1464,20.29,21.45,21.72
1465,20.29,21.45,21.72
1466,20.21,21.45,21.72
1467,20.21,21.45,21.72
1468,20.21,21.45,21.72
1469,20.21,21.45,21.72
1470,20.29,21.45,21.72
1471,20.21,21.45,21.72
1472,20.21,21.45,21.72
1473,20.21,21.45,21.72
1474,20.21,21.45,21.72
1475,20.29,21.45,21.72
1476,20.21,21.45,21.72
1477,20.21,21.45,21.72
1478,20.21,21.45,21.72
1479,20.21,21.45,21.72
1480,20.21,21.45,21.72
1481,20.29,21.45,21.72
1482,20.21,21.45,21.72
1483,20.29,21.45,21.72
1484,20.29,21.45,21.72
1485,20.21,21.45,21.72
1486,20.21,21.45,21.72
1487,20.21,21.45,21.72
1488,20.29,21.45,21.72
1489,20.21,21.45,21.72
1490,20.29,21.45,21.72
1491,20.29,21.45,21.72
1492,20.21,21.45,21.72
1493,20.29,21.45,21.72
1494,20.29,21.45,21.72
1495,20.21,21.45,21.72
1496,20.21,21.45,21.72
1497,20.29,21.45,21.72
1498,20.29,21.45,21.72
1499,20.29,21.45,21.72
1500,20.21,21.45,21.72
1501,20.29,21.45,21.72
1502,20.21,21.45,21.72
1503,20.21,21.45,21.72
1504,20.21,21.45,21.72
1505,20.29,21.45,21.72
1506,20.29,21.45,21.72
1507,20.21,21.45,21.72
1508,20.21,21.45,21.72
1509,20.29,21.45,21.72
1510,20.21,21.45,21.72
1511,20.29,21.45,21.72
1512,20.29,21.45,21.72
1513,20.21,21.45,21.72
1514,20.21,21.45,21.72
1515,20.21,21.45,21.72
1516,20.21,21.45,21.72
1517,20.21,21.45,21.72
1518,20.21,21.45,21.72
1519,20.29,21.45,21.72
1520,20.29,21.45,21.72
1521,20.29,21.45,21.72
1522,20.29,21.45,21.72
1523,20.29,21.45,21.72
1524,20.29,21.45,21.72
1525,20.29,21.45,21.72
1526,20.29,21.45,21.72
1527,20.29,21.45,21.72
1528,20.21,21.45,21.72
1529,20.21,21.45,21.72
1530,20.29,21.45,21.72
1531,20.29,21.45,21.72
1532,20.21,21.45,21.72
1533,20.21,21.45,21.72
1534,20.21,21.45,21.72
1535,20.21,21.45,21.72
1536,20.21,21.45,21.72
1537,20.21,21.45,21.72
1538,20.21,21.45,21.72
1539,20.21,21.45,21.72
1540,20.21,21.45,21.72
1541,20.21,21.45,21.72
1542,20.21,21.45,21.72
1543,20.21,21.45,21.72
1544,20.21,21.45,21.72
1545,20.21,21.45,21.72
1546,20.21,21.45,21.72
1547,20.21,21.45,21.72
1548,20.21,21.45,21.72
1549,20.21,21.45,21.72
1550,20.21,21.45,21.72
1551,20.21,21.45,21.72
1552,20.21,21.45,21.72
1553,20.21,21.45,21.72
1554,20.21,21.45,21.72
1555,20.21,21.45,21.72
1556,20.21,21.36,21.72
1557,20.21,21.45,21.72
1558,20.21,21.45,21.72
1559,20.21,21.45,21.72
1560,20.21,21.45,21.72
1561,20.21,21.45,21.72
1562,20.21,21.45,21.72
1563,20.21,21.45,21.72
1564,20.21,21.45,21.72
1565,20.21,21.45,21.72
1566,20.21,21.45,21.72
1567,20.21,21.45,21.72
1568,20.21,21.45,21.72
1569,20.21,21.36,21.72
1570,20.21,21.45,21.72
1571,20.21,21.45,21.72
1572,20.21,21.45,21.72
1573,20.21,21.45,21.72
1574,20.21,21.45,21.72
1575,20.21,21.45,21.72
1576,20.21,21.45,21.72
1577,20.21,21.45,21.72
1578,20.21,21.45,21.72
1579,20.21,21.45,21.72
1580,20.21,21.45,21.72
1581,20.21,21.45,21.72
1582,20.21,21.45,21.72
1583,20.21,21.45,21.72
1584,20.21,21.45,21.72
1585,20.21,21.45,21.72
1586,20.21,21.45,21.72
1587,20.21,21.45,21.72
1588,20.21,21.36,21.72
1589,20.21,21.36,21.72
1590,20.21,21.36,21.72
1591,20.21,21.36,21.72
1592,20.21,21.36,21.72
1593,20.21,21.36,21.72
1594,20.21,21.36,21.72
1595,20.21,21.36,21.72
1596,20.21,21.36,21.72
1597,20.21,21.36,21.72
1598,20.21,21.36,21.72
1599,20.21,21.36,21.72
1600,20.21,21.36,21.72
1601,20.21,21.36,21.72
1603,20.21,21.36,21.72
1604,20.21,21.36,21.72
1605,20.21,21.36,21.72
1606,20.21,21.36,21.72
1607,20.21,21.36,21.72
1608,20.21,21.36,21.72
1609,20.21,21.36,21.72
1610,20.21,21.36,21.72
1611,20.21,21.36,21.63
1612,20.21,21.36,21.72
1613,20.21,21.36,21.72
1614,20.21,21.45,21.72
1615,20.21,21.36,21.72
1616,20.21,21.36,21.72
1617,20.21,21.36,21.72
1618,20.21,21.36,21.72
1619,20.21,21.36,21.72
1620,20.21,21.36,21.72
1621,20.21,21.45,21.72
1622,20.21,21.45,21.72
1623,20.21,21.36,21.72
1624,20.21,21.45,21.72
1625,20.21,21.45,21.72
1626,20.21,21.36,21.72
1627,20.21,21.36,21.72
1628,20.21,21.45,21.72
1629,20.21,21.45,21.72
1630,20.21,21.45,21.72
1631,20.21,21.45,21.72
1632,20.21,21.45,21.72
1633,20.21,21.45,21.72
1634,20.21,21.45,21.72
1635,20.21,21.45,21.72
1636,20.21,21.36,21.72
1637,20.21,21.45,21.72
1638,20.21,21.45,21.72
1639,20.21,21.45,21.72
1640,20.21,21.45,21.72
1641,20.21,21.36,21.72
1642,20.21,21.36,21.72
1643,20.21,21.45,21.72
1644,20.21,21.36,21.72
1645,20.21,21.45,21.72
1646,20.21,21.36,21.72
1647,20.21,21.45,21.72
1648,20.21,21.36,21.72
1649,20.21,21.36,21.72
1650,20.21,21.36,21.72
1651,20.21,21.36,21.72
1652,20.21,21.36,21.63
1653,20.21,21.45,21.72
1654,20.21,21.45,21.72
1655,20.21,21.36,21.72
1656,20.21,21.45,21.72
1657,20.21,21.45,21.72
1658,20.21,21.36,21.72
1659,20.21,21.36,21.72
1660,20.21,21.45,21.72
1661,20.21,21.45,21.72
1662,20.21,21.45,21.72
1663,20.21,21.36,21.72
1664,20.21,21.45,21.72
1665,20.21,21.45,21.72
1666,20.21,21.36,21.72
1667,20.21,21.36,21.72
1668,20.21,21.36,21.72
1669,20.21,21.36,21.72
1670,20.21,21.45,21.72
1671,20.21,21.45,21.72
1672,20.21,21.45,21.72
1673,20.21,21.45,21.72
1674,20.21,21.45,21.72
1675,20.21,21.45,21.72
1676,20.21,21.45,21.72
1677,20.21,21.45,21.72
1678,20.21,21.45,21.72
1679,20.21,21.45,21.72
1680,20.21,21.45,21.72
1681,20.21,21.45,21.72
1682,20.21,21.45,21.72
1683,20.21,21.45,21.72
1684,20.21,21.45,21.72
1685,20.21,21.45,21.72
1686,20.21,21.45,21.72
1687,20.21,21.45,21.72
1688,20.21,21.45,21.72
1689,20.21,21.36,21.72
1690,20.21,21.36,21.72
1691,20.21,21.45,21.72
1692,20.21,21.36,21.72
1693,20.21,21.45,21.72
1694,20.21,21.45,21.72
1695,20.21,21.45,21.72
1696,20.21,21.45,21.72
1697,20.21,21.45,21.72
1698,20.21,21.45,21.72
1699,20.21,21.45,21.72
1700,20.21,21.45,21.72
1701,20.21,21.45,21.72
1702,20.21,21.45,21.72
1703,20.21,21.45,21.72
1704,20.21,21.45,21.72
1705,20.21,21.45,21.72
1706,20.21,21.45,21.72
1707,20.21,21.36,21.72
1708,20.21,21.45,21.72
1709,20.21,21.36,21.72
1710,20.21,21.45,21.72
1711,20.21,21.45,21.72
1712,20.21,21.45,21.72
1713,20.21,21.45,21.72
1714,20.21,21.36,21.72
1715,20.21,21.36,21.72
1716,20.21,21.36,21.72
1717,20.21,21.45,21.72
1718,20.21,21.45,21.72
1719,20.21,21.45,21.72
1720,20.21,21.45,21.72
1721,20.21,21.36,21.72
1722,20.21,21.45,21.72
1723,20.21,21.45,21.72
1724,20.21,21.45,21.72
1725,20.21,21.36,21.72
1726,20.21,21.36,21.72
1727,20.21,21.36,21.72
1728,20.21,21.36,21.63
1729,20.21,21.45,21.63
1730,20.21,21.36,21.63
1731,20.21,21.36,21.63
1732,20.21,21.36,21.63
1733,20.21,21.36,21.63
1734,20.21,21.36,21.63
1735,20.21,21.36,21.63
1736,20.21,21.36,21.63
1737,20.21,21.36,21.63
1738,20.21,21.36,21.63
1739,20.21,21.36,21.63
1740,20.21,21.36,21.63
1741,20.21,21.36,21.63
1742,20.21,21.36,21.63
1743,20.21,21.36,21.63
1744,20.21,21.36,21.63
1745,20.21,21.36,21.63
1746,20.21,21.36,21.63
1747,20.21,21.36,21.63
1748,20.21,21.36,21.63
1749,20.21,21.36,21.72
1750,20.21,21.36,21.63
1751,20.12,21.36,21.72
1752,20.12,21.36,21.63
1753,20.21,21.36,21.63
1754,20.12,21.36,21.72
1755,20.21,21.36,21.63
1756,20.12,21.36,21.63
1757,20.12,21.36,21.63
1758,20.12,21.36,21.63
1759,20.12,21.36,21.63
1760,20.21,21.36,21.63
1761,20.21,21.36,21.63
1762,20.21,21.36,21.63
1763,20.21,21.36,21.63
1764,20.12,21.36,21.63
1765,20.21,21.36,21.63
1766,20.21,21.36,21.63
1767,20.12,21.36,21.63
1768,20.21,21.36,21.63
1769,20.21,21.36,21.72
1770,20.21,21.36,21.63
1771,20.21,21.36,21.63
1772,20.12,21.36,21.63
1773,20.21,21.36,21.72
1774,20.12,21.36,21.63
1775,20.21,21.36,21.63
1776,20.12,21.36,21.63
1777,20.21,21.36,21.63
1778,20.12,21.36,21.63
1779,20.12,21.36,21.63
1780,20.21,21.36,21.63
1781,20.21,21.36,21.63
1782,20.21,21.36,21.63
1783,20.21,21.36,21.63
1784,20.21,21.36,21.63
1785,20.21,21.36,21.63
1786,20.21,21.36,21.63
1787,20.21,21.36,21.63
1788,20.21,21.36,21.63
1789,20.21,21.36,21.63
1790,20.21,21.36,21.63
1791,20.21,21.36,21.63
1792,20.12,21.36,21.63
1793,20.21,21.36,21.63
1794,20.12,21.36,21.63
1795,20.21,21.36,21.63
1796,20.12,21.36,21.63
1797,20.12,21.36,21.63
1798,20.12,21.36,21.63
1799,20.12,21.36,21.63
1800,20.12,21.36,21.63
1801,20.12,21.36,21.63
1802,20.12,21.36,21.63
1803,20.12,21.36,21.63
1804,20.21,21.36,21.63
1805,20.21,21.36,21.63
1806,20.12,21.36,21.72
1807,20.12,21.36,21.63
1808,20.12,21.36,21.63
1809,20.12,21.36,21.72
1810,20.12,21.36,21.72
1811,20.12,21.36,21.72
1812,20.21,21.36,21.63
1813,20.12,21.36,21.63
1814,20.12,21.36,21.72
1815,20.12,21.36,21.72
1816,20.12,21.36,21.63
1817,20.12,21.36,21.72
1818,20.12,21.36,21.63
1819,20.12,21.36,21.63
1820,20.12,21.36,21.72
1821,20.12,21.36,21.63
1822,20.12,21.36,21.63
1823,20.12,21.36,21.72
1824,20.12,21.36,21.63
1825,20.21,21.36,21.63
1826,20.12,21.36,21.63
1827,20.12,21.36,21.63
1828,20.12,21.36,21.63
1829,20.21,21.36,21.63
1830,20.21,21.36,21.63
1831,20.21,21.36,21.63
1832,20.21,21.36,21.63
1833,20.21,21.36,21.63
1834,20.21,21.36,21.63
1835,20.21,21.36,21.63
1836,20.21,21.36,21.63
1837,20.21,21.36,21.63
1838,20.21,21.36,21.63
1839,20.21,21.36,21.63
1840,20.21,21.36,21.63
1841,20.21,21.36,21.63
1842,20.21,21.36,21.63
1843,20.21,21.36,21.63
1844,20.21,21.36,21.63
1845,20.21,21.36,21.63
1846,20.21,21.36,21.63
1847,20.21,21.36,21.63
1848,20.21,21.36,21.63
1849,20.21,21.36,21.63
1850,20.21,21.36,21.63
1851,20.21,21.36,21.63
1852,20.21,21.36,21.63
1853,20.21,21.36,21.63
1854,20.12,21.36,21.63
1855,20.12,21.36,21.63
1856,20.21,21.36,21.63
1857,20.21,21.36,21.63
1858,20.12,21.36,21.63
1859,20.21,21.36,21.63
1860,20.21,21.36,21.63
1861,20.21,21.36,21.63
1862,20.21,21.36,21.63
1863,20.21,21.36,21.63
1864,20.21,21.36,21.63
1865,20.21,21.36,21.63
1866,20.21,21.36,21.63
1868,20.21,21.36,21.63
1869,20.21,21.36,21.63
1870,20.12,21.36,21.63
1871,20.21,21.36,21.63
1872,20.21,21.36,21.63
1873,20.12,21.36,21.63
1874,20.21,21.36,21.63
1875,20.21,21.36,21.63
1876,20.21,21.36,21.63
1877,20.21,21.36,21.63
1878,20.21,21.36,21.63
1879,20.12,21.36,21.63
1880,20.12,21.36,21.63
1881,20.12,21.36,21.63
1882,20.12,21.36,21.63
1883,20.12,21.36,21.63
1884,20.12,21.36,21.63
1885,20.21,21.36,21.63
1886,20.12,21.36,21.63
1887,20.12,21.36,21.63
1888,20.21,21.36,21.63
1889,20.21,21.36,21.63
1890,20.21,21.36,21.63
1891,20.21,21.36,21.63
1892,20.12,21.36,21.63
1893,20.12,21.36,21.63
1894,20.12,21.36,21.63
1895,20.12,21.36,21.63
1896,20.21,21.36,21.63
1897,20.12,21.36,21.63
1898,20.12,21.36,21.63
1899,20.12,21.36,21.63
1900,20.12,21.36,21.63
1901,20.12,21.36,21.63
1902,20.12,21.36,21.63
1903,20.12,21.36,21.63
1904,20.12,21.36,21.63
1905,20.12,21.36,21.63
1906,20.21,21.36,21.63
1907,20.21,21.36,21.63
1908,20.12,21.36,21.63
1909,20.12,21.36,21.63
1910,20.12,21.36,21.63
1911,20.12,21.36,21.63
1912,20.12,21.36,21.63
1913,20.12,21.36,21.63
1914,20.12,21.36,21.63
1915,20.12,21.36,21.63
1916,20.12,21.36,21.63
1917,20.12,21.36,21.63
1918,20.12,21.36,21.63
1919,20.12,21.36,21.63
1920,20.12,21.36,21.63
1921,20.12,21.36,21.63
1922,20.12,21.36,21.63
1923,20.12,21.36,21.63
1924,20.12,21.36,21.63
1925,20.12,21.36,21.63
1926,20.12,21.36,21.63
1927,20.12,21.36,21.63
1928,20.21,21.36,21.63
1929,20.12,21.36,21.63
1930,20.12,21.27,21.63
1931,20.12,21.36,21.63
1932,20.12,21.36,21.63
1933,20.12,21.36,21.63
1934,20.12,21.36,21.63
1935,20.12,21.36,21.63
1936,20.12,21.36,21.63
1937,20.12,21.36,21.63
1938,20.12,21.36,21.63
1939,20.12,21.36,21.63
1940,20.12,21.36,21.63
1941,20.12,21.36,21.63
1942,20.12,21.36,21.63
1943,20.12,21.36,21.63
1944,20.12,21.36,21.63
1945,20.12,21.36,21.63
1946,20.12,21.36,21.63
1947,20.12,21.36,21.63
1948,20.12,21.36,21.63
1949,20.12,21.36,21.63
1950,20.12,21.36,21.63
1951,20.12,21.36,21.63
1952,20.12,21.36,21.63
1953,20.12,21.36,21.63
1954,20.12,21.36,21.63
1955,20.12,21.36,21.72
1956,20.12,21.36,21.63
1957,20.12,21.36,21.72
1958,20.12,21.36,21.63
1959,20.12,21.36,21.63
1960,20.12,21.36,21.72
1961,20.12,21.36,21.72
1962,20.12,21.36,21.72
1963,20.12,21.36,21.63
1964,20.12,21.36,21.72
1965,20.12,21.36,21.72
1966,20.12,21.36,21.63
1967,20.21,21.36,21.63
1968,20.21,21.36,21.63
1969,20.21,21.36,21.63
1970,20.21,21.36,21.63
1971,20.21,21.36,21.63
1972,20.21,21.36,21.63
1973,20.21,21.36,21.63
1974,20.21,21.36,21.63
1975,20.21,21.36,21.63
1976,20.21,21.36,21.72
1977,20.21,21.36,21.72
1978,20.21,21.36,21.72
1979,20.21,21.36,21.72
1980,20.21,21.36,21.72
1981,20.21,21.36,21.72
1982,20.21,21.36,21.72
1983,20.21,21.36,21.72
1984,20.12,21.36,21.63
1985,20.12,21.36,21.72
1986,20.12,21.45,21.72
1987,20.03,21.36,21.63
1988,20.03,21.36,21.63
1989,20.03,21.36,21.63
1990,20.12,21.45,21.72
1991,20.03,21.45,21.72
1992,20.12,21.45,21.72
1993,20.12,21.45,21.72
1994,20.12,21.45,21.72
1995,20.12,21.54,21.72
1996,20.03,21.45,21.72
1997,20.03,21.45,21.72
1998,20.03,21.45,21.72
1999,20.03,21.45,21.72
2000,19.94,21.45,21.72
2001,19.94,21.45,21.72
2002,19.94,21.45,21.72
2003,19.94,21.45,21.72
2004,19.85,21.45,21.72
2005,19.85,21.36,21.72
2006,19.85,21.36,21.72
2007,19.85,21.36,21.72
2008,19.85,21.36,21.72
2009,19.76,21.36,21.72
2010,19.76,21.36,21.63
2011,19.76,21.36,21.72
2012,19.85,21.36,21.63
2013,19.85,21.36,21.63
2014,19.85,21.36,21.63
2015,19.85,21.36,21.72
2016,19.94,21.36,21.63
2017,19.94,21.36,21.63
2018,19.85,21.36,21.63
2019,19.85,21.36,21.63
2020,19.94,21.27,21.63
2021,19.85,21.36,21.63
2022,19.85,21.36,21.63
2023,19.85,21.36,21.63
2024,19.85,21.36,21.63
2025,19.85,21.27,21.63
2026,19.85,21.27,21.63
2027,19.85,21.27,21.63
2028,19.76,21.36,21.63
2029,19.85,21.36,21.63
2030,19.76,21.36,21.63
2031,19.76,21.36,21.63
2032,19.76,21.36,21.63
2033,19.85,21.45,21.63
2034,19.76,21.36,21.63
2035,19.85,21.36,21.63
2036,19.85,21.45,21.63
2037,19.76,21.36,21.72
2038,19.76,21.36,21.63
2039,19.76,21.36,21.63
2040,19.76,21.36,21.63
2041,19.76,21.36,21.63
2042,19.67,21.27,21.63
2043,19.67,21.27,21.63
2044,19.58,21.27,21.63
2045,19.58,21.27,21.63
2046,19.58,21.27,21.63
2047,19.49,21.27,21.63
2048,19.49,21.27,21.63
2049,19.49,21.18,21.63
2050,19.49,21.18,21.63
2051,19.49,21.18,21.63
2052,19.49,21.18,21.63
2053,19.49,21.18,21.63
2054,19.49,21.18,21.63
2055,19.49,21.18,21.54
2056,19.49,21.18,21.54
2057,19.49,21.18,21.54
2058,19.49,21.18,21.54
2059,19.49,21.18,21.54
2060,19.58,21.18,21.54
2061,19.58,21.18,21.54
2062,19.58,21.18,21.54
2063,19.58,21.18,21.54
2064,19.49,21.18,21.54
2065,19.49,21.18,21.54
2066,19.49,21.18,21.54
2067,19.40,21.10,21.54
2068,19.40,21.10,21.54
2069,19.40,21.10,21.54
2070,19.40,21.10,21.54
2071,19.40,21.10,21.54
2072,19.40,21.10,21.54
2073,19.32,21.10,21.54
2074,19.32,21.10,21.54
2075,19.32,21.10,21.54
2076,19.32,21.10,21.54
2077,19.32,21.10,21.54
2078,19.32,21.10,21.54
2079,19.32,21.01,21.54
2080,19.32,21.01,21.54
2081,19.32,21.01,21.54
2082,19.23,21.01,21.54
2083,19.32,21.01,21.45
2084,19.23,21.01,21.45
2085,19.23,21.01,21.45
2086,19.23,21.01,21.45
2087,19.23,21.01,21.45
2088,19.23,20.92,21.45
2089,19.23,21.01,21.45
2090,19.23,21.01,21.45
2091,19.23,21.01,21.45
2092,19.23,21.01,21.45
2093,19.23,21.01,21.45
2094,19.23,21.01,21.45
2095,19.23,21.01,21.36
2096,19.23,21.01,21.45
2097,19.23,20.92,21.45
2098,19.23,20.92,21.36
2099,19.23,20.92,21.36
2100,19.23,20.92,21.36
2101,19.14,20.92,21.36
2102,19.14,20.92,21.36
2103,19.14,20.92,21.36
2104,19.14,20.92,21.36
2105,19.14,20.92,21.36
2106,19.14,20.92,21.36
2107,19.05,20.92,21.36
2108,19.05,20.92,21.36
2109,19.05,20.92,21.36
2110,19.05,20.92,21.36
2111,19.05,20.92,21.36
2112,19.05,20.83,21.27
2113,19.05,20.83,21.27
2114,19.05,20.83,21.27
2115,19.14,20.83,21.36
2116,19.14,20.92,21.36
2117,19.14,20.92,21.36
2118,19.14,20.92,21.36
2119,19.14,20.92,21.36
2120,19.14,20.92,21.27
2121,19.14,20.92,21.27
2122,19.14,20.92,21.36
2123,19.14,20.83,21.27
2124,19.14,20.83,21.36
2125,19.14,20.83,21.27
2126,19.05,20.83,21.36
2127,19.05,20.83,21.36
2128,19.05,20.83,21.27
2129,19.05,20.83,21.27
2130,19.05,20.83,21.27
2132,19.05,20.83,21.36
2133,18.96,20.83,21.27
2134,18.96,20.83,21.27
2135,18.96,20.83,21.27
2136,18.96,20.83,21.27
2137,18.96,20.83,21.27
2138,18.96,20.83,21.27
2139,18.96,20.83,21.27
2140,18.87,20.74,21.27
2141,18.87,20.74,21.27
2142,18.87,20.74,21.27
2143,18.87,20.74,21.27
2144,18.87,20.74,21.27
2145,18.87,20.74,21.27
2146,18.87,20.74,21.18
2147,18.87,20.74,21.18
2148,18.87,20.74,21.18
2149,18.96,20.74,21.18
2150,18.96,20.74,21.18
2151,19.05,20.74,21.18
2152,19.05,20.74,21.18
2153,19.05,20.83,21.18
2154,19.14,20.83,21.18
2155,19.14,20.83,21.18
2156,19.14,20.83,21.18
2157,19.14,20.83,21.18
2158,19.14,20.83,21.18
2159,19.05,20.74,21.18
2160,19.05,20.74,21.18
2161,19.05,20.74,21.18
2162,18.96,20.74,21.18
2163,18.96,20.74,21.18
2164,18.96,20.74,21.18
2165,18.96,20.74,21.18
2166,18.96,20.74,21.18
2167,18.96,20.74,21.18
2168,18.96,20.65,21.18
2169,18.87,20.74,21.18
2170,18.87,20.65,21.18
2171,18.87,20.65,21.18
2172,18.87,20.65,21.18
2173,18.87,20.65,21.18
2174,18.78,20.65,21.18
2175,18.78,20.65,21.18
2176,18.87,20.65,21.18
2177,18.78,20.65,21.18
2178,18.78,20.65,21.18
2179,18.78,20.65,21.18
2180,18.78,20.65,21.18
2181,18.78,20.65,21.18
2182,18.78,20.65,21.18
2183,18.78,20.65,21.18
2184,18.78,20.65,21.18
2185,18.78,20.56,21.18
2186,18.78,20.56,21.18
2187,18.78,20.56,21.18
2188,18.69,20.65,21.10
2189,18.69,20.56,21.18
2190,18.69,20.56,21.10
2191,18.69,20.56,21.10
2192,18.69,20.56,21.10
2193,18.69,20.56,21.10
2194,18.69,20.56,21.10
2195,18.69,20.56,21.10
2196,18.69,20.56,21.10
2197,18.69,20.56,21.10
2198,18.69,20.56,21.10
2199,18.69,20.56,21.10
2200,18.60,20.56,21.10
2201,18.69,20.56,21.10
2202,18.69,20.56,21.10
2203,18.69,20.56,21.10
2204,18.69,20.56,21.10
2205,18.60,20.47,21.01
2206,18.60,20.47,21.01
2207,18.60,20.47,21.01
2208,18.60,20.47,21.01
2209,18.60,20.47,21.01
2210,18.60,20.47,21.01
2211,18.60,20.47,21.01
2212,18.60,20.47,21.01
2213,18.60,20.47,21.01
2214,18.60,20.47,21.01
2215,18.60,20.47,21.01
2216,18.60,20.47,21.01
2217,18.60,20.47,21.01
2218,18.60,20.47,21.01
2219,18.60,20.47,21.01
2220,18.60,20.47,21.01
2221,18.60,20.47,21.01
2222,18.60,20.47,21.01
2223,18.60,20.47,21.01
2224,18.60,20.47,21.01
2225,18.60,20.47,21.01
2226,18.60,20.47,21.01
2227,18.60,20.47,21.01
2228,18.51,20.47,21.01
2229,18.60,20.38,21.01
2230,18.51,20.38,21.01
2231,18.60,20.38,21.01
2232,18.60,20.38,20.92
2233,18.60,20.38,21.01
2234,18.51,20.38,20.92
2235,18.51,20.38,20.92
2236,18.51,20.38,20.92
2237,18.51,20.38,20.92
2238,18.51,20.38,20.92
2239,18.51,20.38,20.92
2240,18.51,20.38,20.92
2241,18.51,20.38,20.92
2242,18.51,20.38,20.92
2243,18.51,20.38,20.92
2244,18.51,20.38,20.92
2245,18.51,20.38,20.92
2246,18.51,20.38,20.92
2247,18.51,20.38,20.92
2248,18.51,20.38,20.92
2249,18.43,20.38,20.92
2250,18.51,20.38,20.92
2251,18.51,20.38,20.92
2252,18.43,20.38,20.92
2253,18.43,20.38,20.92
2254,18.43,20.38,20.92
2255,18.43,20.38,20.92
2256,18.43,20.38,20.92
2257,18.43,20.38,20.92
2258,18.43,20.38,20.92
2259,18.43,20.38,20.92
2260,18.43,20.38,20.92
2261,18.51,20.38,20.83
2262,18.43,20.38,20.83
2263,18.43,20.38,20.83
2264,18.43,20.29,20.83
2265,18.43,20.29,20.83
2266,18.43,20.29,20.83
2267,18.43,20.29,20.92
2268,18.43,20.29,20.83
2269,18.43,20.29,20.83
2270,18.43,20.29,20.83
2271,18.43,20.29,20.83
2272,18.51,20.29,20.83
2273,18.51,20.29,20.83
2274,18.60,20.29,20.83
2275,18.60,20.29,20.83
2276,18.60,20.29,20.83
2277,18.60,20.29,20.83
2278,18.60,20.29,20.83
2279,18.60,20.29,20.74
2280,18.60,20.29,20.83
2281,18.60,20.29,20.83
2282,18.51,20.29,20.83
2283,18.51,20.29,20.83
2284,18.51,20.29,20.74
2285,18.51,20.29,20.74
2286,18.51,20.29,20.83
2287,18.51,20.21,20.74
2288,18.51,20.29,20.74
2289,18.51,20.21,20.74
2290,18.51,20.21,20.74
2291,18.51,20.21,20.74
2292,18.51,20.29,20.74
2293,18.51,20.29,20.83
2294,18.51,20.29,20.74
2295,18.51,20.29,20.74
2296,18.43,20.29,20.74
2297,18.43,20.29,20.74
2298,18.43,20.29,20.74
2299,18.43,20.29,20.74
2300,18.43,20.21,20.74
2301,18.43,20.21,20.74
2302,18.43,20.21,20.74
2303,18.43,20.21,20.74
2304,18.43,20.21,20.74
2305,18.43,20.21,20.74
2306,18.43,20.21,20.74
2307,18.43,20.21,20.74
2308,18.43,20.21,20.74
2309,18.34,20.21,20.74
2310,18.43,20.21,20.74
2311,18.43,20.21,20.74
2312,18.34,20.21,20.74
2313,18.34,20.21,20.74
2314,18.34,20.21,20.74
2315,18.34,20.21,20.74
2316,18.34,20.21,20.74
2317,18.34,20.21,20.74
2318,18.34,20.21,20.65
2319,18.34,20.21,20.74
2320,18.34,20.21,20.74
2321,18.34,20.12,20.65
2322,18.34,20.12,20.65
2323,18.34,20.12,20.65
2324,18.34,20.12,20.65
2325,18.34,20.12,20.65
2326,18.34,20.12,20.65
2327,18.34,20.12,20.65
2328,18.34,20.12,20.65
2329,18.34,20.12,20.65
2330,18.34,20.12,20.65
2331,18.34,20.12,20.65
2332,18.34,20.12,20.65
2333,18.34,20.12,20.65
2334,18.34,20.12,20.65
2335,18.34,20.12,20.65
2336,18.34,20.12,20.65
2337,18.25,20.12,20.65
2338,18.25,20.12,20.65
2339,18.25,20.03,20.65
2340,18.25,20.03,20.65
2341,18.25,20.03,20.65
2342,18.25,20.03,20.65
2343,18.25,20.03,20.56
2344,18.25,20.03,20.56
2345,18.25,20.03,20.56
2346,18.25,20.03,20.56
2347,18.25,20.03,20.56
2348,18.25,20.03,20.56
2349,18.34,20.03,20.56
2350,18.25,20.03,20.56
2351,18.25,20.03,20.56
2352,18.25,20.03,20.56
2353,18.34,20.03,20.56
2354,18.25,20.03,20.56
2355,18.25,20.03,20.56
2356,18.25,20.03,20.56
2357,18.34,20.03,20.56
2358,18.25,20.03,20.56
2359,18.25,20.03,20.56
2360,18.25,20.03,20.56
2361,18.25,20.03,20.56
2362,18.25,20.03,20.56
2363,18.25,20.03,20.56
2364,18.25,20.03,20.56
2365,18.25,20.03,20.56
2366,18.25,20.03,20.56
2367,18.25,20.03,20.56
2368,18.25,20.03,20.56
2369,18.25,20.03,20.56
2370,18.16,20.03,20.56
2371,18.16,20.03,20.56
2372,18.16,20.03,20.56
2373,18.16,20.03,20.56
2374,18.16,20.03,20.56
2375,18.16,20.03,20.56
2376,18.16,20.03,20.56
2377,18.16,20.03,20.56
2378,18.16,20.03,20.56
2379,18.16,20.03,20.56
2380,18.16,20.03,20.56
2381,18.16,20.03,20.56
2382,18.16,20.03,20.56
2383,18.16,20.03,20.56
2384,18.16,20.03,20.56
2385,18.16,20.03,20.56
2386,18.16,20.03,20.56
2387,18.16,20.03,20.56
2388,18.16,20.03,20.56
2389,18.16,20.03,20.56
2390,18.16,20.03,20.56
2391,18.16,20.03,20.56
2392,18.16,20.03,20.56
2393,18.16,20.03,20.56
2394,18.16,20.03,20.56
2395,18.16,20.03,20.56
2396,18.16,20.03,20.56
2398,18.16,20.03,20.56
2399,18.16,20.03,20.56
2400,18.16,20.03,20.56
2401,18.16,20.03,20.56
2402,18.16,20.03,20.47
2403,18.16,19.94,20.47
2404,18.16,20.03,20.47
2405,18.16,19.94,20.47
2406,18.16,19.94,20.56
2407,18.16,19.94,20.47
2408,18.16,19.94,20.47
2409,18.16,19.94,20.47
2410,18.16,19.94,20.56
2411,18.16,19.94,20.47
2412,18.16,19.94,20.47
2413,18.16,19.94,20.47
2414,18.16,19.85,20.47
2415,18.16,19.94,20.47
2416,18.16,19.85,20.47
2417,18.16,19.85,20.47
2418,18.16,19.85,20.47
2419,18.16,19.85,20.47
2420,18.16,19.85,20.47
2421,18.16,19.85,20.47
2422,18.16,19.85,20.47
2423,18.16,19.85,20.47
2424,18.16,19.94,20.47
2425,18.16,19.85,20.47
2426,18.16,19.85,20.47
2427,18.16,19.85,20.38
2428,18.16,19.94,20.47
2429,18.16,19.85,20.47
2430,18.07,19.85,20.47
2431,18.16,19.94,20.47
2432,18.16,19.94,20.47
2433,18.07,19.94,20.47
2434,18.07,19.94,20.47
2435,18.16,19.94,20.38
2436,18.07,19.85,20.38
2437,18.16,19.94,20.38
2438,18.16,19.94,20.47
2439,18.07,19.85,20.47
2440,18.07,19.85,20.38
2441,18.07,19.85,20.47
2442,18.07,19.94,20.47
2443,18.07,19.94,20.47
2444,18.07,19.85,20.47
2445,18.07,19.94,20.47
2446,18.07,19.85,20.38
2447,18.07,19.85,20.47
2448,18.07,19.94,20.47
2449,18.07,19.85,20.47
2450,18.07,19.94,20.47
2451,18.07,19.85,20.38
2452,18.07,19.94,20.47
2453,18.07,19.85,20.47
2454,18.07,19.85,20.38
2455,18.07,19.85,20.47
2456,18.07,19.85,20.38
2457,18.07,19.85,20.38
2458,18.07,19.94,20.38
2459,18.07,19.94,20.38
2460,18.07,19.94,20.47
2461,18.07,19.94,20.47
2462,18.07,19.94,20.47
2463,18.07,19.94,20.38
2464,18.07,19.94,20.47
2465,18.07,19.94,20.47
2466,18.07,19.94,20.47
2467,18.07,19.94,20.47
2468,18.07,19.94,20.47
2469,18.07,19.94,20.47
2470,18.07,19.94,20.47
2471,18.07,19.94,20.47
2472,18.07,19.85,20.47
2473,18.07,19.85,20.47
2474,18.07,19.85,20.47
2475,18.07,19.85,20.47
2476,18.07,19.85,20.47
2477,18.07,19.85,20.47
2478,18.07,19.85,20.47
2479,18.07,19.85,20.47
2480,18.07,19.85,20.38
2481,18.07,19.85,20.38
2482,18.07,19.85,20.38
2483,18.07,19.94,20.38
2484,18.07,19.85,20.38
2485,18.07,19.94,20.38
2486,18.07,19.94,20.38
2487,18.07,19.85,20.38
2488,18.07,19.94,20.47
2489,18.07,19.94,20.38
2490,18.07,19.94,20.47
2491,18.07,19.85,20.38
2492,18.07,19.85,20.38
2493,18.07,19.85,20.38
2494,18.07,19.85,20.38
2495,18.07,19.94,20.38
2496,18.07,19.94,20.38
2497,18.07,19.85,20.38
2498,18.07,19.94,20.38
2499,18.07,19.85,20.38
2500,18.07,19.85,20.47
2501,18.07,19.85,20.47
2502,18.07,19.85,20.38
2503,18.07,19.94,20.47
2504,18.07,19.85,20.38
2505,18.07,19.85,20.47
2506,18.07,19.85,20.38
2507,18.07,19.94,20.47
2508,18.07,19.85,20.47
2509,18.07,19.85,20.47
2510,18.07,19.85,20.38
2511,18.07,19.85,20.38
2512,18.07,19.85,20.38
2513,18.07,19.85,20.38
2514,18.07,19.85,20.38
2515,18.07,19.85,20.38
2516,17.98,19.85,20.38
2517,18.07,19.85,20.38
2518,18.07,19.85,20.38
2519,18.07,19.85,20.38
2520,17.98,19.85,20.38
2521,18.07,19.85,20.38
2522,18.07,19.85,20.38
2523,17.98,19.85,20.38
2524,18.07,19.85,20.38
2525,18.07,19.85,20.38
2526,17.98,19.85,20.38
2527,17.98,19.85,20.38
2528,18.07,19.85,20.38
2529,18.07,19.85,20.38
2530,18.07,19.85,20.38
2531,18.07,19.85,20.38
2532,18.07,19.85,20.38
2533,18.07,19.85,20.38
2534,18.07,19.85,20.38
2535,17.98,19.85,20.38
2536,18.07,19.85,20.38
2537,18.07,19.85,20.38
2538,18.07,19.85,20.38
2539,18.07,19.85,20.38
2540,17.98,19.85,20.38
2541,17.98,19.85,20.38
2542,17.98,19.85,20.38
2543,18.07,19.85,20.38
2544,18.07,19.85,20.38
2545,18.07,19.85,20.38
2546,18.07,19.85,20.38
2547,17.98,19.85,20.38
2548,17.98,19.85,20.38
2549,18.07,19.85,20.38
2550,17.98,19.85,20.38
2551,18.07,19.85,20.38
2552,17.98,19.85,20.38
2553,18.07,19.85,20.38
2554,18.07,19.85,20.38
2555,18.07,19.85,20.38
2556,18.07,19.85,20.38
2557,18.07,19.85,20.38
2558,18.07,19.85,20.38
2559,18.07,19.85,20.38
2560,18.07,19.85,20.38
2561,18.07,19.85,20.38
2562,18.07,19.94,20.38
2563,18.07,19.85,20.38
2564,18.07,19.85,20.38
2565,18.07,19.85,20.38
2566,18.07,19.85,20.38
2567,18.07,19.85,20.38
2568,18.07,19.85,20.38
2569,17.98,19.85,20.38
2570,18.07,19.85,20.38
2571,18.07,19.85,20.38
2572,18.07,19.85,20.38
2573,17.98,19.85,20.38
2574,17.98,19.85,20.38
2575,18.07,19.85,20.38
2576,17.98,19.85,20.38
2577,17.98,19.85,20.38
2578,18.07,19.85,20.38
2579,17.98,19.85,20.38
2580,17.98,19.85,20.38
2581,18.07,19.85,20.38
2582,18.07,19.85,20.38
2583,17.98,19.85,20.38
2584,17.98,19.85,20.38
2585,17.98,19.85,20.38
2586,17.98,19.85,20.38
2587,17.98,19.85,20.38
2588,17.98,19.85,20.38
2589,18.07,19.85,20.38
2590,18.07,19.85,20.38
2591,18.07,19.85,20.38
2592,18.07,19.85,20.38
2593,18.07,19.85,20.38
2594,17.98,19.85,20.38
2595,18.07,19.85,20.38
2596,18.07,19.85,20.38
2597,18.07,19.85,20.38
2598,18.07,19.85,20.38
2599,17.98,19.85,20.38
2600,17.98,19.85,20.38
2601,18.07,19.85,20.29
2602,17.98,19.85,20.38
2603,18.07,19.85,20.29
2604,18.07,19.85,20.29
2605,18.07,19.85,20.38
2606,18.07,19.85,20.38
2607,18.07,19.85,20.38
2608,18.07,19.85,20.29
2609,18.07,19.76,20.29
2610,18.07,19.76,20.38
2611,17.98,19.85,20.38
2612,17.98,19.85,20.38
2613,17.98,19.76,20.38
2614,17.98,19.76,20.38
2615,17.98,19.76,20.38
2616,17.98,19.85,20.38
2617,17.98,19.85,20.38
2618,17.98,19.76,20.38
2619,17.98,19.85,20.38
2620,17.98,19.76,20.38
2621,17.98,19.85,20.38
2622,17.98,19.85,20.38
2623,17.98,19.76,20.38
2624,17.98,19.76,20.38
2625,17.98,19.85,20.38
2626,17.98,19.76,20.38
2627,17.98,19.76,20.29
2628,17.98,19.76,20.29
2629,17.98,19.76,20.38
2630,17.98,19.76,20.38
2631,17.98,19.76,20.29
2632,17.98,19.76,20.29
2633,17.98,19.76,20.29
2634,17.98,19.76,20.29
2635,17.98,19.76,20.29
2636,17.98,19.76,20.29
2637,17.98,19.76,20.29
2638,17.98,19.76,20.29
2639,17.98,19.76,20.29
2640,17.98,19.76,20.29
2641,17.98,19.76,20.29
2642,17.98,19.76,20.29
2643,17.98,19.76,20.29
2644,17.98,19.76,20.29
2645,17.98,19.76,20.29
2646,17.98,19.76,20.29
2647,17.98,19.76,20.29
2648,17.98,19.76,20.29
2649,17.98,19.76,20.29
2650,17.98,19.76,20.29
2651,17.98,19.76,20.29
2652,17.98,19.76,20.29
2653,17.98,19.76,20.29
2654,17.98,19.76,20.29
2655,17.98,19.76,20.29
2656,17.98,19.76,20.38
2657,17.98,19.76,20.29
2658,17.98,19.76,20.29
2659,17.98,19.76,20.29
2660,17.98,19.76,20.38
2661,17.98,19.76,20.29
2663,17.98,19.76,20.29
2664,17.98,19.76,20.29
2665,17.98,19.76,20.29
2666,17.98,19.76,20.29
2667,17.98,19.76,20.38
2668,17.98,19.76,20.29
2669,17.98,19.76,20.29
2670,17.98,19.76,20.29
2671,17.98,19.76,20.29
2672,17.98,19.76,20.38
2673,17.98,19.76,20.38
2674,17.98,19.76,20.38
2675,17.98,19.76,20.38
2676,17.98,19.76,20.38
2677,17.98,19.76,20.38
2678,17.98,19.76,20.38
2679,17.98,19.76,20.38
2680,17.98,19.76,20.38
2681,17.98,19.76,20.38
2682,17.98,19.76,20.38
2683,17.98,19.76,20.29
2684,17.98,19.76,20.38
2685,17.98,19.76,20.38
2686,17.98,19.76,20.29
2687,17.98,19.76,20.29
2688,17.98,19.76,20.29
2689,17.98,19.76,20.38
2690,17.98,19.76,20.38
2691,17.98,19.76,20.29
2692,17.98,19.76,20.38
2693,17.98,19.76,20.38
2694,17.98,19.76,20.38
2695,17.98,19.76,20.38
2696,17.98,19.76,20.38
2697,17.98,19.76,20.38
2698,17.98,19.76,20.38
2699,17.98,19.76,20.38
2700,17.98,19.76,20.38
2701,17.98,19.76,20.38
2702,17.98,19.85,20.38
2703,17.98,19.85,20.38
2704,17.98,19.85,20.38
2705,17.98,19.85,20.38
2706,17.98,19.85,20.38
2707,17.98,19.85,20.38
2708,17.98,19.76,20.38
2709,17.98,19.76,20.38
2710,17.98,19.76,20.38
2711,17.98,19.76,20.38
2712,17.98,19.76,20.38
2713,17.98,19.76,20.38
2714,17.98,19.76,20.38
2715,17.98,19.76,20.38
2716,17.98,19.85,20.38
2717,17.98,19.76,20.38
2718,17.98,19.85,20.38
2719,17.98,19.85,20.38
2720,17.98,19.76,20.38
2721,17.98,19.85,20.38
2722,17.98,19.85,20.38
2723,17.98,19.76,20.38
2724,17.98,19.76,20.38
2725,17.98,19.76,20.29
2726,17.98,19.85,20.38
2727,17.98,19.85,20.38
2728,17.98,19.85,20.38
2729,17.98,19.76,20.38
2730,18.07,19.76,20.38
2731,18.07,19.76,20.38
2732,18.07,19.76,20.38
2733,18.07,19.76,20.38
2734,18.07,19.76,20.38
2735,18.07,19.76,20.38
2736,18.07,19.76,20.38
2737,18.16,19.76,20.38
2738,18.16,19.76,20.38
2739,18.07,19.76,20.38
2740,18.07,19.76,20.38
2741,18.07,19.76,20.38
2742,18.07,19.76,20.38
2743,18.07,19.76,20.38
2744,18.07,19.76,20.38
2745,18.07,19.76,20.38
2746,18.07,19.76,20.38
2747,18.07,19.85,20.38
2748,18.07,19.85,20.38
2749,18.07,19.76,20.29
2750,17.98,19.85,20.38
2751,18.07,19.85,20.38
2752,18.07,19.85,20.38
2753,18.07,19.85,20.38
2754,17.98,19.85,20.38
2755,18.07,19.76,20.38
2756,17.98,19.85,20.38
2757,18.07,19.85,20.38
2758,18.07,19.85,20.38
2759,18.07,19.85,20.38
2760,18.07,19.85,20.38
2761,17.98,19.85,20.38
2762,18.07,19.85,20.38
2763,18.07,19.85,20.38
2764,18.07,19.85,20.38
2765,18.07,19.85,20.38
2766,17.98,19.85,20.38
2767,18.07,19.85,20.38
2768,17.98,19.85,20.38
2769,17.98,19.85,20.38
2770,18.07,19.85,20.38
2771,18.07,19.85,20.38
2772,18.07,19.85,20.38
2773,18.07,19.85,20.38
2774,18.07,19.85,20.38
2775,18.07,19.85,20.38
2776,18.07,19.85,20.38
2777,18.07,19.85,20.38
2778,18.07,19.85,20.38
2779,18.07,19.85,20.38
2780,18.07,19.85,20.38
2781,18.07,19.85,20.38
2782,18.07,19.85,20.38
2783,18.07,19.85,20.38
2784,18.07,19.85,20.38
2785,17.98,19.85,20.38
2786,18.07,19.85,20.38
2787,18.07,19.85,20.38
2788,18.07,19.85,20.38
2789,18.07,19.85,20.38
2790,17.98,19.85,20.38
2791,18.07,19.85,20.38
2792,17.98,19.85,20.38
2793,17.98,19.85,20.38
2794,17.98,19.85,20.38
2795,17.98,19.85,20.38
2796,17.98,19.76,20.38
2797,17.98,19.76,20.29
2798,17.98,19.76,20.38
2799,17.98,19.76,20.38
2800,17.98,19.76,20.38
2801,17.98,19.76,20.38
2802,17.98,19.76,20.38
2803,18.07,19.76,20.38
2804,18.07,19.76,20.38
2805,18.07,19.76,20.38
2806,18.07,19.76,20.38
2807,18.07,19.85,20.38
2808,18.16,19.76,20.38
2809,18.16,19.85,20.38
2810,18.16,19.85,20.38
2811,18.16,19.85,20.38
2812,18.16,19.85,20.38
2813,18.16,19.85,20.38
2814,18.16,19.85,20.38
2815,18.25,19.85,20.38
2816,18.25,19.85,20.38
2817,18.25,19.85,20.38
2818,18.25,19.85,20.38
2819,18.25,19.85,20.38
2820,18.25,19.85,20.38
2821,18.25,19.85,20.38
2822,18.25,19.85,20.38
2823,18.25,19.85,20.38
2824,18.25,19.85,20.38
2825,18.25,19.85,20.38
2826,18.16,19.94,20.47
2827,18.16,19.94,20.47
2828,18.16,19.85,20.38
2829,18.16,19.85,20.38
2830,18.16,19.85,20.47
2831,18.16,19.85,20.38
2832,18.16,19.85,20.38
2833,18.16,19.85,20.47
2834,18.16,19.85,20.47
2835,18.16,19.85,20.38
2836,18.16,19.85,20.38
2837,18.16,19.85,20.38
2838,18.16,19.85,20.38
2839,18.16,19.85,20.38
2840,18.16,19.85,20.38
2841,18.16,19.85,20.38
2842,18.16,19.85,20.47
2843,18.16,19.85,20.47
2844,18.16,19.85,20.47
2845,18.16,19.94,20.47
2846,18.16,19.85,20.47
2847,18.07,19.94,20.47
2848,18.07,19.85,20.47
2849,18.16,19.85,20.47
2850,18.16,19.85,20.47
2851,18.07,19.94,20.47
2852,18.07,19.94,20.38
2853,18.07,19.94,20.38
2854,18.07,19.94,20.47
2855,18.07,19.94,20.47
2856,18.07,19.85,20.38
2857,18.07,19.85,20.47
2858,18.07,19.94,20.47
2859,18.16,19.85,20.38
2860,18.07,19.85,20.47
2861,18.07,19.85,20.38
2862,18.07,19.85,20.38
2863,18.07,19.85,20.38
2864,18.07,19.85,20.38
2865,18.07,19.85,20.38
2866,18.07,19.85,20.38
2867,18.07,19.85,20.38
