Time,Temp1,Temp2,Temp3,Temp4,Erreur,Commande PWM,Setpoint,Stabilité atteinte (s);;;;;;;perturbation 403sec
354.9730703830719,25.41,25.10,25.01,24.56,-0.01,141,25.00,138.32459783554077;;;;;;;
355.3311936855316,25.45,25.10,25.01,24.58,-0.01,141,25.00,138.32459783554077;;;;;;;
355.7693033218384,25.45,25.10,25.01,24.58,-0.01,141,25.00,138.32459783554077;;;;;;;
356.21713733673096,25.39,25.10,25.01,24.58,-0.01,141,25.00,138.32459783554077;;;;;;;
356.7580099105835,25.43,25.12,25.01,24.58,-0.01,141,25.00,138.32459783554077;;;;;;;
357.34612679481506,25.43,25.10,25.01,24.56,-0.01,141,25.00,138.32459783554077;;;;;;;
357.7747395038605,25.41,25.07,25.01,24.51,-0.01,141,25.00,138.32459783554077;;;;;;;
358.2346875667572,25.43,25.10,25.01,24.56,-0.01,141,25.00,138.32459783554077;;;;;;;
358.7826728820801,25.41,25.10,25.01,24.58,-0.01,141,25.00,138.32459783554077;;;;;;;
359.37831473350525,25.37,25.05,25.01,24.58,-0.01,141,25.00,138.32459783554077;;;;;;;
359.7512092590332,25.43,25.10,25.00,24.53,-0.01,141,25.00,138.32459783554077;;;;;;;
360.30452013015747,25.43,25.10,25.00,24.56,-0.01,141,25.00,138.32459783554077;;;;;;;
360.7619137763977,25.41,25.10,25.00,24.58,-0.01,141,25.00,138.32459783554077;;;;;;;
361.43987822532654,25.43,25.10,25.00,24.56,-0.00,141,25.00,138.32459783554077;;;;;;;
361.7761220932007,25.39,25.05,25.00,24.53,-0.00,141,25.00,138.32459783554077;;;;;;;
362.33478260040283,25.41,25.10,25.00,24.56,-0.00,141,25.00,138.32459783554077;;;;;;;
362.78512144088745,25.43,25.10,25.00,24.56,-0.00,141,25.00,138.32459783554077;;;;;;;
363.438334941864,25.43,25.07,25.00,24.56,-0.00,141,25.00,138.32459783554077;;;;;;;
363.7962784767151,25.45,25.12,25.00,24.58,-0.00,141,25.00,138.32459783554077;;;;;;;
364.34811210632324,25.43,25.12,25.00,24.58,-0.00,141,25.00,138.32459783554077;;;;;;;
364.80742383003235,25.41,25.10,25.00,24.58,-0.00,141,25.00,138.32459783554077;;;;;;;
365.43707847595215,25.41,25.05,25.00,24.58,-0.00,141,25.00,138.32459783554077;;;;;;;
365.8194320201874,25.43,25.10,25.00,24.58,-0.00,141,25.00,138.32459783554077;;;;;;;
366.3792178630829,25.43,25.10,25.00,24.56,-0.00,141,25.00,138.32459783554077;;;;;;;
366.8291301727295,25.41,25.07,25.00,24.53,-0.00,141,25.00,138.32459783554077;;;;;;;
367.49911546707153,25.43,25.10,25.00,24.60,-0.00,141,25.00,138.32459783554077;;;;;;;
367.8400025367737,25.43,25.10,25.00,24.58,-0.00,141,25.00,138.32459783554077;;;;;;;
368.3914487361908,25.43,25.12,25.00,24.58,-0.00,141,25.00,138.32459783554077;;;;;;;
368.85222911834717,25.39,25.05,25.00,24.56,-0.00,141,25.00,138.32459783554077;;;;;;;
369.5283772945404,25.43,25.10,25.00,24.58,-0.00,141,25.00,138.32459783554077;;;;;;;
369.8638381958008,25.43,25.12,25.00,24.58,-0.00,141,25.00,138.32459783554077;;;;;;;
370.4231286048889,25.45,25.12,25.00,24.60,-0.00,141,25.00,138.32459783554077;;;;;;;
370.8735520839691,25.43,25.12,25.00,24.58,-0.00,141,25.00,138.32459783554077;;;;;;;
371.53810119628906,25.43,25.10,25.00,24.58,-0.00,141,25.00,138.32459783554077;;;;;;;
371.8859314918518,25.41,25.07,25.00,24.51,-0.00,141,25.00,138.32459783554077;;;;;;;
372.4340763092041,25.39,25.10,25.00,24.58,-0.00,141,25.00,138.32459783554077;;;;;;;
372.89691638946533,25.43,25.10,25.00,24.58,-0.00,141,25.00,138.32459783554077;;;;;;;
373.5693702697754,25.43,25.10,25.00,24.58,-0.00,141,25.00,138.32459783554077;;;;;;;
373.9071898460388,25.43,25.12,25.00,24.58,-0.00,141,25.00,138.32459783554077;;;;;;;
374.4600691795349,25.45,25.12,25.00,24.56,-0.00,141,25.00,138.32459783554077;;;;;;;
374.9184031486511,25.37,25.12,25.00,24.56,-0.00,141,25.00,138.32459783554077;;;;;;;
375.5958299636841,25.43,25.10,25.00,24.56,-0.00,141,25.00,138.32459783554077;;;;;;;
375.9302062988281,25.43,25.12,25.00,24.58,-0.00,141,25.00,138.32459783554077;;;;;;;
376.48848056793213,25.41,25.10,25.00,24.53,-0.00,141,25.00,138.32459783554077;;;;;;;
376.9406621456146,25.45,25.12,25.00,24.58,-0.00,141,25.00,138.32459783554077;;;;;;;
377.60476899147034,25.41,25.10,25.00,24.56,-0.00,141,25.00,138.32459783554077;;;;;;;
377.95165729522705,25.43,25.12,25.00,24.60,-0.00,141,25.00,138.32459783554077;;;;;;;
378.51717138290405,25.41,25.10,25.00,24.58,-0.00,141,25.00,138.32459783554077;;;;;;;
378.96816205978394,25.41,25.10,25.00,24.56,-0.00,141,25.00,138.32459783554077;;;;;;;
379.6192021369934,25.43,25.10,25.00,24.58,-0.00,141,25.00,138.32459783554077;;;;;;;
379.97334694862366,25.39,25.07,25.00,24.60,-0.00,141,25.00,138.32459783554077;;;;;;;
380.5283133983612,25.45,25.12,25.00,24.58,-0.00,141,25.00,138.32459783554077;;;;;;;
380.9861330986023,25.41,25.10,25.00,24.58,-0.00,141,25.00,138.32459783554077;;;;;;;
381.6645390987396,25.41,25.07,25.00,24.56,-0.00,141,25.00,138.32459783554077;;;;;;;
381.9984037876129,25.41,25.10,25.00,24.58,-0.00,141,25.00,138.32459783554077;;;;;;;
382.5595192909241,25.41,25.10,25.00,24.56,-0.00,141,25.00,138.32459783554077;;;;;;;
383.0072240829468,25.39,25.10,25.00,24.58,-0.00,141,25.00,138.32459783554077;;;;;;;
383.6648585796356,25.41,25.10,25.00,24.56,-0.00,141,25.00,138.32459783554077;;;;;;;
384.0179283618927,25.43,25.12,25.00,24.58,-0.00,141,25.00,138.32459783554077;;;;;;;
384.57453203201294,25.41,25.07,25.00,24.56,-0.00,141,25.00,138.32459783554077;;;;;;;
385.0299196243286,25.41,25.10,25.00,24.58,-0.00,141,25.00,138.32459783554077;;;;;;;
385.6921954154968,25.43,25.07,25.00,24.56,-0.00,141,25.00,138.32459783554077;;;;;;;
386.040718793869,25.43,25.12,25.00,24.58,-0.00,141,25.00,138.32459783554077;;;;;;;
386.56752586364746,25.39,25.07,25.00,24.53,-0.00,141,25.00,138.32459783554077;;;;;;;
387.10456585884094,25.43,25.12,25.00,24.58,-0.00,141,25.00,138.32459783554077;;;;;;;
387.67526960372925,25.43,25.10,25.00,24.58,-0.00,141,25.00,138.32459783554077;;;;;;;
388.08428502082825,25.43,25.12,25.00,24.58,-0.00,141,25.00,138.32459783554077;;;;;;;
388.6197729110718,25.43,25.12,25.00,24.58,-0.00,141,25.00,138.32459783554077;;;;;;;
389.07354521751404,25.41,25.10,25.00,24.53,-0.00,141,25.00,138.32459783554077;;;;;;;
389.7202844619751,25.43,25.12,25.00,24.58,-0.00,141,25.00,138.32459783554077;;;;;;;
390.08611702919006,25.43,25.10,25.00,24.58,-0.00,141,25.00,138.32459783554077;;;;;;;
390.62794399261475,25.41,25.10,25.00,24.56,-0.00,141,25.00,138.32459783554077;;;;;;;
391.0953288078308,25.43,25.12,25.00,24.58,-0.00,141,25.00,138.32459783554077;;;;;;;
391.7249939441681,25.39,25.05,25.00,24.51,-0.00,141,25.00,138.32459783554077;;;;;;;
392.16035175323486,25.43,25.10,25.00,24.58,-0.00,141,25.00,138.32459783554077;;;;;;;
392.6121530532837,25.41,25.10,25.00,24.58,-0.00,141,25.00,138.32459783554077;;;;;;;
393.13143491744995,25.43,25.12,25.00,24.56,-0.00,141,25.00,138.32459783554077;;;;;;;
393.7542357444763,25.43,25.10,25.00,24.58,-0.00,141,25.00,138.32459783554077;;;;;;;
394.13013982772827,25.39,25.12,25.00,24.56,-0.00,141,25.00,138.32459783554077;;;;;;;
394.6966893672943,25.43,25.10,25.00,24.58,-0.00,141,25.00,138.32459783554077;;;;;;;
395.14214730262756,25.43,25.10,25.00,24.56,-0.00,141,25.00,138.32459783554077;;;;;;;
395.80945444107056,25.41,25.05,25.00,24.51,-0.00,141,25.00,138.32459783554077;;;;;;;
396.15224742889404,25.43,25.10,25.00,24.58,-0.00,141,25.00,138.32459783554077;;;;;;;
396.7045922279358,25.43,25.12,25.00,24.58,-0.00,141,25.00,138.32459783554077;;;;;;;
397.16243600845337,25.43,25.12,25.00,24.58,-0.00,141,25.00,138.32459783554077;;;;;;;
397.8228871822357,25.39,25.07,25.00,24.56,-0.00,141,25.00,138.32459783554077;;;;;;;
398.17455196380615,25.45,25.12,25.00,24.58,-0.00,141,25.00,138.32459783554077;;;;;;;
398.73040103912354,25.43,25.14,25.00,24.56,-0.00,141,25.00,138.32459783554077;;;;;;;
399.1843206882477,25.43,25.10,25.00,24.56,-0.00,141,25.00,138.32459783554077;;;;;;;
399.84293365478516,25.41,25.12,25.00,24.58,-0.00,141,25.00,138.32459783554077;;;;;;;
400.19682025909424,25.43,25.10,25.00,24.56,-0.00,141,25.00,138.32459783554077;;;;;;;
400.7548108100891,25.43,25.10,25.00,24.56,-0.00,141,25.00,138.32459783554077;;;;;;;
401.20784616470337,25.43,25.07,25.00,24.56,-0.00,141,25.00,138.32459783554077;;;;;;;
401.86856055259705,25.43,25.12,25.00,24.58,-0.00,141,25.00,138.32459783554077;;;;;;;
402.2188515663147,25.45,25.12,25.00,24.58,-0.00,141,25.00,138.32459783554077;;;;;;;
402.7783131599426,25.43,25.12,25.00,24.56,-0.00,141,25.00,138.32459783554077;;;;;;;
403.2285237312317,25.43,25.12,25.00,24.56,-0.00,141,25.00,138.32459783554077;;;;;;;
403.8962664604187,25.43,25.07,25.00,24.53,-0.00,141,25.00,138.32459783554077;;;;;;;
404.2406392097473,25.45,25.12,25.00,24.56,-0.00,141,25.00,138.32459783554077;;;;;;;
404.80204820632935,25.49,25.16,25.00,24.56,-0.00,141,25.00,138.32459783554077;;;;;;;
405.2522406578064,25.49,25.16,25.01,24.58,-0.00,141,25.00,138.32459783554077;;;;;;;
405.9149794578552,25.45,25.16,25.01,24.56,-0.01,141,25.00,138.32459783554077;;;;;;;
406.2619438171387,25.51,25.20,25.01,24.58,-0.01,141,25.00,138.32459783554077;;;;;;;
406.8247754573822,25.53,25.20,25.01,24.56,-0.01,141,25.00,138.32459783554077;;;;;;;
407.2736611366272,25.53,25.18,25.01,24.51,-0.01,141,25.00,138.32459783554077;;;;;;;
407.94356870651245,25.57,25.24,25.01,24.58,-0.01,141,25.00,138.32459783554077;;;;;;;
408.2858934402466,25.59,25.26,25.02,24.58,-0.01,141,25.00,138.32459783554077;;;;;;;
408.83807134628296,25.64,25.26,25.02,24.58,-0.01,141,25.00,138.32459783554077;;;;;;;
409.2968215942383,25.64,25.28,25.02,24.58,-0.01,141,25.00,138.32459783554077;;;;;;;
409.96542286872864,25.68,25.30,25.03,24.58,-0.02,140,25.00,138.32459783554077;;;;;;;
410.30736231803894,25.66,25.32,25.03,24.58,-0.02,140,25.00,138.32459783554077;;;;;;;
410.8626263141632,25.68,25.37,25.03,24.60,-0.02,140,25.00,138.32459783554077;;;;;;;
411.3178164958954,25.72,25.37,25.04,24.60,-0.02,140,25.00,138.32459783554077;;;;;;;
411.97779631614685,25.72,25.37,25.04,24.58,-0.04,140,25.00,138.32459783554077;;;;;;;
412.32991003990173,25.72,25.43,25.05,24.60,-0.04,140,25.00,138.32459783554077;;;;;;;
412.8915479183197,25.76,25.41,25.05,24.60,-0.04,140,25.00,138.32459783554077;;;;;;;
413.34141302108765,25.76,25.41,25.06,24.58,-0.04,140,25.00,;;;;;;;
414.00691413879395,25.82,25.43,25.06,24.60,-0.06,140,25.00,;;;;;;;
414.35273480415344,25.82,25.47,25.07,24.62,-0.06,140,25.00,;;;;;;;
414.9039375782013,25.82,25.45,25.07,24.58,-0.06,140,25.00,;;;;;;;
415.36418175697327,25.85,25.49,25.08,24.62,-0.06,140,25.00,;;;;;;;
416.03931951522827,25.85,25.49,25.09,24.62,-0.08,139,25.00,;;;;;;;
416.3744912147522,25.87,25.51,25.09,24.62,-0.08,139,25.00,;;;;;;;
416.93107199668884,25.89,25.51,25.10,24.60,-0.08,139,25.00,;;;;;;;
417.38479495048523,25.91,25.55,25.10,24.64,-0.08,139,25.00,;;;;;;;
418.0465853214264,25.95,25.55,25.11,24.64,-0.10,139,25.00,;;;;;;;
418.39576721191406,25.93,25.57,25.12,24.64,-0.10,139,25.00,;;;;;;;
418.95474004745483,25.97,25.57,25.13,24.64,-0.10,139,25.00,;;;;;;;
419.4069330692291,25.99,25.57,25.13,24.66,-0.10,139,25.00,;;;;;;;
420.0762155056,25.99,25.59,25.14,24.66,-0.13,138,25.00,;;;;;;;
420.41809940338135,26.01,25.62,25.15,24.66,-0.13,138,25.00,;;;;;;;
420.9846215248108,25.97,25.66,25.15,24.66,-0.13,138,25.00,;;;;;;;
421.42994141578674,26.05,25.66,25.16,24.68,-0.13,138,25.00,;;;;;;;
422.10585284233093,26.05,25.66,25.17,24.68,-0.16,138,25.00,;;;;;;;
422.4399347305298,26.05,25.66,25.18,24.66,-0.16,138,25.00,;;;;;;;
422.99805188179016,26.10,25.70,25.18,24.70,-0.16,138,25.00,;;;;;;;
423.45304560661316,26.10,25.68,25.19,24.68,-0.16,138,25.00,;;;;;;;
424.1332414150238,26.12,25.70,25.20,24.70,-0.19,137,25.00,;;;;;;;
424.46280169487,26.10,25.72,25.20,24.72,-0.19,137,25.00,;;;;;;;
425.0234377384186,26.14,25.74,25.21,24.74,-0.19,137,25.00,;;;;;;;
425.4744668006897,26.14,25.76,25.22,24.72,-0.19,137,25.00,;;;;;;;
426.14354062080383,26.12,25.76,25.23,24.74,-0.22,136,25.00,;;;;;;;
426.4864270687103,26.16,25.78,25.24,24.74,-0.22,136,25.00,;;;;;;;
427.0395269393921,26.14,25.76,25.24,24.72,-0.22,136,25.00,;;;;;;;
427.4973192214966,26.16,25.80,25.25,24.76,-0.22,136,25.00,;;;;;;;
428.16788625717163,26.16,25.78,25.26,24.74,-0.25,136,25.00,;;;;;;;
428.50745463371277,26.16,25.82,25.27,24.78,-0.25,136,25.00,;;;;;;;
429.06401896476746,26.18,25.82,25.28,24.78,-0.25,136,25.00,;;;;;;;
429.51945543289185,26.20,25.87,25.28,24.83,-0.25,136,25.00,;;;;;;;
430.18403124809265,26.18,25.87,25.29,24.83,-0.28,135,25.00,;;;;;;;
430.5304973125458,26.18,25.87,25.30,24.80,-0.28,135,25.00,;;;;;;;
431.0933690071106,26.20,25.91,25.31,24.85,-0.28,135,25.00,;;;;;;;
431.5423743724823,26.22,25.91,25.32,24.87,-0.28,135,25.00,;;;;;;;
432.216876745224,26.20,25.87,25.33,24.83,-0.32,134,25.00,;;;;;;;
432.5526211261749,26.22,25.93,25.33,24.87,-0.32,134,25.00,;;;;;;;
433.09321784973145,26.22,25.95,25.34,24.89,-0.32,134,25.00,;;;;;;;
433.5637810230255,26.24,25.97,25.35,24.89,-0.32,134,25.00,;;;;;;;
434.227468252182,26.24,25.95,25.36,24.89,-0.35,133,25.00,;;;;;;;
434.57436418533325,26.18,25.93,25.37,24.85,-0.35,133,25.00,;;;;;;;
435.1386811733246,26.22,25.97,25.38,24.91,-0.35,133,25.00,;;;;;;;
435.5860023498535,26.22,25.99,25.39,24.93,-0.35,133,25.00,;;;;;;;
436.25634694099426,26.22,25.99,25.39,24.93,-0.39,133,25.00,;;;;;;;
436.59724521636963,26.22,25.99,25.40,24.91,-0.39,133,25.00,;;;;;;;
437.15367698669434,26.24,26.01,25.41,24.93,-0.39,133,25.00,;;;;;;;
437.60758686065674,26.22,26.03,25.42,24.97,-0.39,133,25.00,;;;;;;;
438.2884819507599,26.22,26.01,25.43,24.93,-0.42,132,25.00,;;;;;;;
438.6228940486908,26.22,26.03,25.43,24.97,-0.42,132,25.00,;;;;;;;
439.1853015422821,26.24,26.05,25.44,24.95,-0.42,132,25.00,;;;;;;;
439.62960743904114,26.24,26.08,25.45,24.99,-0.42,132,25.00,;;;;;;;
440.3066346645355,26.22,26.05,25.46,24.95,-0.45,131,25.00,;;;;;;;
440.64059567451477,26.22,26.08,25.47,24.97,-0.45,131,25.00,;;;;;;;
441.19707894325256,26.22,26.08,25.48,25.01,-0.45,131,25.00,;;;;;;;
441.6515941619873,26.20,26.08,25.48,24.97,-0.45,131,25.00,;;;;;;;
442.3296682834625,26.22,26.10,25.49,25.01,-0.48,130,25.00,;;;;;;;
442.6641731262207,26.24,26.12,25.50,25.03,-0.48,130,25.00,;;;;;;;
443.22429871559143,26.26,26.12,25.51,25.03,-0.48,130,25.00,;;;;;;;
443.6741199493408,26.22,26.12,25.51,25.05,-0.48,130,25.00,;;;;;;;
444.34493684768677,26.18,26.08,25.52,25.03,-0.51,130,25.00,;;;;;;;
444.68512439727783,26.22,26.12,25.53,25.05,-0.51,130,25.00,;;;;;;;
445.2362163066864,26.20,26.14,25.54,25.07,-0.51,130,25.00,;;;;;;;
445.697425365448,26.20,26.16,25.54,25.10,-0.51,130,25.00,;;;;;;;
446.37238240242004,26.22,26.16,25.55,25.10,-0.54,129,25.00,;;;;;;;
446.709187746048,26.22,26.18,25.56,25.12,-0.54,129,25.00,;;;;;;;
447.267201423645,26.20,26.18,25.56,25.12,-0.54,129,25.00,;;;;;;;
447.71949338912964,26.16,26.12,25.57,25.14,-0.54,129,25.00,;;;;;;;
448.39024543762207,26.22,26.16,25.58,25.12,-0.57,128,25.00,;;;;;;;
448.73004961013794,26.20,26.18,25.58,25.12,-0.57,128,25.00,;;;;;;;
449.28282022476196,26.16,26.14,25.59,25.10,-0.57,128,25.00,;;;;;;;
449.7415614128113,26.20,26.20,25.60,25.16,-0.57,128,25.00,;;;;;;;
450.4171199798584,26.18,26.20,25.60,25.16,-0.60,128,25.00,;;;;;;;
450.7519152164459,26.20,26.22,25.61,25.16,-0.60,128,25.00,;;;;;;;
451.3122310638428,26.18,26.22,25.62,25.18,-0.60,128,25.00,;;;;;;;
451.76400542259216,26.16,26.18,25.62,25.14,-0.60,128,25.00,;;;;;;;
452.430064201355,26.16,26.20,25.63,25.16,-0.62,127,25.00,;;;;;;;
452.77491426467896,26.14,26.20,25.64,25.14,-0.62,127,25.00,;;;;;;;
453.3411612510681,26.16,26.24,25.64,25.22,-0.62,127,25.00,;;;;;;;
453.78811025619507,26.16,26.24,25.65,25.22,-0.62,127,25.00,;;;;;;;
454.45782351493835,26.16,26.24,25.65,25.22,-0.65,126,25.00,;;;;;;;
454.79764223098755,26.14,26.26,25.66,25.24,-0.65,126,25.00,;;;;;;;
455.35381603240967,26.16,26.26,25.67,25.22,-0.65,126,25.00,;;;;;;;
455.80774879455566,26.14,26.28,25.67,25.26,-0.65,126,25.00,;;;;;;;
456.4669086933136,26.14,26.28,25.68,25.26,-0.67,126,25.00,;;;;;;;
456.81967639923096,26.14,26.28,25.69,25.26,-0.67,126,25.00,;;;;;;;
457.38328433036804,26.14,26.28,25.69,25.26,-0.67,126,25.00,;;;;;;;
457.8308982849121,26.12,26.28,25.70,25.28,-0.67,126,25.00,;;;;;;;
458.49926018714905,26.10,26.31,25.70,25.30,-0.70,125,25.00,;;;;;;;
458.84171772003174,26.10,26.31,25.71,25.30,-0.70,125,25.00,;;;;;;;
459.38151383399963,26.03,26.31,25.71,25.28,-0.70,125,25.00,;;;;;;;
459.8529779911041,26.08,26.31,25.72,25.30,-0.70,125,25.00,;;;;;;;
460.5279383659363,26.05,26.28,25.73,25.30,-0.72,124,25.00,;;;;;;;
460.86607360839844,26.05,26.31,25.73,25.30,-0.72,124,25.00,;;;;;;;
461.42410111427307,26.08,26.33,25.73,25.32,-0.72,124,25.00,;;;;;;;
461.8751633167267,26.05,26.31,25.74,25.32,-0.72,124,25.00,;;;;;;;
462.54135608673096,26.01,26.28,25.74,25.34,-0.74,124,25.00,;;;;;;;
462.88650369644165,25.99,26.28,25.75,25.34,-0.74,124,25.00,;;;;;;;
463.4477014541626,26.01,26.35,25.75,25.34,-0.74,124,25.00,;;;;;;;
463.898384809494,26.03,26.33,25.76,25.34,-0.74,124,25.00,;;;;;;;
464.5683124065399,26.03,26.33,25.76,25.39,-0.76,123,25.00,;;;;;;;
464.9074606895447,26.03,26.35,25.77,25.39,-0.76,123,25.00,;;;;;;;
465.4623153209686,26.01,26.33,25.77,25.37,-0.76,123,25.00,;;;;;;;
465.9197881221771,25.99,26.33,25.78,25.37,-0.76,123,25.00,;;;;;;;
466.59638810157776,25.99,26.33,25.78,25.34,-0.78,122,25.00,;;;;;;;
466.92923498153687,25.99,26.35,25.78,25.37,-0.78,122,25.00,;;;;;;;
467.48708987236023,25.97,26.37,25.79,25.41,-0.78,122,25.00,;;;;;;;
467.94200801849365,25.95,26.35,25.79,25.41,-0.78,122,25.00,;;;;;;;
468.60708928108215,25.97,26.37,25.80,25.43,-0.79,122,25.00,;;;;;;;
468.9524595737457,25.93,26.35,25.80,25.41,-0.79,122,25.00,;;;;;;;
469.5219216346741,25.95,26.37,25.80,25.43,-0.79,122,25.00,;;;;;;;
469.9637897014618,25.93,26.37,25.81,25.43,-0.79,122,25.00,;;;;;;;
470.6362192630768,25.93,26.37,25.81,25.45,-0.81,121,25.00,;;;;;;;
470.974711894989,25.95,26.39,25.81,25.47,-0.81,121,25.00,;;;;;;;
471.5341970920563,25.93,26.39,25.82,25.45,-0.81,121,25.00,;;;;;;;
471.98633575439453,25.87,26.41,25.82,25.47,-0.81,121,25.00,;;;;;;;
472.64971351623535,25.91,26.37,25.83,25.47,-0.82,121,25.00,;;;;;;;
472.9977400302887,25.89,26.37,25.83,25.45,-0.82,121,25.00,;;;;;;;
473.56062412261963,25.89,26.37,25.83,25.43,-0.82,121,25.00,;;;;;;;
474.00841331481934,25.89,26.39,25.83,25.49,-0.82,121,25.00,;;;;;;;
474.6822383403778,25.87,26.37,25.84,25.47,-0.83,120,25.00,;;;;;;;
475.0203649997711,25.87,26.37,25.84,25.47,-0.83,120,25.00,;;;;;;;
475.5725791454315,25.89,26.41,25.84,25.49,-0.83,120,25.00,;;;;;;;
476.0311369895935,25.82,26.35,25.85,25.43,-0.83,120,25.00,;;;;;;;
476.6639108657837,25.85,26.39,25.85,25.49,-0.85,120,25.00,;;;;;;;
477.0421874523163,25.78,26.41,25.85,25.49,-0.85,120,25.00,;;;;;;;
477.60044980049133,25.85,26.39,25.85,25.49,-0.85,120,25.00,;;;;;;;
478.053329706192,25.82,26.41,25.86,25.51,-0.85,120,25.00,;;;;;;;
478.7196707725525,25.80,26.39,25.86,25.51,-0.86,119,25.00,;;;;;;;
479.0644693374634,25.78,26.35,25.86,25.47,-0.86,119,25.00,;;;;;;;
479.6292746067047,25.80,26.39,25.86,25.51,-0.86,119,25.00,;;;;;;;
480.0750036239624,25.80,26.39,25.86,25.53,-0.86,119,25.00,;;;;;;;
480.74056243896484,25.78,26.37,25.87,25.49,-0.86,119,25.00,;;;;;;;
481.08684825897217,25.76,26.39,25.87,25.53,-0.86,119,25.00,;;;;;;;
481.6494619846344,25.76,26.39,25.87,25.53,-0.86,119,25.00,;;;;;;;
482.1000306606293,25.76,26.41,25.87,25.53,-0.86,119,25.00,;;;;;;;
482.76915669441223,25.70,26.39,25.87,25.55,-0.87,119,25.00,;;;;;;;
483.10733008384705,25.72,26.41,25.87,25.55,-0.87,119,25.00,;;;;;;;
483.6613550186157,25.72,26.39,25.88,25.55,-0.87,119,25.00,;;;;;;;
484.1197202205658,25.70,26.39,25.88,25.55,-0.87,119,25.00,;;;;;;;
484.7983469963074,25.72,26.39,25.88,25.55,-0.88,118,25.00,;;;;;;;
485.1350724697113,25.72,26.41,25.88,25.57,-0.88,118,25.00,;;;;;;;
485.68862223625183,25.70,26.41,25.88,25.57,-0.88,118,25.00,;;;;;;;
486.1406817436218,25.70,26.39,25.88,25.53,-0.88,118,25.00,;;;;;;;
486.80661153793335,25.70,26.39,25.88,25.57,-0.88,118,25.00,;;;;;;;
487.1526596546173,25.68,26.41,25.89,25.59,-0.88,118,25.00,;;;;;;;
487.70301127433777,25.66,26.41,25.89,25.57,-0.88,118,25.00,;;;;;;;
488.16525864601135,25.64,26.39,25.89,25.59,-0.88,118,25.00,;;;;;;;
488.83503437042236,25.66,26.39,25.89,25.57,-0.89,117,25.00,;;;;;;;
489.1749646663666,25.68,26.43,25.89,25.62,-0.89,117,25.00,;;;;;;;
489.73092699050903,25.59,26.35,25.89,25.57,-0.89,117,25.00,;;;;;;;
490.1851534843445,25.66,26.43,25.89,25.62,-0.89,117,25.00,;;;;;;;
490.8477327823639,25.66,26.41,25.89,25.62,-0.89,117,25.00,;;;;;;;
491.1969895362854,25.62,26.41,25.89,25.59,-0.89,117,25.00,;;;;;;;
491.7461040019989,25.64,26.41,25.89,25.59,-0.89,117,25.00,;;;;;;;
492.20877480506897,25.64,26.43,25.89,25.62,-0.89,117,25.00,;;;;;;;
492.8773398399353,25.59,26.39,25.90,25.59,-0.89,117,25.00,;;;;;;;
493.2203049659729,25.59,26.41,25.90,25.59,-0.89,117,25.00,;;;;;;;
493.78308391571045,25.59,26.41,25.90,25.59,-0.89,117,25.00,;;;;;;;
494.2301015853882,25.55,26.39,25.90,25.59,-0.89,117,25.00,;;;;;;;
494.9043200016022,25.57,26.41,25.90,25.62,-0.90,116,25.00,;;;;;;;
495.2414572238922,25.57,26.41,25.90,25.62,-0.90,116,25.00,;;;;;;;
495.80083417892456,25.57,26.41,25.90,25.64,-0.90,116,25.00,;;;;;;;
496.25350427627563,25.55,26.41,25.90,25.62,-0.90,116,25.00,;;;;;;;
496.8809802532196,25.51,26.41,25.90,25.62,-0.90,116,25.00,;;;;;;;
497.2649624347687,25.49,26.35,25.90,25.59,-0.90,116,25.00,;;;;;;;
497.8281545639038,25.51,26.39,25.90,25.64,-0.90,116,25.00,;;;;;;;
498.2767024040222,25.53,26.41,25.90,25.64,-0.90,116,25.00,;;;;;;;
498.94493889808655,25.49,26.39,25.90,25.64,-0.90,116,25.00,;;;;;;;
499.2865197658539,25.51,26.39,25.90,25.64,-0.90,116,25.00,;;;;;;;
499.8438584804535,25.51,26.39,25.90,25.64,-0.90,116,25.00,;;;;;;;
500.29655146598816,25.47,26.39,25.90,25.64,-0.90,116,25.00,;;;;;;;
500.959347486496,25.49,26.37,25.90,25.62,-0.90,115,25.00,;;;;;;;
501.30898547172546,25.47,26.39,25.90,25.64,-0.90,115,25.00,;;;;;;;
501.8746750354767,25.47,26.39,25.89,25.64,-0.90,115,25.00,;;;;;;;
502.32245659828186,25.47,26.39,25.89,25.64,-0.90,115,25.00,;;;;;;;
502.9917027950287,25.41,26.35,25.89,25.66,-0.89,115,25.00,;;;;;;;
503.33003759384155,25.47,26.39,25.89,25.66,-0.89,115,25.00,;;;;;;;
503.8888056278229,25.45,26.39,25.89,25.64,-0.89,115,25.00,;;;;;;;
504.3405725955963,25.45,26.39,25.89,25.66,-0.89,115,25.00,;;;;;;;
505.007461309433,25.45,26.39,25.89,25.66,-0.89,115,25.00,;;;;;;;
505.3529939651489,25.43,26.39,25.89,25.66,-0.89,115,25.00,;;;;;;;
505.903445482254,25.41,26.37,25.89,25.64,-0.89,115,25.00,;;;;;;;
506.36455821990967,25.41,26.39,25.89,25.68,-0.89,115,25.00,;;;;;;;
507.033739566803,25.39,26.37,25.89,25.68,-0.89,115,25.00,;;;;;;;
507.37533497810364,25.39,26.37,25.89,25.66,-0.89,115,25.00,;;;;;;;
507.93243169784546,25.39,26.37,25.89,25.66,-0.89,115,25.00,;;;;;;;
508.38704681396484,25.34,26.37,25.89,25.68,-0.89,115,25.00,;;;;;;;
509.0485146045685,25.34,26.35,25.88,25.64,-0.89,115,25.00,;;;;;;;
509.39709997177124,25.34,26.37,25.88,25.64,-0.89,115,25.00,;;;;;;;
509.9621584415436,25.34,26.37,25.88,25.64,-0.89,115,25.00,;;;;;;;
510.40965962409973,25.34,26.37,25.88,25.66,-0.89,115,25.00,;;;;;;;
511.07779479026794,25.34,26.35,25.88,25.66,-0.88,114,25.00,;;;;;;;
511.4204545021057,25.32,26.35,25.88,25.64,-0.88,114,25.00,;;;;;;;
511.96127343177795,25.32,26.35,25.88,25.66,-0.88,114,25.00,;;;;;;;
512.4305057525635,25.37,26.35,25.88,25.64,-0.88,114,25.00,;;;;;;;
513.0952248573303,25.34,26.35,25.87,25.66,-0.88,114,25.00,;;;;;;;
513.4417901039124,25.32,26.37,25.87,25.66,-0.88,114,25.00,;;;;;;;
514.0040171146393,25.32,26.35,25.87,25.64,-0.88,114,25.00,;;;;;;;
514.4541130065918,25.30,26.35,25.87,25.68,-0.88,114,25.00,;;;;;;;
515.1245529651642,25.32,26.33,25.87,25.66,-0.87,114,25.00,;;;;;;;
515.4637699127197,25.26,26.28,25.87,25.68,-0.87,114,25.00,;;;;;;;
516.023754119873,25.30,26.35,25.86,25.66,-0.87,114,25.00,;;;;;;;
516.4758682250977,25.30,26.33,25.86,25.66,-0.87,114,25.00,;;;;;;;
517.1575062274933,25.30,26.33,25.86,25.66,-0.86,114,25.00,;;;;;;;
517.4922299385071,25.30,26.33,25.86,25.68,-0.86,114,25.00,;;;;;;;
518.0483031272888,25.24,26.28,25.86,25.62,-0.86,114,25.00,;;;;;;;
518.4964444637299,25.26,26.33,25.85,25.66,-0.86,114,25.00,;;;;;;;
519.1725373268127,25.26,26.33,25.85,25.68,-0.85,114,25.00,;;;;;;;
519.5091745853424,25.26,26.33,25.85,25.66,-0.85,114,25.00,;;;;;;;
520.0609033107758,25.26,26.33,25.85,25.68,-0.85,114,25.00,;;;;;;;
520.5202753543854,25.24,26.31,25.85,25.64,-0.85,114,25.00,;;;;;;;
521.1832299232483,25.26,26.31,25.85,25.68,-0.85,114,25.00,;;;;;;;
521.5312707424164,25.24,26.33,25.84,25.68,-0.85,114,25.00,;;;;;;;
522.0954291820526,25.24,26.31,25.84,25.68,-0.85,114,25.00,;;;;;;;
522.5433940887451,25.22,26.31,25.84,25.68,-0.85,114,25.00,;;;;;;;
523.2160201072693,25.22,26.31,25.84,25.68,-0.84,113,25.00,;;;;;;;
523.5530061721802,25.20,26.28,25.84,25.66,-0.84,113,25.00,;;;;;;;
524.1082301139832,25.22,26.24,25.83,25.66,-0.84,113,25.00,;;;;;;;
524.5644884109497,25.20,26.26,25.83,25.64,-0.84,113,25.00,;;;;;;;
525.1936235427856,25.22,26.28,25.83,25.66,-0.83,113,25.00,;;;;;;;
525.5760035514832,25.22,26.31,25.83,25.68,-0.83,113,25.00,;;;;;;;
526.1379959583282,25.20,26.28,25.82,25.68,-0.83,113,25.00,;;;;;;;
526.5863769054413,25.18,26.26,25.82,25.68,-0.83,113,25.00,;;;;;;;
527.258584022522,25.18,26.28,25.82,25.66,-0.82,113,25.00,;;;;;;;
527.5965929031372,25.18,26.28,25.82,25.64,-0.82,113,25.00,;;;;;;;
528.1521253585815,25.12,26.24,25.81,25.68,-0.82,113,25.00,;;;;;;;
528.6074070930481,25.16,26.28,25.81,25.64,-0.82,113,25.00,;;;;;;;
529.2696466445923,25.16,26.28,25.81,25.64,-0.81,113,25.00,;;;;;;;
529.6196794509888,25.14,26.24,25.81,25.59,-0.81,113,25.00,;;;;;;;
530.1786057949066,25.16,26.26,25.81,25.64,-0.81,113,25.00,;;;;;;;
530.6298897266388,25.16,26.28,25.80,25.64,-0.81,113,25.00,;;;;;;;
531.2999086380005,25.12,26.26,25.80,25.64,-0.80,113,25.00,;;;;;;;
531.6421370506287,25.14,26.24,25.80,25.62,-0.80,113,25.00,;;;;;;;
532.209356546402,25.14,26.24,25.80,25.62,-0.80,113,25.00,;;;;;;;
532.6541249752045,25.12,26.24,25.79,25.64,-0.80,113,25.00,;;;;;;;
533.3286941051483,25.12,26.24,25.79,25.62,-0.79,113,25.00,;;;;;;;
533.6636824607849,25.10,26.22,25.79,25.59,-0.79,113,25.00,;;;;;;;
534.221873998642,25.14,26.24,25.79,25.62,-0.79,113,25.00,;;;;;;;
534.6750383377075,25.12,26.24,25.78,25.62,-0.79,113,25.00,;;;;;;;
535.3429145812988,25.10,26.22,25.78,25.57,-0.78,113,25.00,;;;;;;;
535.687310218811,25.10,26.24,25.78,25.62,-0.78,113,25.00,;;;;;;;
536.2508928775787,25.10,26.20,25.78,25.57,-0.78,113,25.00,;;;;;;;
536.6991701126099,25.12,26.22,25.77,25.59,-0.78,113,25.00,;;;;;;;
537.3703186511993,25.10,26.22,25.77,25.59,-0.77,113,25.00,;;;;;;;
537.7085063457489,25.10,26.22,25.77,25.59,-0.77,113,25.00,;;;;;;;
538.2665474414825,25.10,26.22,25.76,25.59,-0.77,113,25.00,;;;;;;;
538.7205326557159,25.07,26.20,25.76,25.57,-0.77,113,25.00,;;;;;;;
539.381668806076,25.07,26.20,25.76,25.59,-0.76,113,25.00,;;;;;;;
539.7315499782562,25.07,26.20,25.76,25.59,-0.76,113,25.00,;;;;;;;
540.298216342926,25.07,26.22,25.75,25.62,-0.76,113,25.00,;;;;;;;
540.7428324222565,25.10,26.22,25.75,25.62,-0.76,113,25.00,;;;;;;;
541.4128692150116,25.05,26.18,25.75,25.59,-0.75,113,25.00,;;;;;;;
541.7538013458252,25.05,26.20,25.75,25.57,-0.75,113,25.00,;;;;;;;
542.3061299324036,25.05,26.18,25.74,25.55,-0.75,113,25.00,;;;;;;;
542.7649219036102,25.05,26.20,25.74,25.57,-0.75,113,25.00,;;;;;;;
543.3922460079193,25.05,26.20,25.74,25.59,-0.74,113,25.00,;;;;;;;
543.7763912677765,25.05,26.18,25.74,25.57,-0.74,113,25.00,;;;;;;;
544.3374347686768,25.05,26.20,25.73,25.59,-0.74,113,25.00,;;;;;;;
544.7873289585114,25.03,26.16,25.73,25.55,-0.74,113,25.00,;;;;;;;
545.45361328125,25.01,26.18,25.73,25.59,-0.73,113,25.00,;;;;;;;
545.7979609966278,24.97,26.16,25.73,25.59,-0.73,113,25.00,;;;;;;;
546.3539617061615,24.99,26.18,25.72,25.57,-0.73,113,25.00,;;;;;;;
546.8082931041718,24.99,26.16,25.72,25.57,-0.73,113,25.00,;;;;;;;
547.4843308925629,24.99,26.12,25.72,25.51,-0.72,113,25.00,;;;;;;;
547.8214168548584,25.01,26.18,25.71,25.57,-0.72,113,25.00,;;;;;;;
548.378659248352,25.03,26.18,25.71,25.55,-0.72,113,25.00,;;;;;;;
548.8306896686554,24.97,26.12,25.71,25.55,-0.72,113,25.00,;;;;;;;
549.4985432624817,24.99,26.16,25.71,25.57,-0.71,112,25.00,;;;;;;;
549.8412380218506,24.97,26.14,25.70,25.55,-0.71,112,25.00,;;;;;;;
550.4063386917114,24.97,26.16,25.70,25.57,-0.71,112,25.00,;;;;;;;
550.8567986488342,24.99,26.16,25.70,25.55,-0.71,112,25.00,;;;;;;;
551.5245656967163,24.97,26.12,25.69,25.51,-0.70,112,25.00,;;;;;;;
551.8641579151154,24.99,26.16,25.69,25.55,-0.70,112,25.00,;;;;;;;
552.4236767292023,24.99,26.16,25.69,25.55,-0.70,112,25.00,;;;;;;;
552.8757708072662,24.97,26.16,25.69,25.55,-0.70,112,25.00,;;;;;;;
553.5063319206238,24.93,26.10,25.68,25.55,-0.69,112,25.00,;;;;;;;
553.8868961334229,24.97,26.14,25.68,25.53,-0.69,112,25.00,;;;;;;;
554.448278427124,24.97,26.14,25.68,25.53,-0.69,112,25.00,;;;;;;;
554.8966698646545,24.99,26.14,25.68,25.55,-0.69,112,25.00,;;;;;;;
555.5673987865448,24.91,26.14,25.67,25.51,-0.68,112,25.00,;;;;;;;
555.9084610939026,24.95,26.12,25.67,25.49,-0.68,112,25.00,;;;;;;;
556.4649913311005,24.91,26.08,25.67,25.49,-0.68,112,25.00,;;;;;;;
556.9204304218292,24.95,26.12,25.66,25.51,-0.68,112,25.00,;;;;;;;
557.5971436500549,24.95,26.12,25.66,25.53,-0.66,112,25.00,;;;;;;;
557.9332888126373,24.95,26.12,25.66,25.49,-0.66,112,25.00,;;;;;;;
558.4885506629944,24.93,26.12,25.66,25.51,-0.66,112,25.00,;;;;;;;
558.9428150653839,24.93,26.10,25.65,25.49,-0.66,112,25.00,;;;;;;;
559.6095769405365,24.93,26.10,25.65,25.51,-0.65,112,25.00,;;;;;;;
559.9536044597626,24.91,26.08,25.65,25.49,-0.65,112,25.00,;;;;;;;
560.51806473732,24.93,26.10,25.65,25.51,-0.65,112,25.00,;;;;;;;
560.9681766033173,24.93,26.10,25.64,25.51,-0.65,112,25.00,;;;;;;;
561.6386868953705,24.91,26.10,25.64,25.49,-0.64,112,25.00,;;;;;;;
561.9754784107208,24.91,26.10,25.64,25.51,-0.64,112,25.00,;;;;;;;
562.532146692276,24.89,26.12,25.64,25.49,-0.64,112,25.00,;;;;;;;
562.9860663414001,24.91,26.08,25.63,25.47,-0.64,112,25.00,;;;;;;;
563.6688234806061,24.87,26.03,25.63,25.51,-0.63,112,25.00,;;;;;;;
564.0012607574463,24.89,26.08,25.63,25.49,-0.63,112,25.00,;;;;;;;
564.561625957489,24.89,26.10,25.62,25.49,-0.63,112,25.00,;;;;;;;
565.0091187953949,24.89,26.10,25.62,25.49,-0.63,112,25.00,;;;;;;;
565.6811413764954,24.89,26.08,25.62,25.49,-0.62,112,25.00,;;;;;;;
566.0203778743744,24.83,26.05,25.62,25.47,-0.62,112,25.00,;;;;;;;
566.5717985630035,24.87,26.08,25.61,25.47,-0.62,112,25.00,;;;;;;;
567.0317671298981,24.87,26.08,25.61,25.49,-0.62,112,25.00,;;;;;;;
567.7084271907806,24.87,26.08,25.61,25.47,-0.61,112,25.00,;;;;;;;
568.0411269664764,24.83,26.08,25.61,25.49,-0.61,112,25.00,;;;;;;;
568.6006097793579,24.87,26.03,25.60,25.43,-0.61,112,25.00,;;;;;;;
569.0532319545746,24.85,26.01,25.60,25.45,-0.61,112,25.00,;;;;;;;
569.7201547622681,24.85,26.05,25.60,25.47,-0.60,112,25.00,;;;;;;;
570.0652678012848,24.85,26.05,25.60,25.45,-0.60,112,25.00,;;;;;;;
570.6315524578094,24.87,26.05,25.59,25.47,-0.60,112,25.00,;;;;;;;
571.0781390666962,24.80,25.99,25.59,25.47,-0.60,112,25.00,;;;;;;;
571.7478370666504,24.85,26.01,25.59,25.45,-0.59,112,25.00,;;;;;;;
572.0874185562134,24.85,26.05,25.58,25.47,-0.59,112,25.00,;;;;;;;
572.6406493186951,24.85,26.05,25.58,25.45,-0.59,112,25.00,;;;;;;;
573.0976114273071,24.85,26.03,25.58,25.47,-0.59,112,25.00,;;;;;;;
573.7706859111786,24.83,25.99,25.58,25.43,-0.58,112,25.00,;;;;;;;
574.1095266342163,24.80,26.03,25.57,25.45,-0.58,112,25.00,;;;;;;;
574.6668329238892,24.80,26.03,25.57,25.45,-0.58,112,25.00,;;;;;;;
575.120911359787,24.83,26.03,25.57,25.43,-0.58,112,25.00,;;;;;;;
575.7520685195923,24.78,25.97,25.57,25.47,-0.57,112,25.00,;;;;;;;
576.1310164928436,24.83,26.03,25.56,25.45,-0.57,112,25.00,;;;;;;;
576.6924498081207,24.85,26.03,25.56,25.45,-0.57,112,25.00,;;;;;;;
577.1460416316986,24.78,25.99,25.56,25.39,-0.57,112,25.00,;;;;;;;
577.8177976608276,24.80,25.99,25.56,25.43,-0.56,112,25.00,;;;;;;;
578.1542041301727,24.83,26.03,25.55,25.45,-0.56,112,25.00,;;;;;;;
578.6919233798981,24.83,26.03,25.55,25.45,-0.56,112,25.00,;;;;;;;
579.1648054122925,24.83,26.01,25.55,25.45,-0.56,112,25.00,;;;;;;;
579.7949764728546,24.78,25.97,25.55,25.39,-0.55,112,25.00,;;;;;;;
580.1762647628784,24.80,26.01,25.54,25.41,-0.55,112,25.00,;;;;;;;
580.7405822277069,24.80,25.99,25.54,25.41,-0.55,112,25.00,;;;;;;;
581.190737247467,24.78,25.99,25.54,25.39,-0.55,112,25.00,;;;;;;;
581.8560881614685,24.80,25.99,25.54,25.41,-0.54,112,25.00,;;;;;;;
582.1975026130676,24.80,25.99,25.53,25.41,-0.54,112,25.00,;;;;;;;
582.7551255226135,24.80,25.99,25.53,25.43,-0.54,112,25.00,;;;;;;;
583.2097375392914,24.80,25.99,25.53,25.41,-0.54,112,25.00,;;;;;;;
583.8867008686066,24.80,25.99,25.53,25.41,-0.53,112,25.00,;;;;;;;
584.2201166152954,24.78,25.97,25.52,25.41,-0.53,112,25.00,;;;;;;;
584.7796311378479,24.78,25.97,25.52,25.41,-0.53,112,25.00,;;;;;;;
585.2314414978027,24.78,25.99,25.52,25.43,-0.53,112,25.00,;;;;;;;
585.9059007167816,24.74,25.93,25.52,25.37,-0.52,112,25.00,;;;;;;;
586.2416627407074,24.80,25.99,25.51,25.41,-0.52,112,25.00,;;;;;;;
586.7969346046448,24.78,25.97,25.51,25.39,-0.52,112,25.00,;;;;;;;
587.2531716823578,24.76,25.93,25.51,25.34,-0.52,112,25.00,;;;;;;;
587.9236788749695,24.78,25.97,25.51,25.41,-0.51,112,25.00,;;;;;;;
588.2646324634552,24.74,25.93,25.50,25.34,-0.51,112,25.00,;;;;;;;
588.8241965770721,24.76,25.97,25.50,25.39,-0.51,112,25.00,;;;;;;;
589.275297164917,24.78,25.95,25.50,25.39,-0.51,112,25.00,;;;;;;;
589.9397857189178,24.76,25.95,25.50,25.39,-0.50,112,25.00,;;;;;;;
590.2861952781677,24.72,25.97,25.49,25.41,-0.50,112,25.00,;;;;;;;
590.847825050354,24.72,25.91,25.49,25.41,-0.50,112,25.00,;;;;;;;
591.296626329422,24.72,25.91,25.49,25.34,-0.50,112,25.00,;;;;;;;
591.9638776779175,24.76,25.95,25.49,25.39,-0.49,112,25.00,;;;;;;;
592.3092157840729,24.74,25.95,25.48,25.37,-0.49,112,25.00,;;;;;;;
592.8730173110962,24.72,25.91,25.48,25.37,-0.49,112,25.00,;;;;;;;
593.3208568096161,24.74,25.95,25.48,25.37,-0.49,112,25.00,;;;;;;;
593.9892373085022,24.74,25.93,25.48,25.39,-0.48,112,25.00,;;;;;;;
594.331356048584,24.70,25.91,25.47,25.32,-0.48,112,25.00,;;;;;;;
594.8864593505859,24.74,25.95,25.47,25.39,-0.48,112,25.00,;;;;;;;
595.3412773609161,24.72,25.93,25.47,25.37,-0.48,112,25.00,;;;;;;;
595.9969592094421,24.74,25.93,25.47,25.37,-0.47,112,25.00,;;;;;;;
596.3542075157166,24.72,25.91,25.46,25.34,-0.47,112,25.00,;;;;;;;
596.9133968353271,24.70,25.89,25.46,25.34,-0.47,112,25.00,;;;;;;;
597.3640606403351,24.72,25.91,25.46,25.37,-0.47,112,25.00,;;;;;;;
598.035882472992,24.72,25.89,25.46,25.37,-0.46,112,25.00,;;;;;;;
598.3752250671387,24.72,25.93,25.45,25.37,-0.46,112,25.00,;;;;;;;
598.929582118988,24.70,25.89,25.45,25.32,-0.46,112,25.00,;;;;;;;
599.3859665393829,24.72,25.89,25.45,25.34,-0.46,112,25.00,;;;;;;;
600.058845281601,24.68,25.87,25.45,25.34,-0.45,112,25.00,;;;;;;;
600.3984847068787,24.72,25.91,25.44,25.34,-0.45,112,25.00,;;;;;;;
600.9556205272675,24.72,25.89,25.44,25.32,-0.45,112,25.00,;;;;;;;
601.4093873500824,24.70,25.87,25.44,25.30,-0.45,112,25.00,;;;;;;;
602.0780799388885,24.70,25.85,25.44,25.28,-0.44,112,25.00,;;;;;;;
602.4209258556366,24.68,25.82,25.43,25.26,-0.44,112,25.00,;;;;;;;
602.9869632720947,24.72,25.89,25.43,25.32,-0.44,112,25.00,;;;;;;;
603.4319598674774,24.72,25.85,25.43,25.28,-0.44,112,25.00,;;;;;;;
604.1065607070923,24.68,25.82,25.42,25.26,-0.43,113,25.00,;;;;;;;
604.4442937374115,24.70,25.85,25.42,25.28,-0.43,113,25.00,;;;;;;;
605.0059518814087,24.70,25.82,25.42,25.28,-0.43,113,25.00,;;;;;;;
605.454113483429,24.70,25.85,25.42,25.28,-0.43,113,25.00,;;;;;;;
606.118161201477,24.70,25.82,25.41,25.24,-0.42,113,25.00,;;;;;;;
606.465204000473,24.72,25.85,25.41,25.28,-0.42,113,25.00,;;;;;;;
607.01495885849,24.72,25.85,25.41,25.26,-0.42,113,25.00,;;;;;;;
607.476734161377,24.70,25.80,25.40,25.28,-0.42,113,25.00,;;;;;;;
608.1523735523224,24.70,25.82,25.40,25.26,-0.40,113,25.00,;;;;;;;
608.4865033626556,24.70,25.82,25.40,25.24,-0.40,113,25.00,;;;;;;;
609.0466384887695,24.72,25.82,25.40,25.26,-0.40,113,25.00,;;;;;;;
609.4983322620392,24.70,25.82,25.39,25.26,-0.40,113,25.00,;;;;;;;
610.166782617569,24.74,25.82,25.39,25.24,-0.39,113,25.00,;;;;;;;
610.5087904930115,24.74,25.82,25.39,25.24,-0.39,113,25.00,;;;;;;;
611.0747330188751,24.72,25.82,25.39,25.22,-0.39,113,25.00,;;;;;;;
611.5196485519409,24.72,25.78,25.38,25.20,-0.39,113,25.00,;;;;;;;
612.1916246414185,24.74,25.82,25.38,25.24,-0.38,113,25.00,;;;;;;;
612.5323734283447,24.72,25.80,25.38,25.22,-0.38,113,25.00,;;;;;;;
613.0851957798004,24.72,25.80,25.38,25.24,-0.38,113,25.00,;;;;;;;
613.5430290699005,24.72,25.80,25.37,25.22,-0.38,113,25.00,;;;;;;;
614.220358133316,24.72,25.80,25.37,25.22,-0.37,113,25.00,;;;;;;;
614.5549066066742,24.72,25.78,25.37,25.20,-0.37,113,25.00,;;;;;;;
615.1129102706909,24.74,25.80,25.37,25.22,-0.37,113,25.00,;;;;;;;
615.5643618106842,24.72,25.82,25.36,25.22,-0.37,113,25.00,;;;;;;;
616.2316474914551,24.72,25.78,25.36,25.18,-0.36,113,25.00,;;;;;;;
616.5761041641235,24.70,25.80,25.36,25.20,-0.36,113,25.00,;;;;;;;
617.1417255401611,24.72,25.80,25.36,25.20,-0.36,113,25.00,;;;;;;;
617.5881261825562,24.72,25.80,25.36,25.22,-0.36,113,25.00,;;;;;;;
618.2629046440125,24.70,25.78,25.35,25.20,-0.36,113,25.00,;;;;;;;
618.5988390445709,24.74,25.80,25.35,25.20,-0.36,113,25.00,;;;;;;;
619.1574094295502,24.70,25.80,25.35,25.20,-0.36,113,25.00,;;;;;;;
619.6099982261658,24.66,25.78,25.35,25.20,-0.36,113,25.00,;;;;;;;
620.2771782875061,24.68,25.80,25.35,25.20,-0.35,113,25.00,;;;;;;;
620.6199705600739,24.72,25.80,25.34,25.20,-0.35,113,25.00,;;;;;;;
621.1671252250671,24.72,25.80,25.34,25.22,-0.35,113,25.00,;;;;;;;
621.6306850910187,24.72,25.78,25.34,25.20,-0.35,113,25.00,;;;;;;;
622.3022241592407,24.72,25.78,25.34,25.20,-0.34,113,25.00,621.6306850910187;;;;;;;
622.6421895027161,24.72,25.78,25.34,25.20,-0.34,113,25.00,621.6306850910187;;;;;;;
623.1998500823975,24.68,25.80,25.34,25.18,-0.34,113,25.00,621.6306850910187;;;;;;;
623.6534700393677,24.74,25.80,25.33,25.20,-0.34,113,25.00,621.6306850910187;;;;;;;
624.302129983902,24.70,25.78,25.33,25.20,-0.33,113,25.00,621.6306850910187;;;;;;;
624.6635415554047,24.72,25.80,25.33,25.18,-0.33,113,25.00,621.6306850910187;;;;;;;
625.2297673225403,24.72,25.80,25.33,25.20,-0.33,113,25.00,621.6306850910187;;;;;;;
625.6771566867828,24.70,25.76,25.33,25.16,-0.33,113,25.00,621.6306850910187;;;;;;;
626.3440279960632,24.68,25.76,25.33,25.18,-0.33,113,25.00,621.6306850910187;;;;;;;
626.6862797737122,24.68,25.78,25.33,25.18,-0.33,113,25.00,621.6306850910187;;;;;;;
627.236221075058,24.70,25.78,25.32,25.18,-0.33,113,25.00,621.6306850910187;;;;;;;
627.6969273090363,24.68,25.76,25.32,25.16,-0.33,113,25.00,621.6306850910187;;;;;;;
628.3721206188202,24.68,25.76,25.32,25.16,-0.32,113,25.00,621.6306850910187;;;;;;;
628.7105402946472,24.70,25.76,25.32,25.16,-0.32,113,25.00,621.6306850910187;;;;;;;
629.271252155304,24.68,25.76,25.32,25.16,-0.32,113,25.00,621.6306850910187;;;;;;;
629.7197260856628,24.68,25.74,25.31,25.14,-0.32,113,25.00,621.6306850910187;;;;;;;
630.3862776756287,24.68,25.76,25.31,25.14,-0.31,113,25.00,621.6306850910187;;;;;;;
630.7323188781738,24.68,25.74,25.31,25.14,-0.31,113,25.00,621.6306850910187;;;;;;;
631.2976818084717,24.68,25.72,25.31,25.12,-0.31,113,25.00,621.6306850910187;;;;;;;
631.7449173927307,24.70,25.76,25.31,25.16,-0.31,113,25.00,621.6306850910187;;;;;;;
632.4179208278656,24.68,25.74,25.31,25.16,-0.31,113,25.00,621.6306850910187;;;;;;;
632.7532193660736,24.68,25.74,25.30,25.16,-0.31,113,25.00,621.6306850910187;;;;;;;
633.2914574146271,24.68,25.74,25.30,25.14,-0.31,113,25.00,621.6306850910187;;;;;;;
633.7643837928772,24.68,25.74,25.30,25.14,-0.31,113,25.00,621.6306850910187;;;;;;;
634.439474105835,24.68,25.72,25.30,25.12,-0.30,113,25.00,621.6306850910187;;;;;;;
634.7758281230927,24.66,25.78,25.30,25.16,-0.30,113,25.00,621.6306850910187;;;;;;;
635.3247065544128,24.70,25.76,25.30,25.14,-0.30,113,25.00,621.6306850910187;;;;;;;
635.7866730690002,24.70,25.76,25.29,25.14,-0.30,113,25.00,621.6306850910187;;;;;;;
636.4625961780548,24.70,25.74,25.29,25.14,-0.29,113,25.00,621.6306850910187;;;;;;;
636.7999582290649,24.66,25.76,25.29,25.14,-0.29,113,25.00,621.6306850910187;;;;;;;
637.3603529930115,24.68,25.74,25.29,25.14,-0.29,113,25.00,621.6306850910187;;;;;;;
637.8089528083801,24.70,25.76,25.29,25.14,-0.29,113,25.00,621.6306850910187;;;;;;;
638.478080034256,24.66,25.74,25.29,25.14,-0.29,113,25.00,621.6306850910187;;;;;;;
638.8200359344482,24.68,25.74,25.29,25.14,-0.29,113,25.00,621.6306850910187;;;;;;;
639.3724966049194,24.70,25.76,25.29,25.14,-0.29,113,25.00,621.6306850910187;;;;;;;
639.8325252532959,24.66,25.74,25.28,25.12,-0.29,113,25.00,621.6306850910187;;;;;;;
640.5067863464355,24.68,25.76,25.28,25.14,-0.28,113,25.00,621.6306850910187;;;;;;;
640.8450846672058,24.68,25.76,25.28,25.14,-0.28,113,25.00,621.6306850910187;;;;;;;
641.3998465538025,24.68,25.74,25.28,25.12,-0.28,113,25.00,621.6306850910187;;;;;;;
641.8535101413727,24.66,25.70,25.28,25.16,-0.28,113,25.00,621.6306850910187;;;;;;;
642.5140726566315,24.68,25.76,25.28,25.14,-0.28,113,25.00,621.6306850910187;;;;;;;
642.8646230697632,24.68,25.74,25.28,25.14,-0.28,113,25.00,621.6306850910187;;;;;;;
643.4267375469208,24.64,25.74,25.28,25.14,-0.28,113,25.00,621.6306850910187;;;;;;;
643.8764412403107,24.64,25.74,25.28,25.14,-0.28,113,25.00,621.6306850910187;;;;;;;
644.5396647453308,24.68,25.76,25.27,25.16,-0.28,113,25.00,621.6306850910187;;;;;;;
644.8871839046478,24.66,25.76,25.27,25.16,-0.28,113,25.00,621.6306850910187;;;;;;;
645.4582917690277,24.66,25.74,25.27,25.12,-0.28,113,25.00,621.6306850910187;;;;;;;
645.9018666744232,24.64,25.74,25.27,25.14,-0.28,113,25.00,621.6306850910187;;;;;;;
646.5745079517365,24.62,25.74,25.27,25.14,-0.27,113,25.00,621.6306850910187;;;;;;;
646.9085423946381,24.62,25.70,25.27,25.10,-0.27,113,25.00,621.6306850910187;;;;;;;
647.456059217453,24.64,25.72,25.27,25.14,-0.27,113,25.00,621.6306850910187;;;;;;;
647.9193830490112,24.66,25.76,25.27,25.16,-0.27,113,25.00,621.6306850910187;;;;;;;
648.5872659683228,24.66,25.74,25.27,25.14,-0.27,113,25.00,621.6306850910187;;;;;;;
648.9324629306793,24.66,25.74,25.27,25.14,-0.27,113,25.00,621.6306850910187;;;;;;;
649.5001282691956,24.66,25.74,25.26,25.14,-0.27,113,25.00,621.6306850910187;;;;;;;
649.9469652175903,24.66,25.74,25.26,25.16,-0.27,113,25.00,621.6306850910187;;;;;;;
650.619765996933,24.68,25.74,25.26,25.16,-0.26,113,25.00,621.6306850910187;;;;;;;
650.9524846076965,24.66,25.72,25.26,25.12,-0.26,113,25.00,621.6306850910187;;;;;;;
651.5166811943054,24.66,25.74,25.26,25.14,-0.26,113,25.00,621.6306850910187;;;;;;;
651.9646525382996,24.68,25.74,25.26,25.14,-0.26,113,25.00,621.6306850910187;;;;;;;
652.6345825195312,24.62,25.68,25.26,25.10,-0.26,113,25.00,621.6306850910187;;;;;;;
652.9759709835052,24.66,25.72,25.26,25.14,-0.26,113,25.00,621.6306850910187;;;;;;;
653.5292861461639,24.64,25.72,25.26,25.12,-0.26,113,25.00,621.6306850910187;;;;;;;
653.9865436553955,24.66,25.72,25.26,25.12,-0.26,113,25.00,621.6306850910187;;;;;;;
654.6634547710419,24.68,25.72,25.25,25.12,-0.26,113,25.00,621.6306850910187;;;;;;;
655.0002341270447,24.66,25.74,25.25,25.12,-0.26,113,25.00,621.6306850910187;;;;;;;
655.559552192688,24.66,25.72,25.25,25.12,-0.26,113,25.00,621.6306850910187;;;;;;;
656.0089812278748,24.66,25.70,25.25,25.10,-0.26,113,25.00,621.6306850910187;;;;;;;
656.677588224411,24.64,25.70,25.25,25.10,-0.25,113,25.00,621.6306850910187;;;;;;;
657.0212771892548,24.66,25.72,25.25,25.12,-0.25,113,25.00,621.6306850910187;;;;;;;
657.5804147720337,24.66,25.72,25.25,25.12,-0.25,113,25.00,621.6306850910187;;;;;;;
658.0322813987732,24.66,25.72,25.25,25.10,-0.25,113,25.00,621.6306850910187;;;;;;;
658.6974358558655,24.68,25.70,25.25,25.10,-0.25,113,25.00,621.6306850910187;;;;;;;
659.0438046455383,24.68,25.72,25.25,25.10,-0.25,113,25.00,621.6306850910187;;;;;;;
659.6088974475861,24.68,25.72,25.24,25.10,-0.25,113,25.00,621.6306850910187;;;;;;;
660.0555372238159,24.64,25.68,25.24,25.07,-0.25,113,25.00,621.6306850910187;;;;;;;
660.7280163764954,24.68,25.72,25.24,25.12,-0.24,113,25.00,621.6306850910187;;;;;;;
661.0657510757446,24.62,25.66,25.24,25.12,-0.24,113,25.00,621.6306850910187;;;;;;;
661.6181523799896,24.66,25.70,25.24,25.10,-0.24,113,25.00,621.6306850910187;;;;;;;
662.0768353939056,24.64,25.70,25.24,25.10,-0.24,113,25.00,621.6306850910187;;;;;;;
662.7066316604614,24.64,25.68,25.24,25.07,-0.24,113,25.00,621.6306850910187;;;;;;;
663.0882475376129,24.66,25.70,25.24,25.10,-0.24,113,25.00,621.6306850910187;;;;;;;
663.6500163078308,24.66,25.72,25.24,25.10,-0.24,113,25.00,621.6306850910187;;;;;;;
664.098331451416,24.64,25.70,25.23,25.10,-0.24,113,25.00,621.6306850910187;;;;;;;
664.7659726142883,24.62,25.66,25.23,25.05,-0.23,113,25.00,621.6306850910187;;;;;;;
665.1089112758636,24.62,25.66,25.23,25.05,-0.23,113,25.00,621.6306850910187;;;;;;;
665.6578752994537,24.64,25.68,25.23,25.10,-0.23,113,25.00,621.6306850910187;;;;;;;
666.1195781230927,24.66,25.70,25.23,25.10,-0.23,113,25.00,621.6306850910187;;;;;;;
666.7881071567535,24.64,25.70,25.23,25.07,-0.23,113,25.00,621.6306850910187;;;;;;;
667.1321766376495,24.66,25.70,25.23,25.10,-0.23,113,25.00,621.6306850910187;;;;;;;
667.6861016750336,24.62,25.66,25.23,25.03,-0.23,113,25.00,621.6306850910187;;;;;;;
668.1423826217651,24.62,25.68,25.23,25.07,-0.23,113,25.00,621.6306850910187;;;;;;;
668.8034641742706,24.64,25.70,25.22,25.10,-0.23,113,25.00,621.6306850910187;;;;;;;
669.1527743339539,24.62,25.70,25.22,25.10,-0.23,113,25.00,621.6306850910187;;;;;;;
669.7118933200836,24.66,25.70,25.22,25.10,-0.23,113,25.00,621.6306850910187;;;;;;;
670.1649792194366,24.66,25.70,25.22,25.10,-0.23,113,25.00,621.6306850910187;;;;;;;
670.824700832367,24.64,25.68,25.22,25.07,-0.22,113,25.00,621.6306850910187;;;;;;;
671.177197933197,24.64,25.68,25.22,25.07,-0.22,113,25.00,621.6306850910187;;;;;;;
671.7373554706573,24.64,25.70,25.22,25.07,-0.22,113,25.00,621.6306850910187;;;;;;;
672.1861650943756,24.62,25.68,25.22,25.07,-0.22,113,25.00,621.6306850910187;;;;;;;
672.8566296100616,24.64,25.68,25.22,25.07,-0.22,113,25.00,621.6306850910187;;;;;;;
673.1980934143066,24.66,25.70,25.22,25.10,-0.22,113,25.00,621.6306850910187;;;;;;;
673.7557640075684,24.66,25.68,25.22,25.07,-0.22,113,25.00,621.6306850910187;;;;;;;
674.2102234363556,24.66,25.68,25.22,25.07,-0.22,113,25.00,621.6306850910187;;;;;;;
674.8835566043854,24.66,25.70,25.22,25.10,-0.22,113,25.00,621.6306850910187;;;;;;;
675.2211499214172,24.62,25.68,25.22,25.07,-0.22,113,25.00,621.6306850910187;;;;;;;
675.779087305069,24.64,25.68,25.21,25.10,-0.22,113,25.00,621.6306850910187;;;;;;;
676.2320206165314,24.64,25.68,25.21,25.07,-0.22,113,25.00,621.6306850910187;;;;;;;
676.9014735221863,24.64,25.68,25.21,25.07,-0.21,113,25.00,621.6306850910187;;;;;;;
677.2431223392487,24.64,25.70,25.21,25.10,-0.21,113,25.00,621.6306850910187;;;;;;;
677.794890165329,24.64,25.70,25.21,25.07,-0.21,113,25.00,621.6306850910187;;;;;;;
678.2543666362762,24.62,25.68,25.21,25.07,-0.21,113,25.00,621.6306850910187;;;;;;;
678.923553943634,24.64,25.68,25.21,25.07,-0.21,113,25.00,621.6306850910187;;;;;;;
679.266028881073,24.60,25.64,25.21,25.03,-0.21,113,25.00,621.6306850910187;;;;;;;
679.8047416210175,24.60,25.64,25.21,25.07,-0.21,113,25.00,621.6306850910187;;;;;;;
680.2770326137543,24.66,25.68,25.21,25.07,-0.21,113,25.00,621.6306850910187;;;;;;;
680.907858133316,24.60,25.68,25.21,25.07,-0.21,113,25.00,621.6306850910187;;;;;;;
681.2869477272034,24.62,25.68,25.21,25.07,-0.21,113,25.00,621.6306850910187;;;;;;;
681.85245013237,24.62,25.70,25.20,25.07,-0.21,113,25.00,621.6306850910187;;;;;;;
682.297933101654,24.62,25.68,25.20,25.05,-0.21,113,25.00,621.6306850910187;;;;;;;
682.9668009281158,24.62,25.68,25.20,25.07,-0.20,113,25.00,621.6306850910187;;;;;;;
683.3094964027405,24.62,25.70,25.20,25.07,-0.20,113,25.00,621.6306850910187;;;;;;;
683.8601796627045,24.64,25.68,25.20,25.07,-0.20,113,25.00,621.6306850910187;;;;;;;
684.3212652206421,24.64,25.70,25.20,25.07,-0.20,113,25.00,621.6306850910187;;;;;;;
684.9935910701752,24.62,25.70,25.20,25.07,-0.20,113,25.00,621.6306850910187;;;;;;;
685.3318371772766,24.62,25.70,25.20,25.07,-0.20,113,25.00,621.6306850910187;;;;;;;
685.8878810405731,24.56,25.64,25.20,25.07,-0.20,113,25.00,621.6306850910187;;;;;;;
686.3426859378815,24.60,25.70,25.20,25.07,-0.20,113,25.00,621.6306850910187;;;;;;;
687.0158269405365,24.60,25.66,25.20,25.05,-0.20,113,25.00,621.6306850910187;;;;;;;
687.353137254715,24.64,25.68,25.20,25.05,-0.20,113,25.00,621.6306850910187;;;;;;;
687.9106464385986,24.62,25.68,25.20,25.07,-0.20,113,25.00,621.6306850910187;;;;;;;
688.3641533851624,24.62,25.68,25.20,25.05,-0.20,113,25.00,621.6306850910187;;;;;;;
689.0247375965118,24.62,25.68,25.20,25.07,-0.20,113,25.00,621.6306850910187;;;;;;;
689.3768475055695,24.62,25.68,25.20,25.05,-0.20,113,25.00,621.6306850910187;;;;;;;
689.9299621582031,24.60,25.64,25.20,25.03,-0.20,113,25.00,621.6306850910187;;;;;;;
690.3864619731903,24.62,25.68,25.20,25.07,-0.20,113,25.00,621.6306850910187;;;;;;;
691.0585677623749,24.62,25.66,25.20,25.05,-0.20,113,25.00,621.6306850910187;;;;;;;
691.3976197242737,24.62,25.66,25.20,25.05,-0.20,113,25.00,621.6306850910187;;;;;;;
691.9531652927399,24.60,25.66,25.19,25.05,-0.20,113,25.00,621.6306850910187;;;;;;;
692.4085426330566,24.58,25.62,25.19,24.99,-0.20,113,25.00,621.6306850910187;;;;;;;
693.0686745643616,24.62,25.66,25.19,25.03,-0.19,113,25.00,621.6306850910187;;;;;;;
693.4195818901062,24.60,25.64,25.19,25.01,-0.19,113,25.00,621.6306850910187;;;;;;;
693.9756274223328,24.62,25.68,25.19,25.05,-0.19,113,25.00,621.6306850910187;;;;;;;
694.43088555336,24.60,25.64,25.19,25.01,-0.19,113,25.00,621.6306850910187;;;;;;;
695.0895645618439,24.60,25.62,25.19,24.99,-0.19,113,25.00,621.6306850910187;;;;;;;
695.4422130584717,24.58,25.62,25.19,25.05,-0.19,113,25.00,621.6306850910187;;;;;;;
695.9935095310211,24.62,25.66,25.19,25.03,-0.19,113,25.00,621.6306850910187;;;;;;;
696.4530463218689,24.58,25.64,25.19,25.05,-0.19,113,25.00,621.6306850910187;;;;;;;
697.1203165054321,24.60,25.64,25.18,25.01,-0.19,113,25.00,621.6306850910187;;;;;;;
697.4652206897736,24.58,25.62,25.18,25.03,-0.19,113,25.00,621.6306850910187;;;;;;;
698.027631521225,24.64,25.68,25.18,25.05,-0.19,113,25.00,621.6306850910187;;;;;;;
698.4755165576935,24.62,25.66,25.18,25.05,-0.19,113,25.00,621.6306850910187;;;;;;;
699.1387581825256,24.60,25.66,25.18,25.05,-0.18,113,25.00,621.6306850910187;;;;;;;
699.4863083362579,24.60,25.64,25.18,25.01,-0.18,113,25.00,621.6306850910187;;;;;;;
700.0506060123444,24.60,25.66,25.18,25.05,-0.18,113,25.00,621.6306850910187;;;;;;;
700.4981498718262,24.62,25.66,25.18,25.03,-0.18,113,25.00,621.6306850910187;;;;;;;
701.1597616672516,24.60,25.66,25.18,25.03,-0.18,113,25.00,621.6306850910187;;;;;;;
701.5086402893066,24.62,25.66,25.18,25.05,-0.18,113,25.00,621.6306850910187;;;;;;;
702.0657954216003,24.62,25.66,25.18,25.05,-0.18,113,25.00,621.6306850910187;;;;;;;
702.5198831558228,24.58,25.62,25.18,24.99,-0.18,113,25.00,621.6306850910187;;;;;;;
703.1821060180664,24.62,25.66,25.18,25.03,-0.18,113,25.00,621.6306850910187;;;;;;;
703.5313358306885,24.60,25.64,25.18,25.03,-0.18,113,25.00,621.6306850910187;;;;;;;
704.0861699581146,24.60,25.66,25.18,25.03,-0.18,113,25.00,621.6306850910187;;;;;;;
704.5431046485901,24.60,25.64,25.18,25.01,-0.18,113,25.00,621.6306850910187;;;;;;;
705.2179622650146,24.60,25.66,25.18,25.03,-0.18,113,25.00,621.6306850910187;;;;;;;
705.5528883934021,24.60,25.59,25.17,25.03,-0.18,113,25.00,621.6306850910187;;;;;;;
706.1070175170898,24.60,25.64,25.17,25.03,-0.18,113,25.00,621.6306850910187;;;;;;;
706.5644674301147,24.60,25.62,25.17,25.01,-0.18,113,25.00,621.6306850910187;;;;;;;
707.241348028183,24.56,25.66,25.17,25.01,-0.17,113,25.00,621.6306850910187;;;;;;;
707.5756642818451,24.60,25.62,25.17,25.01,-0.17,113,25.00,621.6306850910187;;;;;;;
708.1276664733887,24.56,25.64,25.17,25.03,-0.17,113,25.00,621.6306850910187;;;;;;;
708.5874304771423,24.60,25.64,25.17,25.03,-0.17,113,25.00,621.6306850910187;;;;;;;
709.2571506500244,24.58,25.59,25.17,25.01,-0.17,113,25.00,621.6306850910187;;;;;;;
709.5978074073792,24.60,25.64,25.17,25.03,-0.17,113,25.00,621.6306850910187;;;;;;;
710.1485106945038,24.56,25.59,25.17,25.01,-0.17,113,25.00,621.6306850910187;;;;;;;
710.6099722385406,24.60,25.64,25.17,25.03,-0.17,113,25.00,621.6306850910187;;;;;;;
711.2786655426025,24.58,25.64,25.17,25.05,-0.17,113,25.00,621.6306850910187;;;;;;;
711.6208369731903,24.58,25.64,25.16,25.03,-0.17,113,25.00,621.6306850910187;;;;;;;
712.1737530231476,24.60,25.66,25.16,25.03,-0.17,113,25.00,621.6306850910187;;;;;;;
712.6314208507538,24.62,25.64,25.16,25.01,-0.17,113,25.00,621.6306850910187;;;;;;;
713.2886536121368,24.58,25.62,25.16,24.99,-0.16,113,25.00,621.6306850910187;;;;;;;
713.6420316696167,24.58,25.64,25.16,25.01,-0.16,113,25.00,621.6306850910187;;;;;;;
714.1962692737579,24.53,25.59,25.16,24.99,-0.16,113,25.00,621.6306850910187;;;;;;;
714.6533336639404,24.58,25.64,25.16,25.03,-0.16,113,25.00,621.6306850910187;;;;;;;
715.3265748023987,24.53,25.64,25.16,25.01,-0.16,113,25.00,621.6306850910187;;;;;;;
715.6644625663757,24.56,25.62,25.16,25.01,-0.16,113,25.00,621.6306850910187;;;;;;;
716.2166996002197,24.60,25.64,25.16,25.03,-0.16,113,25.00,621.6306850910187;;;;;;;
716.6760461330414,24.58,25.62,25.16,24.99,-0.16,113,25.00,621.6306850910187;;;;;;;
717.3498435020447,24.58,25.64,25.16,25.01,-0.16,113,25.00,621.6306850910187;;;;;;;
717.6865193843842,24.56,25.62,25.16,25.01,-0.16,113,25.00,621.6306850910187;;;;;;;
718.2277913093567,24.58,25.64,25.16,25.03,-0.16,113,25.00,621.6306850910187;;;;;;;
718.6989085674286,24.60,25.66,25.16,25.03,-0.16,113,25.00,621.6306850910187;;;;;;;
719.3703773021698,24.56,25.64,25.16,25.01,-0.16,113,25.00,621.6306850910187;;;;;;;
719.7095222473145,24.58,25.64,25.16,25.01,-0.16,113,25.00,621.6306850910187;;;;;;;
720.2662560939789,24.58,25.64,25.16,25.03,-0.16,113,25.00,621.6306850910187;;;;;;;
720.7215914726257,24.56,25.59,25.16,24.97,-0.16,113,25.00,621.6306850910187;;;;;;;
721.3516073226929,24.60,25.64,25.16,25.01,-0.16,113,25.00,621.6306850910187;;;;;;;
721.7328872680664,24.60,25.66,25.16,25.03,-0.16,113,25.00,621.6306850910187;;;;;;;
722.2950699329376,24.60,25.66,25.16,25.03,-0.16,113,25.00,621.6306850910187;;;;;;;
722.744377374649,24.56,25.59,25.16,25.03,-0.16,113,25.00,621.6306850910187;;;;;;;
723.4167804718018,24.58,25.64,25.15,25.01,-0.16,113,25.00,621.6306850910187;;;;;;;
723.754958152771,24.58,25.64,25.15,25.01,-0.16,113,25.00,621.6306850910187;;;;;;;
724.3011944293976,24.58,25.64,25.15,25.01,-0.16,113,25.00,621.6306850910187;;;;;;;
724.7656364440918,24.58,25.64,25.15,25.03,-0.16,113,25.00,621.6306850910187;;;;;;;
725.4334347248077,24.56,25.64,25.15,25.01,-0.15,112,25.00,621.6306850910187;;;;;;;
725.7771377563477,24.60,25.64,25.15,25.03,-0.15,112,25.00,621.6306850910187;;;;;;;
726.3322720527649,24.60,25.64,25.15,25.03,-0.15,112,25.00,621.6306850910187;;;;;;;
726.7886061668396,24.53,25.62,25.15,24.99,-0.15,112,25.00,621.6306850910187;;;;;;;
727.4191293716431,24.58,25.62,25.15,25.01,-0.15,112,25.00,621.6306850910187;;;;;;;
727.7995755672455,24.58,25.64,25.15,25.01,-0.15,112,25.00,621.6306850910187;;;;;;;
728.3614635467529,24.60,25.64,25.15,24.99,-0.15,112,25.00,621.6306850910187;;;;;;;
728.8106548786163,24.60,25.64,25.15,25.03,-0.15,112,25.00,621.6306850910187;;;;;;;
729.4791474342346,24.56,25.62,25.15,25.01,-0.15,112,25.00,621.6306850910187;;;;;;;
729.8214058876038,24.53,25.59,25.15,25.01,-0.15,112,25.00,621.6306850910187;;;;;;;
730.3838884830475,24.56,25.62,25.15,24.99,-0.15,112,25.00,621.6306850910187;;;;;;;
730.8311448097229,24.51,25.62,25.15,25.01,-0.15,112,25.00,621.6306850910187;;;;;;;
731.5059065818787,24.56,25.62,25.15,25.03,-0.15,112,25.00,621.6306850910187;;;;;;;
731.8435482978821,24.56,25.62,25.15,25.01,-0.15,112,25.00,621.6306850910187;;;;;;;
732.4020555019379,24.56,25.62,25.15,25.01,-0.15,112,25.00,621.6306850910187;;;;;;;
732.8534967899323,24.56,25.62,25.15,25.01,-0.15,112,25.00,621.6306850910187;;;;;;;
733.5210089683533,24.53,25.59,25.15,24.99,-0.15,112,25.00,621.6306850910187;;;;;;;
733.8660743236542,24.53,25.62,25.15,25.01,-0.15,112,25.00,621.6306850910187;;;;;;;
734.4270117282867,24.53,25.62,25.15,25.01,-0.15,112,25.00,621.6306850910187;;;;;;;
734.8769841194153,24.53,25.62,25.14,25.01,-0.15,112,25.00,621.6306850910187;;;;;;;
735.544683933258,24.56,25.62,25.14,25.01,-0.14,112,25.00,621.6306850910187;;;;;;;
735.8874473571777,24.53,25.62,25.14,25.01,-0.14,112,25.00,621.6306850910187;;;;;;;
736.4421572685242,24.53,25.62,25.14,25.01,-0.14,112,25.00,621.6306850910187;;;;;;;
736.8993866443634,24.53,25.62,25.14,25.01,-0.14,112,25.00,621.6306850910187;;;;;;;
737.5309734344482,24.56,25.62,25.14,25.01,-0.14,112,25.00,621.6306850910187;;;;;;;
737.9102642536163,24.53,25.59,25.14,25.03,-0.14,112,25.00,621.6306850910187;;;;;;;
738.4728064537048,24.53,25.62,25.14,25.03,-0.14,112,25.00,621.6306850910187;;;;;;;
738.9212119579315,24.53,25.62,25.14,25.03,-0.14,112,25.00,621.6306850910187;;;;;;;
739.5937640666962,24.51,25.59,25.14,25.01,-0.14,112,25.00,621.6306850910187;;;;;;;
739.9324200153351,24.49,25.62,25.14,25.01,-0.14,112,25.00,621.6306850910187;;;;;;;
740.4895529747009,24.51,25.59,25.14,25.01,-0.14,112,25.00,621.6306850910187;;;;;;;
740.9426658153534,24.51,25.62,25.14,25.01,-0.14,112,25.00,621.6306850910187;;;;;;;
741.6038661003113,24.51,25.59,25.14,25.01,-0.14,112,25.00,621.6306850910187;;;;;;;
741.9540164470673,24.49,25.59,25.14,24.99,-0.14,112,25.00,621.6306850910187;;;;;;;
742.5171520709991,24.49,25.62,25.14,25.01,-0.14,112,25.00,621.6306850910187;;;;;;;
742.9663183689117,24.51,25.62,25.14,25.01,-0.14,112,25.00,621.6306850910187;;;;;;;
743.6344172954559,24.47,25.62,25.14,25.01,-0.14,112,25.00,621.6306850910187;;;;;;;
743.9767472743988,24.51,25.62,25.14,24.99,-0.14,112,25.00,621.6306850910187;;;;;;;
744.5301089286804,24.51,25.62,25.14,24.99,-0.14,112,25.00,621.6306850910187;;;;;;;
744.9887554645538,24.49,25.62,25.14,25.01,-0.14,112,25.00,621.6306850910187;;;;;;;
745.66406083107,24.49,25.62,25.14,25.01,-0.14,112,25.00,621.6306850910187;;;;;;;
746.0005793571472,24.51,25.64,25.13,25.01,-0.14,112,25.00,621.6306850910187;;;;;;;
746.5561895370483,24.51,25.62,25.13,25.03,-0.14,112,25.00,621.6306850910187;;;;;;;
747.0094065666199,24.49,25.62,25.13,25.01,-0.14,112,25.00,621.6306850910187;;;;;;;
747.6787512302399,24.49,25.62,25.13,25.01,-0.13,112,25.00,621.6306850910187;;;;;;;
748.0213363170624,24.47,25.59,25.13,24.97,-0.13,112,25.00,621.6306850910187;;;;;;;
748.5906705856323,24.49,25.62,25.13,24.99,-0.13,112,25.00,621.6306850910187;;;;;;;
749.0376167297363,24.49,25.62,25.13,25.01,-0.13,112,25.00,621.6306850910187;;;;;;;
749.7081182003021,24.47,25.62,25.13,24.99,-0.13,112,25.00,621.6306850910187;;;;;;;
750.0432920455933,24.51,25.62,25.13,25.01,-0.13,112,25.00,621.6306850910187;;;;;;;
750.6015191078186,24.51,25.62,25.13,24.99,-0.13,112,25.00,621.6306850910187;;;;;;;
751.0554008483887,24.47,25.59,25.13,24.99,-0.13,112,25.00,621.6306850910187;;;;;;;
751.7193872928619,24.47,25.59,25.13,25.01,-0.13,112,25.00,621.6306850910187;;;;;;;
752.066468000412,24.45,25.55,25.13,24.97,-0.13,112,25.00,621.6306850910187;;;;;;;
752.6329238414764,24.49,25.59,25.13,25.01,-0.13,112,25.00,621.6306850910187;;;;;;;
753.0785944461823,24.47,25.59,25.13,25.01,-0.13,112,25.00,621.6306850910187;;;;;;;
753.7434906959534,24.47,25.57,25.13,24.97,-0.13,112,25.00,621.6306850910187;;;;;;;
754.0868339538574,24.51,25.62,25.13,25.01,-0.13,112,25.00,621.6306850910187;;;;;;;
754.6476762294769,24.47,25.62,25.13,24.99,-0.13,112,25.00,621.6306850910187;;;;;;;
755.1001467704773,24.45,25.57,25.13,24.95,-0.13,112,25.00,621.6306850910187;;;;;;;
755.7698683738708,24.47,25.59,25.13,25.01,-0.13,112,25.00,621.6306850910187;;;;;;;
756.1096694469452,24.43,25.57,25.12,25.01,-0.13,112,25.00,621.6306850910187;;;;;;;
756.6581428050995,24.41,25.59,25.12,25.01,-0.13,112,25.00,621.6306850910187;;;;;;;
757.1199691295624,24.47,25.59,25.12,25.01,-0.13,112,25.00,621.6306850910187;;;;;;;
757.7917947769165,24.47,25.59,25.12,25.01,-0.12,112,25.00,621.6306850910187;;;;;;;
758.1323924064636,24.45,25.59,25.12,25.01,-0.12,112,25.00,621.6306850910187;;;;;;;
758.6864557266235,24.45,25.59,25.12,25.01,-0.12,112,25.00,621.6306850910187;;;;;;;
759.1426010131836,24.47,25.59,25.12,24.99,-0.12,112,25.00,621.6306850910187;;;;;;;
759.8190875053406,24.49,25.59,25.12,25.01,-0.12,112,25.00,621.6306850910187;;;;;;;
760.1553366184235,24.47,25.59,25.12,25.01,-0.12,112,25.00,621.6306850910187;;;;;;;
760.713641166687,24.47,25.59,25.12,25.01,-0.12,112,25.00,621.6306850910187;;;;;;;
761.1660883426666,24.47,25.59,25.12,25.01,-0.12,112,25.00,621.6306850910187;;;;;;;
761.8322696685791,24.47,25.59,25.12,24.99,-0.12,112,25.00,621.6306850910187;;;;;;;
762.1755907535553,24.45,25.59,25.12,24.99,-0.12,112,25.00,621.6306850910187;;;;;;;
762.727452993393,24.45,25.59,25.12,25.01,-0.12,112,25.00,621.6306850910187;;;;;;;
763.1889481544495,24.47,25.59,25.12,25.01,-0.12,112,25.00,621.6306850910187;;;;;;;
763.8615734577179,24.45,25.57,25.12,24.99,-0.12,112,25.00,621.6306850910187;;;;;;;
764.1989862918854,24.47,25.59,25.12,24.99,-0.12,112,25.00,621.6306850910187;;;;;;;
764.7413303852081,24.45,25.57,25.12,25.01,-0.12,112,25.00,621.6306850910187;;;;;;;
765.20982837677,24.45,25.59,25.11,25.01,-0.12,112,25.00,621.6306850910187;;;;;;;
765.8771648406982,24.45,25.57,25.11,24.99,-0.11,112,25.00,621.6306850910187;;;;;;;
766.2219774723053,24.43,25.57,25.11,24.99,-0.11,112,25.00,621.6306850910187;;;;;;;
766.7901606559753,24.45,25.57,25.11,24.99,-0.11,112,25.00,621.6306850910187;;;;;;;
767.2380573749542,24.47,25.59,25.11,25.01,-0.11,112,25.00,621.6306850910187;;;;;;;
767.9089725017548,24.43,25.57,25.11,24.97,-0.11,112,25.00,621.6306850910187;;;;;;;
768.2439382076263,24.41,25.53,25.11,24.99,-0.11,112,25.00,621.6306850910187;;;;;;;
768.8041648864746,24.43,25.57,25.11,24.97,-0.11,112,25.00,621.6306850910187;;;;;;;
769.2548136711121,24.45,25.57,25.11,24.99,-0.11,112,25.00,621.6306850910187;;;;;;;
769.9206178188324,24.45,25.57,25.11,24.99,-0.11,112,25.00,621.6306850910187;;;;;;;
770.2658922672272,24.41,25.55,25.11,24.99,-0.11,112,25.00,621.6306850910187;;;;;;;
770.8313505649567,24.45,25.57,25.11,24.97,-0.11,112,25.00,621.6306850910187;;;;;;;
771.2755417823792,24.47,25.59,25.11,24.99,-0.11,112,25.00,621.6306850910187;;;;;;;
771.9486012458801,24.43,25.55,25.10,24.97,-0.11,112,25.00,621.6306850910187;;;;;;;
772.2871999740601,24.43,25.55,25.10,24.97,-0.11,112,25.00,621.6306850910187;;;;;;;
772.8379426002502,24.43,25.55,25.10,24.99,-0.11,112,25.00,621.6306850910187;;;;;;;
773.3000221252441,24.43,25.55,25.10,24.97,-0.11,112,25.00,621.6306850910187;;;;;;;
773.9755074977875,24.45,25.55,25.10,24.97,-0.10,112,25.00,621.6306850910187;;;;;;;
774.3114318847656,24.45,25.55,25.10,24.99,-0.10,112,25.00,621.6306850910187;;;;;;;
774.869607925415,24.47,25.55,25.10,24.99,-0.10,112,25.00,621.6306850910187;;;;;;;
775.3201930522919,24.43,25.55,25.10,24.95,-0.10,112,25.00,621.6306850910187;;;;;;;
775.9785356521606,24.45,25.55,25.10,24.97,-0.10,112,25.00,621.6306850910187;;;;;;;
776.3326935768127,24.45,25.57,25.10,24.99,-0.10,112,25.00,621.6306850910187;;;;;;;
776.8939833641052,24.39,25.49,25.10,24.95,-0.10,112,25.00,621.6306850910187;;;;;;;
777.3430941104889,24.45,25.55,25.09,24.99,-0.10,112,25.00,621.6306850910187;;;;;;;
778.0072429180145,24.43,25.55,25.09,24.95,-0.09,112,25.00,621.6306850910187;;;;;;;
778.3548269271851,24.45,25.55,25.09,24.97,-0.09,112,25.00,621.6306850910187;;;;;;;
778.9178178310394,24.47,25.53,25.09,24.95,-0.09,112,25.00,621.6306850910187;;;;;;;
779.3664665222168,24.45,25.53,25.09,24.95,-0.09,112,25.00,621.6306850910187;;;;;;;
780.0379202365875,24.45,25.53,25.09,24.97,-0.09,113,25.00,621.6306850910187;;;;;;;
780.3770372867584,24.43,25.53,25.09,24.95,-0.09,113,25.00,621.6306850910187;;;;;;;
780.9297006130219,24.45,25.53,25.09,24.95,-0.09,113,25.00,621.6306850910187;;;;;;;
781.3890912532806,24.45,25.53,25.09,24.95,-0.09,113,25.00,621.6306850910187;;;;;;;
782.0664567947388,24.45,25.53,25.08,24.95,-0.09,113,25.00,621.6306850910187;;;;;;;
782.4022870063782,24.45,25.53,25.08,24.93,-0.09,113,25.00,621.6306850910187;;;;;;;
782.9611027240753,24.45,25.53,25.08,24.95,-0.09,113,25.00,621.6306850910187;;;;;;;
783.409205198288,24.45,25.51,25.08,24.93,-0.09,113,25.00,621.6306850910187;;;;;;;
784.0831091403961,24.47,25.53,25.08,24.95,-0.08,113,25.00,621.6306850910187;;;;;;;
784.4217545986176,24.47,25.51,25.08,24.93,-0.08,113,25.00,621.6306850910187;;;;;;;
784.9770607948303,24.47,25.53,25.08,24.95,-0.08,113,25.00,621.6306850910187;;;;;;;
785.4337389469147,24.45,25.49,25.08,24.91,-0.08,113,25.00,621.6306850910187;;;;;;;
786.0937461853027,24.47,25.49,25.08,24.91,-0.08,113,25.00,621.6306850910187;;;;;;;
786.443656206131,24.47,25.49,25.07,24.91,-0.08,113,25.00,621.6306850910187;;;;;;;
787.010933637619,24.45,25.51,25.07,24.93,-0.08,113,25.00,621.6306850910187;;;;;;;
787.4562089443207,24.49,25.53,25.07,24.95,-0.08,113,25.00,621.6306850910187;;;;;;;
788.1315686702728,24.47,25.51,25.07,24.93,-0.07,113,25.00,621.6306850910187;;;;;;;
788.4665687084198,24.47,25.53,25.07,24.93,-0.07,113,25.00,621.6306850910187;;;;;;;
789.0205998420715,24.47,25.53,25.07,24.93,-0.07,113,25.00,621.6306850910187;;;;;;;
789.4767782688141,24.45,25.51,25.07,24.89,-0.07,113,25.00,621.6306850910187;;;;;;;
790.1419501304626,24.49,25.53,25.07,24.95,-0.07,113,25.00,621.6306850910187;;;;;;;
790.4883525371552,24.47,25.51,25.07,24.95,-0.07,113,25.00,621.6306850910187;;;;;;;
791.0559597015381,24.45,25.49,25.07,24.89,-0.07,113,25.00,621.6306850910187;;;;;;;
791.5015978813171,24.47,25.53,25.07,24.93,-0.07,113,25.00,621.6306850910187;;;;;;;
792.1700923442841,24.47,25.51,25.07,24.93,-0.07,113,25.00,621.6306850910187;;;;;;;
792.5106017589569,24.49,25.51,25.06,24.91,-0.07,113,25.00,621.6306850910187;;;;;;;
793.06809425354,24.47,25.53,25.06,24.93,-0.07,113,25.00,621.6306850910187;;;;;;;
793.5224506855011,24.47,25.53,25.06,24.93,-0.07,113,25.00,621.6306850910187;;;;;;;
794.184986114502,24.49,25.53,25.06,24.93,-0.06,113,25.00,621.6306850910187;;;;;;;
794.5331616401672,24.49,25.51,25.06,24.91,-0.06,113,25.00,621.6306850910187;;;;;;;
795.0983285903931,24.43,25.49,25.06,24.95,-0.06,113,25.00,621.6306850910187;;;;;;;
795.544599533081,24.45,25.53,25.06,24.93,-0.06,113,25.00,621.6306850910187;;;;;;;
796.2188303470612,24.41,25.53,25.06,24.93,-0.06,113,25.00,621.6306850910187;;;;;;;
796.553896188736,24.45,25.53,25.06,24.91,-0.06,113,25.00,621.6306850910187;;;;;;;
797.1100029945374,24.43,25.51,25.06,24.89,-0.06,113,25.00,621.6306850910187;;;;;;;
797.5668125152588,24.41,25.47,25.06,24.93,-0.06,113,25.00,621.6306850910187;;;;;;;
798.2411868572235,24.47,25.53,25.06,24.93,-0.06,113,25.00,621.6306850910187;;;;;;;
798.5805158615112,24.45,25.51,25.06,24.89,-0.06,113,25.00,621.6306850910187;;;;;;;
799.144275188446,24.45,25.49,25.06,24.89,-0.06,113,25.00,621.6306850910187;;;;;;;
799.5881547927856,24.47,25.55,25.06,24.93,-0.06,113,25.00,621.6306850910187;;;;;;;
800.2576985359192,24.47,25.53,25.06,24.93,-0.06,113,25.00,621.6306850910187;;;;;;;
800.5998702049255,24.45,25.53,25.06,24.93,-0.06,113,25.00,621.6306850910187;;;;;;;
801.1668798923492,24.45,25.53,25.06,24.93,-0.06,113,25.00,621.6306850910187;;;;;;;
801.6156578063965,24.47,25.55,25.06,24.93,-0.06,113,25.00,621.6306850910187;;;;;;;
802.2895231246948,24.45,25.55,25.06,24.93,-0.06,113,25.00,621.6306850910187;;;;;;;
802.6211581230164,24.47,25.55,25.06,24.95,-0.06,113,25.00,621.6306850910187;;;;;;;
803.1816563606262,24.45,25.53,25.06,24.91,-0.06,113,25.00,621.6306850910187;;;;;;;
803.6321790218353,24.41,25.55,25.06,24.93,-0.06,113,25.00,621.6306850910187;;;;;;;
804.2571265697479,24.45,25.55,25.06,24.95,-0.06,113,25.00,621.6306850910187;;;;;;;
804.6773865222931,24.41,25.53,25.06,24.93,-0.06,113,25.00,621.6306850910187;;;;;;;
805.1479411125183,24.47,25.55,25.06,24.93,-0.06,113,25.00,621.6306850910187;;;;;;;
805.6910462379456,24.45,25.53,25.06,24.93,-0.06,113,25.00,621.6306850910187;;;;;;;
806.281492471695,24.41,25.49,25.06,24.93,-0.06,113,25.00,621.6306850910187;;;;;;;
806.7158703804016,24.45,25.55,25.06,24.93,-0.06,113,25.00,621.6306850910187;;;;;;;
807.1704609394073,24.45,25.53,25.06,24.91,-0.06,113,25.00,621.6306850910187;;;;;;;
807.7072956562042,24.43,25.51,25.06,24.89,-0.06,113,25.00,621.6306850910187;;;;;;;
808.3156583309174,24.47,25.55,25.06,24.93,-0.06,113,25.00,621.6306850910187;;;;;;;
808.6886899471283,24.47,25.55,25.06,24.93,-0.06,113,25.00,621.6306850910187;;;;;;;
809.2570350170135,24.47,25.53,25.06,24.93,-0.06,113,25.00,621.6306850910187;;;;;;;
809.7015964984894,24.47,25.55,25.06,24.95,-0.06,113,25.00,621.6306850910187;;;;;;;
810.3696370124817,24.47,25.53,25.06,24.93,-0.06,113,25.00,621.6306850910187;;;;;;;
810.7111892700195,24.45,25.51,25.06,24.89,-0.06,113,25.00,621.6306850910187;;;;;;;
811.2675585746765,24.45,25.53,25.06,24.91,-0.06,113,25.00,621.6306850910187;;;;;;;
811.7479031085968,24.45,25.53,25.06,24.93,-0.06,113,25.00,621.6306850910187;;;;;;;
812.483788728714,24.43,25.53,25.06,24.93,-0.06,113,25.00,621.6306850910187;;;;;;;
812.7331867218018,24.49,25.53,25.06,24.93,-0.06,113,25.00,621.6306850910187;;;;;;;
813.30712890625,24.47,25.53,25.06,24.91,-0.06,113,25.00,621.6306850910187;;;;;;;
813.7862658500671,24.45,25.51,25.06,24.91,-0.06,113,25.00,621.6306850910187;;;;;;;
814.4662311077118,24.47,25.53,25.05,24.93,-0.06,113,25.00,621.6306850910187;;;;;;;
814.7980828285217,24.47,25.53,25.05,24.93,-0.06,113,25.00,621.6306850910187;;;;;;;
815.3163878917694,24.45,25.55,25.05,24.95,-0.06,113,25.00,621.6306850910187;;;;;;;
815.7646496295929,24.43,25.55,25.05,24.93,-0.06,113,25.00,621.6306850910187;;;;;;;
816.4448137283325,24.45,25.53,25.06,24.93,-0.05,113,25.00,621.6306850910187;;;;;;;
816.8132634162903,24.47,25.55,25.06,24.93,-0.05,113,25.00,621.6306850910187;;;;;;;
817.2985193729401,24.45,25.53,25.06,24.93,-0.05,113,25.00,621.6306850910187;;;;;;;
817.800023317337,24.45,25.53,25.06,24.91,-0.05,113,25.00,621.6306850910187;;;;;;;
818.6313607692719,24.47,25.53,25.06,24.95,-0.06,113,25.00,621.6306850910187;;;;;;;
818.8374044895172,24.47,25.55,25.05,24.95,-0.06,113,25.00,621.6306850910187;;;;;;;
819.3635561466217,24.47,25.55,25.06,24.95,-0.06,113,25.00,621.6306850910187;;;;;;;
819.8963663578033,24.47,25.55,25.06,24.97,-0.06,113,25.00,621.6306850910187;;;;;;;
820.44282746315,24.45,25.53,25.06,24.93,-0.06,113,25.00,621.6306850910187;;;;;;;
820.8423810005188,24.43,25.53,25.06,24.93,-0.06,113,25.00,621.6306850910187;;;;;;;
821.3941400051117,24.47,25.55,25.06,24.93,-0.06,113,25.00,621.6306850910187;;;;;;;
821.8568775653839,24.45,25.53,25.06,24.93,-0.06,113,25.00,621.6306850910187;;;;;;;
822.464359998703,24.47,25.55,25.06,24.95,-0.06,113,25.00,621.6306850910187;;;;;;;
823.0005192756653,24.47,25.53,25.06,24.93,-0.06,113,25.00,621.6306850910187;;;;;;;
823.3578810691833,24.47,25.53,25.06,24.93,-0.06,113,25.00,621.6306850910187;;;;;;;
823.8983986377716,24.45,25.53,25.06,24.93,-0.06,113,25.00,621.6306850910187;;;;;;;
824.5072917938232,24.47,25.55,25.06,24.95,-0.06,113,25.00,621.6306850910187;;;;;;;
824.8650035858154,24.45,25.55,25.06,24.95,-0.06,113,25.00,621.6306850910187;;;;;;;
825.3956530094147,24.45,25.53,25.06,24.95,-0.06,113,25.00,621.6306850910187;;;;;;;
825.8757803440094,24.45,25.55,25.06,24.95,-0.06,113,25.00,621.6306850910187;;;;;;;
826.5102441310883,24.45,25.55,25.06,24.95,-0.06,113,25.00,621.6306850910187;;;;;;;
826.8870532512665,24.47,25.55,25.06,24.95,-0.06,113,25.00,621.6306850910187;;;;;;;
827.4130942821503,24.47,25.55,25.06,24.97,-0.06,113,25.00,621.6306850910187;;;;;;;
827.9517877101898,24.45,25.55,25.06,24.95,-0.06,113,25.00,621.6306850910187;;;;;;;
828.5269432067871,24.45,25.51,25.06,24.93,-0.06,113,25.00,621.6306850910187;;;;;;;
828.9560925960541,24.45,25.55,25.06,24.97,-0.06,113,25.00,621.6306850910187;;;;;;;
829.4520266056061,24.47,25.55,25.06,24.97,-0.06,113,25.00,621.6306850910187;;;;;;;
829.9204709529877,24.47,25.55,25.06,24.97,-0.06,113,25.00,621.6306850910187;;;;;;;
830.5669589042664,24.45,25.51,25.06,24.93,-0.06,113,25.00,621.6306850910187;;;;;;;
830.9835040569305,24.47,25.55,25.06,24.97,-0.06,113,25.00,621.6306850910187;;;;;;;
831.4482190608978,24.45,25.53,25.06,24.97,-0.06,113,25.00,621.6306850910187;;;;;;;
831.9700539112091,24.45,25.53,25.06,24.95,-0.06,113,25.00,621.6306850910187;;;;;;;
832.6011650562286,24.47,25.53,25.06,24.95,-0.06,113,25.00,621.6306850910187;;;;;;;
832.9555535316467,24.45,25.53,25.06,24.95,-0.06,113,25.00,621.6306850910187;;;;;;;
833.4592814445496,24.47,25.53,25.06,24.95,-0.06,113,25.00,621.6306850910187;;;;;;;
834.0107970237732,24.47,25.55,25.06,24.97,-0.06,113,25.00,621.6306850910187;;;;;;;
834.5883686542511,24.47,25.53,25.06,24.95,-0.06,113,25.00,621.6306850910187;;;;;;;
834.9759078025818,24.45,25.53,25.06,24.93,-0.06,113,25.00,621.6306850910187;;;;;;;
835.5360569953918,24.43,25.49,25.06,24.95,-0.06,113,25.00,621.6306850910187;;;;;;;
835.987119436264,24.43,25.53,25.05,24.93,-0.06,113,25.00,621.6306850910187;;;;;;;
836.6310451030731,24.49,25.53,25.05,24.95,-0.05,113,25.00,621.6306850910187;;;;;;;
836.9981701374054,24.47,25.53,25.05,24.95,-0.05,113,25.00,621.6306850910187;;;;;;;
837.5349504947662,24.49,25.53,25.05,24.95,-0.05,113,25.00,621.6306850910187;;;;;;;
838.0092082023621,24.49,25.53,25.05,24.93,-0.05,113,25.00,621.6306850910187;;;;;;;
838.6372456550598,24.45,25.49,25.05,24.93,-0.05,113,25.00,621.6306850910187;;;;;;;
839.0208306312561,24.45,25.51,25.05,24.93,-0.05,113,25.00,621.6306850910187;;;;;;;
839.5624601840973,24.47,25.53,25.05,24.95,-0.05,113,25.00,621.6306850910187;;;;;;;
840.0325775146484,24.49,25.53,25.05,24.93,-0.05,113,25.00,621.6306850910187;;;;;;;
840.6604108810425,24.43,25.51,25.05,24.93,-0.05,113,25.00,621.6306850910187;;;;;;;
841.0430157184601,24.47,25.51,25.05,24.91,-0.05,113,25.00,621.6306850910187;;;;;;;
841.6170592308044,24.47,25.51,25.05,24.93,-0.05,113,25.00,621.6306850910187;;;;;;;
842.0537474155426,24.45,25.51,25.05,24.93,-0.05,113,25.00,621.6306850910187;;;;;;;
842.6915028095245,24.47,25.53,25.05,24.93,-0.05,113,25.00,621.6306850910187;;;;;;;
843.116836309433,24.45,25.51,25.05,24.91,-0.05,113,25.00,621.6306850910187;;;;;;;
843.601176738739,24.43,25.47,25.05,24.91,-0.05,113,25.00,621.6306850910187;;;;;;;
844.0768883228302,24.47,25.51,25.05,24.93,-0.05,113,25.00,621.6306850910187;;;;;;;
844.7136287689209,24.47,25.51,25.05,24.93,-0.05,113,25.00,621.6306850910187;;;;;;;
845.1174004077911,24.47,25.53,25.05,24.95,-0.05,113,25.00,621.6306850910187;;;;;;;
845.5932700634003,24.47,25.53,25.05,24.95,-0.05,113,25.00,621.6306850910187;;;;;;;
846.1164441108704,24.47,25.53,25.05,24.93,-0.05,113,25.00,621.6306850910187;;;;;;;
846.7902715206146,24.47,25.53,25.05,24.95,-0.05,113,25.00,621.6306850910187;;;;;;;
847.1544897556305,24.47,25.53,25.05,24.95,-0.05,113,25.00,621.6306850910187;;;;;;;
847.6149461269379,24.47,25.55,25.05,24.95,-0.05,113,25.00,621.6306850910187;;;;;;;
848.1357281208038,24.47,25.53,25.05,24.95,-0.05,113,25.00,621.6306850910187;;;;;;;
848.747355222702,24.47,25.53,25.05,24.95,-0.05,113,25.00,621.6306850910187;;;;;;;
849.1663181781769,24.45,25.51,25.05,24.91,-0.05,113,25.00,621.6306850910187;;;;;;;
849.7285554409027,24.41,25.53,25.05,24.93,-0.05,113,25.00,621.6306850910187;;;;;;;
850.184201002121,24.43,25.53,25.05,24.95,-0.05,113,25.00,621.6306850910187;;;;;;;
850.7683117389679,24.47,25.53,25.05,24.95,-0.05,113,25.00,621.6306850910187;;;;;;;
851.1543037891388,24.45,25.53,25.05,24.93,-0.05,113,25.00,621.6306850910187;;;;;;;
851.7010746002197,24.47,25.53,25.05,24.93,-0.05,113,25.00,621.6306850910187;;;;;;;
852.1652204990387,24.45,25.49,25.05,24.89,-0.05,113,25.00,621.6306850910187;;;;;;;
852.8604123592377,24.49,25.53,25.05,24.93,-0.05,113,25.00,621.6306850910187;;;;;;;
853.176097869873,24.47,25.53,25.05,24.93,-0.05,113,25.00,621.6306850910187;;;;;;;
853.76416015625,24.45,25.49,25.05,24.89,-0.05,113,25.00,621.6306850910187;;;;;;;
854.2150633335114,24.45,25.51,25.05,24.93,-0.05,113,25.00,621.6306850910187;;;;;;;
854.8428478240967,24.45,25.49,25.05,24.89,-0.05,113,25.00,621.6306850910187;;;;;;;
855.243180513382,24.47,25.53,25.05,24.93,-0.05,113,25.00,621.6306850910187;;;;;;;
855.711019039154,24.41,25.53,25.05,24.91,-0.05,113,25.00,621.6306850910187;;;;;;;
856.2629480361938,24.47,25.53,25.05,24.93,-0.05,113,25.00,621.6306850910187;;;;;;;
856.883017539978,24.47,25.53,25.05,24.93,-0.05,113,25.00,621.6306850910187;;;;;;;
857.2211940288544,24.45,25.53,25.05,24.93,-0.05,113,25.00,621.6306850910187;;;;;;;
857.7829792499542,24.49,25.53,25.05,24.95,-0.05,113,25.00,621.6306850910187;;;;;;;
858.2324709892273,24.49,25.53,25.05,24.93,-0.05,113,25.00,621.6306850910187;;;;;;;
858.9061577320099,24.47,25.51,25.05,24.93,-0.05,113,25.00,621.6306850910187;;;;;;;
859.2429795265198,24.47,25.51,25.05,24.93,-0.05,113,25.00,621.6306850910187;;;;;;;
859.7493913173676,24.49,25.53,25.05,24.93,-0.05,113,25.00,621.6306850910187;;;;;;;
860.3460149765015,24.43,25.53,25.05,24.93,-0.05,113,25.00,621.6306850910187;;;;;;;
860.8807947635651,24.51,25.51,25.05,24.91,-0.05,113,25.00,621.6306850910187;;;;;;;
861.3537204265594,24.51,25.53,25.05,24.93,-0.05,113,25.00,621.6306850910187;;;;;;;
861.7979962825775,24.49,25.53,25.05,24.91,-0.05,113,25.00,621.6306850910187;;;;;;;
862.277756690979,24.47,25.49,25.05,24.89,-0.05,113,25.00,621.6306850910187;;;;;;;
862.9416077136993,24.51,25.53,25.05,24.93,-0.05,113,25.00,621.6306850910187;;;;;;;
863.2872684001923,24.47,25.53,25.05,24.93,-0.05,113,25.00,621.6306850910187;;;;;;;
863.8513765335083,24.47,25.53,25.05,24.93,-0.05,113,25.00,621.6306850910187;;;;;;;
864.2984116077423,24.49,25.51,25.05,24.89,-0.05,113,25.00,621.6306850910187;;;;;;;
864.9463996887207,24.49,25.53,25.05,24.93,-0.05,113,25.00,621.6306850910187;;;;;;;
865.3684902191162,24.49,25.53,25.05,24.91,-0.05,113,25.00,621.6306850910187;;;;;;;
865.8153538703918,24.49,25.51,25.05,24.91,-0.05,113,25.00,621.6306850910187;;;;;;;
866.3557496070862,24.47,25.51,25.05,24.91,-0.05,113,25.00,621.6306850910187;;;;;;;
866.9533221721649,24.47,25.49,25.05,24.87,-0.05,113,25.00,621.6306850910187;;;;;;;
867.3317863941193,24.49,25.51,25.04,24.91,-0.05,113,25.00,621.6306850910187;;;;;;;
867.8552248477936,24.45,25.47,25.04,24.89,-0.05,113,25.00,621.6306850910187;;;;;;;
868.354483127594,24.49,25.51,25.04,24.91,-0.05,113,25.00,621.6306850910187;;;;;;;
868.9864408969879,24.47,25.51,25.04,24.89,-0.04,113,25.00,621.6306850910187;;;;;;;
869.3542394638062,24.51,25.53,25.04,24.91,-0.04,113,25.00,621.6306850910187;;;;;;;
869.9097945690155,24.49,25.53,25.04,24.91,-0.04,113,25.00,621.6306850910187;;;;;;;
870.3668830394745,24.49,25.51,25.04,24.89,-0.04,113,25.00,621.6306850910187;;;;;;;
870.9903380870819,24.49,25.53,25.04,24.93,-0.04,113,25.00,621.6306850910187;;;;;;;
871.3774273395538,24.51,25.53,25.04,24.91,-0.04,113,25.00,621.6306850910187;;;;;;;
871.9271192550659,24.49,25.53,25.04,24.91,-0.04,113,25.00,621.6306850910187;;;;;;;
872.3981988430023,24.49,25.53,25.04,24.91,-0.04,113,25.00,621.6306850910187;;;;;;;
873.0199728012085,24.47,25.51,25.04,24.89,-0.04,112,25.00,621.6306850910187;;;;;;;
873.3984351158142,24.47,25.53,25.04,24.93,-0.04,112,25.00,621.6306850910187;;;;;;;
873.9315502643585,24.47,25.53,25.04,24.91,-0.04,112,25.00,621.6306850910187;;;;;;;
874.4095311164856,24.47,25.53,25.04,24.91,-0.04,112,25.00,621.6306850910187;;;;;;;
875.0657646656036,24.47,25.51,25.04,24.89,-0.04,112,25.00,621.6306850910187;;;;;;;
875.4208896160126,24.49,25.55,25.04,24.93,-0.04,112,25.00,621.6306850910187;;;;;;;
875.9564208984375,24.47,25.53,25.05,24.93,-0.04,112,25.00,621.6306850910187;;;;;;;
876.4339354038239,24.47,25.53,25.05,24.93,-0.04,112,25.00,621.6306850910187;;;;;;;
877.0814015865326,24.43,25.47,25.05,24.89,-0.05,112,25.00,621.6306850910187;;;;;;;
877.4453434944153,24.47,25.53,25.04,24.93,-0.05,112,25.00,621.6306850910187;;;;;;;
878.0097546577454,24.47,25.53,25.04,24.93,-0.05,112,25.00,621.6306850910187;;;;;;;
878.4540524482727,24.49,25.53,25.05,24.93,-0.05,112,25.00,621.6306850910187;;;;;;;
879.0829854011536,24.45,25.51,25.05,24.91,-0.05,112,25.00,621.6306850910187;;;;;;;
879.4651989936829,24.47,25.53,25.05,24.91,-0.05,112,25.00,621.6306850910187;;;;;;;
880.0530776977539,24.45,25.51,25.05,24.89,-0.05,112,25.00,621.6306850910187;;;;;;;
880.4885149002075,24.43,25.49,25.05,24.93,-0.05,112,25.00,621.6306850910187;;;;;;;
881.1055936813354,24.45,25.53,25.04,24.93,-0.05,112,25.00,621.6306850910187;;;;;;;
881.4890375137329,24.45,25.49,25.04,24.89,-0.05,112,25.00,621.6306850910187;;;;;;;
881.9929239749908,24.45,25.53,25.04,24.91,-0.05,112,25.00,621.6306850910187;;;;;;;
882.5419356822968,24.45,25.55,25.04,24.93,-0.05,112,25.00,621.6306850910187;;;;;;;
883.1316537857056,24.41,25.49,25.04,24.87,-0.04,112,25.00,621.6306850910187;;;;;;;
883.5351331233978,24.45,25.53,25.04,24.95,-0.04,112,25.00,621.6306850910187;;;;;;;
884.0151219367981,24.43,25.53,25.04,24.93,-0.04,112,25.00,621.6306850910187;;;;;;;
884.5208790302277,24.43,25.53,25.04,24.93,-0.04,112,25.00,621.6306850910187;;;;;;;
885.1522676944733,24.45,25.53,25.04,24.95,-0.04,112,25.00,621.6306850910187;;;;;;;
885.5913782119751,24.43,25.51,25.04,24.89,-0.04,112,25.00,621.6306850910187;;;;;;;
886.0393161773682,24.45,25.53,25.04,24.95,-0.04,112,25.00,621.6306850910187;;;;;;;
886.713987827301,24.45,25.53,25.04,24.95,-0.04,112,25.00,621.6306850910187;;;;;;;
887.1920046806335,24.45,25.53,25.05,24.93,-0.04,112,25.00,621.6306850910187;;;;;;;
887.6156802177429,24.43,25.51,25.05,24.93,-0.04,112,25.00,621.6306850910187;;;;;;;
888.0596284866333,24.43,25.53,25.04,24.93,-0.04,112,25.00,621.6306850910187;;;;;;;
888.616968870163,24.41,25.51,25.05,24.95,-0.04,112,25.00,621.6306850910187;;;;;;;
889.1906542778015,24.39,25.51,25.04,24.93,-0.05,112,25.00,621.6306850910187;;;;;;;
889.5984401702881,24.45,25.53,25.04,24.93,-0.05,112,25.00,621.6306850910187;;;;;;;
890.0826749801636,24.45,25.55,25.04,24.93,-0.05,112,25.00,621.6306850910187;;;;;;;
890.5889596939087,24.43,25.53,25.05,24.93,-0.05,112,25.00,621.6306850910187;;;;;;;
891.2810709476471,24.43,25.53,25.05,24.91,-0.05,112,25.00,621.6306850910187;;;;;;;
891.6079442501068,24.41,25.53,25.05,24.93,-0.05,112,25.00,621.6306850910187;;;;;;;
892.1564679145813,24.43,25.53,25.05,24.93,-0.05,112,25.00,621.6306850910187;;;;;;;
892.6100130081177,24.43,25.53,25.05,24.93,-0.05,112,25.00,621.6306850910187;;;;;;;
893.3044035434723,24.41,25.51,25.05,24.91,-0.05,112,25.00,621.6306850910187;;;;;;;
893.6232688426971,24.43,25.53,25.05,24.93,-0.05,112,25.00,621.6306850910187;;;;;;;
894.1756401062012,24.39,25.49,25.05,24.91,-0.05,112,25.00,621.6306850910187;;;;;;;
894.6319258213043,24.41,25.51,25.04,24.93,-0.05,112,25.00,621.6306850910187;;;;;;;
895.2887489795685,24.41,25.51,25.04,24.93,-0.04,112,25.00,621.6306850910187;;;;;;;
895.6430628299713,24.39,25.49,25.04,24.93,-0.04,112,25.00,621.6306850910187;;;;;;;
896.2624328136444,24.41,25.51,25.04,24.93,-0.04,112,25.00,621.6306850910187;;;;;;;
896.6878015995026,24.43,25.53,25.04,24.93,-0.04,112,25.00,621.6306850910187;;;;;;;
897.3165476322174,24.39,25.51,25.04,24.91,-0.04,112,25.00,621.6306850910187;;;;;;;
897.6683843135834,24.39,25.49,25.04,24.89,-0.04,112,25.00,621.6306850910187;;;;;;;
898.2830166816711,24.39,25.49,25.04,24.89,-0.04,112,25.00,621.6306850910187;;;;;;;
898.7276349067688,24.41,25.51,25.04,24.93,-0.04,112,25.00,621.6306850910187;;;;;;;
899.3939192295074,24.43,25.51,25.04,24.93,-0.04,112,25.00,621.6306850910187;;;;;;;
899.7111093997955,24.41,25.51,25.04,24.91,-0.04,112,25.00,621.6306850910187;;;;;;;
900.2636857032776,24.43,25.53,25.04,24.93,-0.04,112,25.00,621.6306850910187;;;;;;;
900.7000119686127,24.41,25.51,25.04,24.93,-0.04,112,25.00,621.6306850910187;;;;;;;
901.3533916473389,24.43,25.51,25.04,24.91,-0.04,112,25.00,621.6306850910187;;;;;;;
901.7103960514069,24.39,25.51,25.04,24.91,-0.04,112,25.00,621.6306850910187;;;;;;;
902.2160384654999,24.39,25.51,25.04,24.91,-0.04,112,25.00,621.6306850910187;;;;;;;
902.7816648483276,24.41,25.51,25.04,24.93,-0.04,112,25.00,621.6306850910187;;;;;;;
903.4008917808533,24.41,25.51,25.04,24.93,-0.04,112,25.00,621.6306850910187;;;;;;;
903.7459366321564,24.41,25.51,25.04,24.93,-0.04,112,25.00,621.6306850910187;;;;;;;
904.2396566867828,24.41,25.51,25.04,24.93,-0.04,112,25.00,621.6306850910187;;;;;;;
904.7798779010773,24.39,25.51,25.04,24.93,-0.04,112,25.00,621.6306850910187;;;;;;;
905.378226518631,24.41,25.51,25.04,24.89,-0.04,112,25.00,621.6306850910187;;;;;;;
905.782329082489,24.39,25.51,25.04,24.91,-0.04,112,25.00,621.6306850910187;;;;;;;
906.2621605396271,24.41,25.51,25.04,24.93,-0.04,112,25.00,621.6306850910187;;;;;;;
906.7799446582794,24.41,25.51,25.04,24.93,-0.04,112,25.00,621.6306850910187;;;;;;;
907.4129807949066,24.39,25.51,25.04,24.91,-0.04,112,25.00,621.6306850910187;;;;;;;
907.7769980430603,24.41,25.51,25.04,24.91,-0.04,112,25.00,621.6306850910187;;;;;;;
908.2821500301361,24.41,25.51,25.04,24.91,-0.04,112,25.00,621.6306850910187;;;;;;;
908.7875473499298,24.39,25.49,25.04,24.89,-0.04,112,25.00,621.6306850910187;;;;;;;
909.4245419502258,24.41,25.51,25.04,24.93,-0.04,112,25.00,621.6306850910187;;;;;;;
909.799812078476,24.37,25.47,25.04,24.93,-0.04,112,25.00,621.6306850910187;;;;;;;
910.3511519432068,24.37,25.47,25.04,24.93,-0.04,112,25.00,621.6306850910187;;;;;;;
910.8123109340668,24.39,25.51,25.03,24.91,-0.04,112,25.00,621.6306850910187;;;;;;;
911.4886555671692,24.41,25.51,25.03,24.91,-0.03,112,25.00,621.6306850910187;;;;;;;
911.8270337581635,24.39,25.51,25.03,24.93,-0.03,112,25.00,621.6306850910187;;;;;;;
912.3839898109436,24.39,25.51,25.03,24.93,-0.03,112,25.00,621.6306850910187;;;;;;;
912.8335418701172,24.39,25.51,25.03,24.91,-0.03,112,25.00,621.6306850910187;;;;;;;
913.5005624294281,24.39,25.51,25.03,24.93,-0.03,112,25.00,621.6306850910187;;;;;;;
913.8452789783478,24.37,25.49,25.03,24.91,-0.03,112,25.00,621.6306850910187;;;;;;;
914.4101481437683,24.39,25.51,25.03,24.93,-0.03,112,25.00,621.6306850910187;;;;;;;
914.8578786849976,24.39,25.51,25.03,24.93,-0.03,112,25.00,621.6306850910187;;;;;;;
915.5327746868134,24.41,25.51,25.03,24.93,-0.03,112,25.00,621.6306850910187;;;;;;;
915.8659405708313,24.35,25.45,25.03,24.91,-0.03,112,25.00,621.6306850910187;;;;;;;
916.4249234199524,24.39,25.49,25.03,24.91,-0.03,112,25.00,621.6306850910187;;;;;;;
916.8781397342682,24.39,25.49,25.03,24.91,-0.03,112,25.00,621.6306850910187;;;;;;;
917.547821521759,24.39,25.49,25.03,24.91,-0.03,112,25.00,621.6306850910187;;;;;;;
917.8882887363434,24.39,25.51,25.03,24.91,-0.03,112,25.00,621.6306850910187;;;;;;;
918.4428758621216,24.39,25.49,25.03,24.91,-0.03,112,25.00,621.6306850910187;;;;;;;
918.9002077579498,24.37,25.49,25.03,24.91,-0.03,112,25.00,621.6306850910187;;;;;;;
919.5355637073517,24.39,25.47,25.03,24.89,-0.03,112,25.00,621.6306850910187;;;;;;;
919.9432666301727,24.41,25.51,25.03,24.93,-0.03,112,25.00,621.6306850910187;;;;;;;
920.451916217804,24.39,25.51,25.03,24.93,-0.03,112,25.00,621.6306850910187;;;;;;;
920.9229068756104,24.39,25.49,25.03,24.93,-0.03,112,25.00,621.6306850910187;;;;;;;
921.545140504837,24.35,25.47,25.03,24.89,-0.03,112,25.00,621.6306850910187;;;;;;;
921.95472240448,24.37,25.49,25.03,24.91,-0.03,112,25.00,621.6306850910187;;;;;;;
922.4841585159302,24.37,25.49,25.03,24.91,-0.03,112,25.00,621.6306850910187;;;;;;;
922.9441299438477,24.37,25.49,25.03,24.91,-0.03,112,25.00,621.6306850910187;;;;;;;
923.587366104126,24.37,25.49,25.02,24.91,-0.03,113,25.00,621.6306850910187;;;;;;;
924.0154454708099,24.33,25.47,25.02,24.91,-0.03,113,25.00,621.6306850910187;;;;;;;
924.4606289863586,24.37,25.49,25.02,24.91,-0.03,113,25.00,621.6306850910187;;;;;;;
924.979531288147,24.39,25.51,25.02,24.91,-0.03,113,25.00,621.6306850910187;;;;;;;
925.6104867458344,24.37,25.47,25.02,24.91,-0.02,113,25.00,621.6306850910187;;;;;;;
926.0257182121277,24.33,25.45,25.02,24.89,-0.02,113,25.00,621.6306850910187;;;;;;;
926.4823031425476,24.37,25.47,25.02,24.89,-0.02,113,25.00,621.6306850910187;;;;;;;
927.0299050807953,24.37,25.49,25.02,24.91,-0.02,113,25.00,621.6306850910187;;;;;;;
927.6280398368835,24.39,25.49,25.02,24.89,-0.02,113,25.00,621.6306850910187;;;;;;;
927.9998204708099,24.39,25.49,25.02,24.89,-0.02,113,25.00,621.6306850910187;;;;;;;
928.5566501617432,24.39,25.47,25.02,24.87,-0.02,113,25.00,621.6306850910187;;;;;;;
929.0115036964417,24.33,25.49,25.02,24.91,-0.02,113,25.00,621.6306850910187;;;;;;;
929.6902120113373,24.41,25.49,25.02,24.89,-0.02,113,25.00,621.6306850910187;;;;;;;
930.0217831134796,24.39,25.49,25.02,24.91,-0.02,113,25.00,621.6306850910187;;;;;;;
930.585045337677,24.41,25.49,25.02,24.91,-0.02,113,25.00,621.6306850910187;;;;;;;
931.0321164131165,24.41,25.47,25.02,24.87,-0.02,113,25.00,621.6306850910187;;;;;;;
931.7017049789429,24.39,25.47,25.02,24.89,-0.02,113,25.00,621.6306850910187;;;;;;;
932.0444173812866,24.37,25.49,25.02,24.91,-0.02,113,25.00,621.6306850910187;;;;;;;
932.6033072471619,24.39,25.47,25.02,24.89,-0.02,113,25.00,621.6306850910187;;;;;;;
933.0546000003815,24.41,25.47,25.02,24.89,-0.02,113,25.00,621.6306850910187;;;;;;;
933.7223126888275,24.41,25.47,25.02,24.91,-0.02,113,25.00,621.6306850910187;;;;;;;
934.0659227371216,24.41,25.49,25.01,24.91,-0.02,113,25.00,621.6306850910187;;;;;;;
934.6312334537506,24.37,25.47,25.01,24.91,-0.02,113,25.00,621.6306850910187;;;;;;;
935.0783333778381,24.37,25.45,25.01,24.91,-0.02,113,25.00,621.6306850910187;;;;;;;
935.7470855712891,24.39,25.49,25.01,24.91,-0.01,113,25.00,621.6306850910187;;;;;;;
936.0878431797028,24.39,25.49,25.01,24.89,-0.01,113,25.00,621.6306850910187;;;;;;;
936.6439185142517,24.41,25.49,25.01,24.91,-0.01,113,25.00,621.6306850910187;;;;;;;
937.0992636680603,24.41,25.49,25.01,24.91,-0.01,113,25.00,621.6306850910187;;;;;;;
937.7727262973785,24.39,25.49,25.01,24.91,-0.01,113,25.00,621.6306850910187;;;;;;;
938.1112835407257,24.41,25.49,25.01,24.91,-0.01,113,25.00,621.6306850910187;;;;;;;
938.6666555404663,24.39,25.49,25.01,24.91,-0.01,113,25.00,621.6306850910187;;;;;;;
939.1218075752258,24.41,25.49,25.01,24.89,-0.01,113,25.00,621.6306850910187;;;;;;;
939.7975997924805,24.37,25.49,25.01,24.89,-0.01,113,25.00,621.6306850910187;;;;;;;
940.1352517604828,24.41,25.49,25.01,24.89,-0.01,113,25.00,621.6306850910187;;;;;;;
940.6952998638153,24.37,25.45,25.01,24.85,-0.01,113,25.00,621.6306850910187;;;;;;;
941.1441669464111,24.41,25.49,25.01,24.89,-0.01,113,25.00,621.6306850910187;;;;;;;
941.8130476474762,24.39,25.43,25.01,24.85,-0.01,113,25.00,621.6306850910187;;;;;;;
942.1563074588776,24.43,25.47,25.01,24.89,-0.01,113,25.00,621.6306850910187;;;;;;;
942.6605741977692,24.39,25.45,25.01,24.83,-0.01,113,25.00,621.6306850910187;;;;;;;
943.2263157367706,24.39,25.47,25.01,24.87,-0.01,113,25.00,621.6306850910187;;;;;;;
943.8017528057098,24.39,25.43,25.01,24.87,-0.01,113,25.00,621.6306850910187;;;;;;;
944.1787331104279,24.41,25.47,25.01,24.87,-0.01,113,25.00,621.6306850910187;;;;;;;
944.7266898155212,24.43,25.49,25.01,24.89,-0.01,113,25.00,621.6306850910187;;;;;;;
945.1896047592163,24.43,25.47,25.01,24.87,-0.01,113,25.00,621.6306850910187;;;;;;;
945.8623042106628,24.41,25.47,25.01,24.89,-0.01,113,25.00,621.6306850910187;;;;;;;
946.20024061203,24.41,25.47,25.01,24.87,-0.01,113,25.00,621.6306850910187;;;;;;;
946.753586769104,24.41,25.47,25.01,24.87,-0.01,113,25.00,621.6306850910187;;;;;;;
947.2118263244629,24.43,25.47,25.01,24.87,-0.01,113,25.00,621.6306850910187;;;;;;;
947.8828659057617,24.43,25.49,25.01,24.89,-0.01,113,25.00,621.6306850910187;;;;;;;
948.2229778766632,24.43,25.47,25.01,24.87,-0.01,113,25.00,621.6306850910187;;;;;;;
948.7849123477936,24.45,25.47,25.01,24.87,-0.01,113,25.00,621.6306850910187;;;;;;;
949.2339828014374,24.45,25.49,25.01,24.89,-0.01,113,25.00,621.6306850910187;;;;;;;
949.9054100513458,24.45,25.45,25.01,24.87,-0.01,113,25.00,621.6306850910187;;;;;;;
950.2446384429932,24.43,25.47,25.00,24.87,-0.01,113,25.00,621.6306850910187;;;;;;;
950.8029344081879,24.43,25.49,25.00,24.89,-0.01,113,25.00,621.6306850910187;;;;;;;
951.2566616535187,24.43,25.47,25.00,24.85,-0.01,113,25.00,621.6306850910187;;;;;;;
951.9150147438049,24.43,25.47,25.00,24.87,-0.00,113,25.00,621.6306850910187;;;;;;;
952.2664422988892,24.45,25.47,25.00,24.87,-0.00,113,25.00,621.6306850910187;;;;;;;
952.8366918563843,24.43,25.47,25.00,24.87,-0.00,113,25.00,621.6306850910187;;;;;;;
953.2815685272217,24.43,25.47,25.00,24.85,-0.00,113,25.00,621.6306850910187;;;;;;;
953.9531197547913,24.43,25.45,25.00,24.85,-0.00,113,25.00,621.6306850910187;;;;;;;
954.2901294231415,24.39,25.49,25.00,24.87,-0.00,113,25.00,621.6306850910187;;;;;;;
954.8453574180603,24.45,25.49,25.00,24.89,-0.00,113,25.00,621.6306850910187;;;;;;;
955.2990176677704,24.45,25.47,25.00,24.89,-0.00,113,25.00,621.6306850910187;;;;;;;
955.9245409965515,24.43,25.47,25.00,24.87,-0.00,113,25.00,621.6306850910187;;;;;;;
956.311548948288,24.47,25.47,25.00,24.87,-0.00,113,25.00,621.6306850910187;;;;;;;
956.8729372024536,24.43,25.47,25.00,24.87,-0.00,113,25.00,621.6306850910187;;;;;;;
957.3227529525757,24.43,25.45,25.00,24.85,-0.00,113,25.00,621.6306850910187;;;;;;;
957.994124174118,24.45,25.47,25.00,24.87,-0.00,113,25.00,621.6306850910187;;;;;;;
958.3331570625305,24.45,25.49,25.00,24.89,-0.00,113,25.00,621.6306850910187;;;;;;;
958.8900783061981,24.43,25.45,25.00,24.83,-0.00,113,25.00,621.6306850910187;;;;;;;
959.345493555069,24.45,25.49,25.00,24.89,-0.00,113,25.00,621.6306850910187;;;;;;;
959.9948024749756,24.41,25.43,25.00,24.83,-0.00,113,25.00,621.6306850910187;;;;;;;
960.3561592102051,24.45,25.47,25.00,24.85,-0.00,113,25.00,621.6306850910187;;;;;;;
960.9188446998596,24.43,25.45,25.00,24.87,-0.00,113,25.00,621.6306850910187;;;;;;;
961.3673021793365,24.45,25.49,25.00,24.89,-0.00,113,25.00,621.6306850910187;;;;;;;
962.0362014770508,24.45,25.47,25.00,24.87,-0.00,113,25.00,621.6306850910187;;;;;;;
962.3782136440277,24.45,25.47,25.00,24.87,-0.00,113,25.00,621.6306850910187;;;;;;;
962.9360854625702,24.47,25.49,25.00,24.89,-0.00,113,25.00,621.6306850910187;;;;;;;
963.387996673584,24.45,25.47,25.00,24.85,-0.00,113,25.00,621.6306850910187;;;;;;;
964.0541756153107,24.47,25.47,25.00,24.89,-0.00,113,25.00,621.6306850910187;;;;;;;
964.3995146751404,24.43,25.45,25.00,24.87,-0.00,113,25.00,621.6306850910187;;;;;;;
964.9536969661713,24.45,25.47,25.00,24.87,-0.00,113,25.00,621.6306850910187;;;;;;;
965.411783695221,24.45,25.47,25.00,24.89,-0.00,113,25.00,621.6306850910187;;;;;;;
966.0813448429108,24.45,25.47,25.00,24.87,-0.00,113,25.00,621.6306850910187;;;;;;;
966.4215428829193,24.45,25.47,25.00,24.87,-0.00,113,25.00,621.6306850910187;;;;;;;
966.9749042987823,24.45,25.47,25.00,24.87,-0.00,113,25.00,621.6306850910187;;;;;;;
967.4343466758728,24.45,25.47,25.00,24.87,-0.00,113,25.00,621.6306850910187;;;;;;;
968.101781129837,24.45,25.49,25.00,24.89,-0.00,113,25.00,621.6306850910187;;;;;;;
968.4439604282379,24.39,25.43,25.00,24.89,-0.00,113,25.00,621.6306850910187;;;;;;;
968.9953234195709,24.43,25.45,25.00,24.83,-0.00,113,25.00,621.6306850910187;;;;;;;
969.4561812877655,24.41,25.45,25.00,24.87,-0.00,113,25.00,621.6306850910187;;;;;;;
970.1308333873749,24.41,25.47,25.00,24.87,-0.00,113,25.00,621.6306850910187;;;;;;;
970.4671745300293,24.43,25.45,25.00,24.83,-0.00,113,25.00,621.6306850910187;;;;;;;
971.0259890556335,24.41,25.45,25.00,24.89,-0.00,113,25.00,621.6306850910187;;;;;;;
971.4790205955505,24.45,25.47,25.00,24.87,-0.00,113,25.00,621.6306850910187;;;;;;;
972.1084082126617,24.45,25.49,25.00,24.89,0.00,113,25.00,621.6306850910187;;;;;;;
972.4888474941254,24.45,25.49,25.00,24.89,0.00,113,25.00,621.6306850910187;;;;;;;
973.0400269031525,24.45,25.49,25.00,24.89,0.00,113,25.00,621.6306850910187;;;;;;;
973.4992506504059,24.45,25.51,25.00,24.89,0.00,113,25.00,621.6306850910187;;;;;;;
974.1745290756226,24.43,25.49,25.00,24.89,-0.00,113,25.00,621.6306850910187;;;;;;;
974.511634349823,24.39,25.49,25.00,24.87,-0.00,113,25.00,621.6306850910187;;;;;;;
975.053228855133,24.41,25.49,25.00,24.87,-0.00,113,25.00,621.6306850910187;;;;;;;
975.523113489151,24.43,25.49,25.00,24.89,-0.00,113,25.00,621.6306850910187;;;;;;;
976.1932682991028,24.43,25.49,25.00,24.87,-0.00,113,25.00,621.6306850910187;;;;;;;
976.5326256752014,24.45,25.49,25.00,24.87,-0.00,113,25.00,621.6306850910187;;;;;;;
977.0999648571014,24.43,25.49,25.00,24.89,-0.00,113,25.00,621.6306850910187;;;;;;;
977.5502512454987,24.43,25.49,25.00,24.89,-0.00,113,25.00,621.6306850910187;;;;;;;
978.2237167358398,24.41,25.45,25.00,24.89,-0.00,113,25.00,621.6306850910187;;;;;;;
978.5547337532043,24.43,25.51,25.00,24.89,-0.00,113,25.00,621.6306850910187;;;;;;;
979.1100900173187,24.45,25.49,25.01,24.87,-0.00,113,25.00,621.6306850910187;;;;;;;
979.5672466754913,24.41,25.45,25.01,24.87,-0.00,113,25.00,621.6306850910187;;;;;;;
980.2320959568024,24.43,25.49,25.00,24.89,-0.01,113,25.00,621.6306850910187;;;;;;;
980.5789842605591,24.45,25.49,25.01,24.87,-0.01,113,25.00,621.6306850910187;;;;;;;
981.1471562385559,24.41,25.49,25.01,24.87,-0.01,113,25.00,621.6306850910187;;;;;;;
981.5930938720703,24.41,25.49,25.01,24.89,-0.01,113,25.00,621.6306850910187;;;;;;;
982.2634093761444,24.43,25.47,25.01,24.87,-0.01,113,25.00,621.6306850910187;;;;;;;
982.605274438858,24.43,25.49,25.01,24.89,-0.01,113,25.00,621.6306850910187;;;;;;;
983.1385712623596,24.43,25.49,25.01,24.89,-0.01,113,25.00,621.6306850910187;;;;;;;
983.6737337112427,24.43,25.49,25.01,24.91,-0.01,113,25.00,621.6306850910187;;;;;;;
984.2422297000885,24.41,25.45,25.01,24.85,-0.01,113,25.00,621.6306850910187;;;;;;;
984.6215212345123,24.43,25.51,25.01,24.91,-0.01,113,25.00,621.6306850910187;;;;;;;
985.1809208393097,24.45,25.51,25.01,24.91,-0.01,113,25.00,621.6306850910187;;;;;;;
985.6327233314514,24.45,25.51,25.01,24.91,-0.01,113,25.00,621.6306850910187;;;;;;;
986.2854526042938,24.45,25.49,25.01,24.89,-0.01,113,25.00,621.6306850910187;;;;;;;
986.6437904834747,24.41,25.45,25.01,24.91,-0.01,113,25.00,621.6306850910187;;;;;;;
987.2047579288483,24.45,25.49,25.01,24.89,-0.01,113,25.00,621.6306850910187;;;;;;;
987.6553528308868,24.43,25.49,25.01,24.89,-0.01,113,25.00,621.6306850910187;;;;;;;
988.324061870575,24.43,25.47,25.01,24.85,-0.01,113,25.00,621.6306850910187;;;;;;;
988.6670808792114,24.45,25.49,25.01,24.89,-0.01,113,25.00,621.6306850910187;;;;;;;
989.2150037288666,24.45,25.49,25.01,24.89,-0.01,113,25.00,621.6306850910187;;;;;;;
989.67711186409,24.41,25.45,25.01,24.85,-0.01,113,25.00,621.6306850910187;;;;;;;
990.349098443985,24.45,25.49,25.01,24.89,-0.01,113,25.00,621.6306850910187;;;;;;;
990.6882719993591,24.45,25.49,25.01,24.89,-0.01,113,25.00,621.6306850910187;;;;;;;
991.2421441078186,24.45,25.49,25.01,24.89,-0.01,113,25.00,621.6306850910187;;;;;;;
991.6997065544128,24.41,25.49,25.01,24.89,-0.01,113,25.00,621.6306850910187;;;;;;;
992.3648734092712,24.45,25.51,25.01,24.91,-0.01,113,25.00,621.6306850910187;;;;;;;
992.711009979248,24.43,25.49,25.01,24.89,-0.01,113,25.00,621.6306850910187;;;;;;;
993.2574007511139,24.45,25.49,25.01,24.91,-0.01,113,25.00,621.6306850910187;;;;;;;
