Time,Temp1,Temp2,Temp3,Temp4,Erreur,Commande PWM,Setpoint,Stabilité atteinte (s)
657.7243921756744,18.32,19.61,20.01,19.73,-0.01,102,20.00,282.94475054740906
658.068742275238,18.32,19.59,20.01,19.73,-0.01,102,20.00,282.94475054740906
658.6140515804291,18.28,19.57,20.01,19.75,-0.01,102,20.00,282.94475054740906
659.0799031257629,18.32,19.59,20.01,19.71,-0.01,102,20.00,282.94475054740906
659.7328507900238,18.32,19.61,20.01,19.75,-0.01,103,20.00,282.94475054740906
660.1436512470245,18.32,19.59,20.01,19.71,-0.01,103,20.00,282.94475054740906
660.5966713428497,18.32,19.59,20.01,19.73,-0.01,103,20.00,282.94475054740906
661.1513631343842,18.34,19.61,20.01,19.75,-0.01,103,20.00,282.94475054740906
661.7394044399261,18.32,19.59,20.00,19.73,-0.01,103,20.00,282.94475054740906
662.1137523651123,18.32,19.61,20.00,19.75,-0.01,103,20.00,282.94475054740906
662.651787519455,18.32,19.59,20.00,19.75,-0.01,103,20.00,282.94475054740906
663.1242735385895,18.34,19.59,20.00,19.75,-0.01,103,20.00,282.94475054740906
663.783144235611,18.34,19.59,20.00,19.73,-0.00,103,20.00,282.94475054740906
664.1358373165131,18.34,19.61,20.00,19.75,-0.00,103,20.00,282.94475054740906
664.6766037940979,18.34,19.59,20.00,19.73,-0.00,103,30.00,282.94475054740906
665.1932077407837,18.34,19.59,20.00,19.73,-0.00,103,30.00,
665.7711882591248,18.30,19.55,20.00,19.71,10.00,255,30.00,
666.2176856994629,18.79,20.00,20.00,20.14,10.00,255,30.00,
666.6634323596954,18.85,20.00,20.01,20.14,10.00,255,30.00,
667.1985659599304,18.98,20.00,20.02,20.14,10.00,255,30.00,
667.8282957077026,19.30,20.00,20.02,20.14,9.98,255,30.00,
668.1796932220459,19.63,19.98,20.03,20.12,9.98,255,30.00,
668.6998836994171,20.00,20.02,20.04,20.16,9.98,255,30.00,
669.2416124343872,20.38,20.00,20.05,20.14,9.98,255,30.00,
669.8143138885498,20.77,20.02,20.05,20.14,9.95,255,30.00,
670.2632160186768,21.14,20.02,20.06,20.14,9.95,255,30.00,
670.7063682079315,21.51,20.04,20.07,20.14,9.95,255,30.00,
671.2625994682312,21.86,20.06,20.08,20.16,9.95,255,30.00,
671.8498249053955,22.19,20.06,20.09,20.16,9.92,255,30.00,
672.274825334549,22.47,20.04,20.09,20.12,9.92,255,30.00,
672.7290058135986,22.82,20.12,20.10,20.14,9.92,255,30.00,
673.2514755725861,23.09,20.14,20.11,20.14,9.92,255,30.00,
673.8918583393097,23.38,20.16,20.12,20.14,9.89,255,30.00,
674.2460081577301,23.65,20.20,20.14,20.16,9.89,255,30.00,
674.7956402301788,23.89,20.22,20.15,20.14,9.89,255,30.00,
675.2569630146027,24.14,20.26,20.16,20.14,9.89,255,30.00,
675.900529384613,24.39,20.32,20.18,20.16,9.84,255,30.00,
676.2694177627563,24.64,20.36,20.19,20.16,9.84,255,30.00,
676.82608294487,24.85,20.41,20.21,20.14,9.84,255,30.00,
677.2791957855225,25.05,20.47,20.22,20.16,9.84,255,30.00,
677.9415969848633,25.26,20.51,20.24,20.16,9.78,255,30.00,
678.2917137145996,25.45,20.55,20.26,20.18,9.78,255,30.00,
678.8566861152649,25.68,20.65,20.28,20.20,9.78,255,30.00,
679.3082890510559,25.85,20.69,20.31,20.20,9.78,255,30.00,
679.9748997688293,26.05,20.75,20.33,20.20,9.69,255,30.00,
680.3146567344666,26.22,20.81,20.35,20.20,9.69,255,30.00,
680.8727657794952,26.41,20.90,20.38,20.22,9.69,255,30.00,
681.325198173523,26.60,20.96,20.41,20.24,9.69,255,30.00,
681.9921875,26.75,21.02,20.44,20.24,9.59,255,30.00,
682.3349123001099,26.94,21.10,20.47,20.26,9.59,255,30.00,
682.9024970531464,27.10,21.16,20.50,20.28,9.59,255,30.00,
683.3474006652832,27.27,21.26,20.53,20.30,9.59,255,30.00,
684.0180714130402,27.42,21.33,20.56,20.32,9.47,255,30.00,
684.357762336731,27.59,21.39,20.60,20.34,9.47,255,30.00,
684.9156641960144,27.74,21.45,20.63,20.34,9.47,255,30.00,
685.3693072795868,27.89,21.53,20.67,20.38,9.47,255,30.00,
686.0359802246094,28.03,21.61,20.71,20.38,9.33,255,30.00,
686.3809342384338,28.14,21.69,20.75,20.43,9.33,255,30.00,
686.9453315734863,28.31,21.73,20.79,20.43,9.33,255,30.00,
687.393881559372,28.44,21.82,20.83,20.45,9.33,255,30.00,
688.0670731067657,28.59,21.90,20.87,20.49,9.17,255,30.00,
688.4018187522888,28.74,21.98,20.91,20.51,9.17,255,30.00,
688.9408805370331,28.87,22.06,20.96,20.55,9.17,255,30.00,
689.4142374992371,28.99,22.14,21.00,20.59,9.17,255,30.00,
690.092111825943,29.10,22.21,21.05,20.61,9.00,255,30.00,
690.4283683300018,29.25,22.29,21.10,20.65,9.00,255,30.00,
690.9902324676514,29.38,22.37,21.14,20.69,9.00,255,30.00,
691.4348113536835,29.49,22.45,21.19,20.71,9.00,255,30.00,
692.1062304973602,29.60,22.49,21.24,20.71,8.81,255,30.00,
692.4460084438324,29.72,22.58,21.29,20.77,8.81,255,30.00,
692.9941153526306,29.83,22.66,21.34,20.81,8.81,255,30.00,
693.4586501121521,29.94,22.74,21.39,20.85,8.81,255,30.00,
694.1311588287354,30.07,22.78,21.45,20.85,8.61,255,30.00,
694.4692893028259,30.20,22.90,21.50,20.94,8.61,255,30.00,
695.029087305069,30.29,22.97,21.55,20.94,8.61,255,30.00,
695.4809100627899,30.40,23.03,21.61,21.00,8.61,255,30.00,
696.1470293998718,30.53,23.09,21.66,21.02,8.39,255,30.00,
696.490838766098,30.64,23.19,21.72,21.06,8.39,255,30.00,
697.0426349639893,30.74,23.27,21.77,21.12,8.39,255,30.00,
697.503288269043,30.83,23.34,21.83,21.16,8.39,255,30.00,
698.1725709438324,30.92,23.40,21.88,21.20,8.17,255,30.00,
698.5125272274017,31.03,23.48,21.94,21.24,8.17,255,30.00,
699.0679650306702,31.16,23.58,22.00,21.30,8.17,255,30.00,
699.5254001617432,31.25,23.65,22.06,21.33,8.17,255,30.00,
700.2038729190826,31.31,23.67,22.12,21.39,7.94,255,30.00,
700.540887594223,31.38,23.75,22.18,21.43,7.94,255,30.00,
701.0984838008881,31.53,23.87,22.23,21.49,7.94,255,30.00,
701.5470449924469,31.60,23.89,22.29,21.49,7.94,255,30.00,
702.2208530902863,31.71,23.98,22.35,21.53,7.71,255,30.00,
702.5587635040283,31.80,24.06,22.41,21.59,7.71,255,30.00,
703.1005084514618,31.86,24.12,22.47,21.61,7.71,255,30.00,
703.5694222450256,32.00,24.22,22.54,21.71,7.71,255,30.00,
704.24351978302,32.04,24.24,22.60,21.78,7.46,255,30.00,
704.5799305438995,32.17,24.37,22.66,21.82,7.46,255,30.00,
705.1417908668518,32.22,24.43,22.72,21.88,7.46,255,30.00,
705.5914256572723,32.35,24.51,22.78,21.92,7.46,255,30.00,
706.2585632801056,32.44,24.60,22.84,21.94,7.22,255,30.00,
706.6030819416046,32.46,24.66,22.91,22.02,7.22,255,30.00,
707.168913602829,32.59,24.74,22.97,22.06,7.22,255,30.00,
707.6164696216583,32.68,24.83,23.03,22.12,7.22,255,30.00,
708.2878022193909,32.75,24.85,23.10,22.14,6.97,255,30.00,
708.6236131191254,32.84,24.95,23.16,22.23,6.97,255,30.00,
709.1770961284637,32.91,25.01,23.23,22.29,6.97,255,30.00,
709.6366925239563,33.02,25.07,23.29,22.35,6.97,255,30.00,
710.3144137859344,33.11,25.16,23.35,22.39,6.71,255,30.00,
710.6476030349731,33.18,25.24,23.42,22.45,6.71,255,30.00,
711.2091789245605,33.27,25.30,23.48,22.49,6.71,255,30.00,
711.6582958698273,33.36,25.37,23.55,22.56,6.71,255,30.00,
712.3276460170746,33.38,25.39,23.61,22.62,6.45,255,30.00,
712.6694762706757,33.51,25.53,23.67,22.68,6.45,255,30.00,
713.224942445755,33.58,25.57,23.74,22.72,6.45,255,30.00,
713.6800265312195,33.65,25.64,23.80,22.76,6.45,255,30.00,
714.3524651527405,33.72,25.70,23.87,22.82,6.20,255,30.00,
714.6917307376862,33.76,25.76,23.93,22.90,6.20,255,30.00,
715.2520070075989,33.87,25.85,24.00,22.92,6.20,255,30.00,
715.7028307914734,33.94,25.91,24.06,23.01,6.20,255,30.00,
716.370630979538,34.03,25.99,24.13,23.05,5.94,255,30.00,
716.7138299942017,34.10,26.08,24.19,23.13,5.94,255,30.00,
717.2811448574066,34.17,26.14,24.26,23.17,5.94,255,30.00,
717.7291984558105,34.21,26.20,24.32,23.21,5.94,255,30.00,
718.4020984172821,34.28,26.26,24.39,23.30,5.68,255,30.00,
718.7386994361877,34.31,26.35,24.45,23.34,5.68,255,30.00,
719.2974278926849,34.40,26.37,24.51,23.40,5.68,255,30.00,
719.7460861206055,34.49,26.43,24.58,23.42,5.68,255,30.00,
720.4191591739655,34.56,26.51,24.64,23.50,5.42,255,30.00,
720.757789850235,34.65,26.60,24.71,23.54,5.42,255,30.00,
721.3125944137573,34.72,26.66,24.77,23.60,5.42,255,30.00,
721.768462896347,34.79,26.72,24.84,23.67,5.42,255,30.00,
722.4473102092743,34.83,26.79,24.90,23.73,5.16,255,30.00,
722.7808170318604,34.90,26.87,24.96,23.79,5.16,255,30.00,
723.346150636673,34.97,26.91,25.03,23.83,5.16,255,30.00,
723.793886423111,34.99,27.00,25.09,23.89,5.16,255,30.00,
724.4614524841309,35.11,27.06,25.16,23.96,4.91,255,30.00,
724.802018404007,35.18,27.12,25.22,24.02,4.91,255,30.00,
725.3575897216797,35.25,27.19,25.29,24.10,4.91,255,30.00,
725.8133451938629,35.31,27.25,25.35,24.14,4.91,255,30.00,
726.4778051376343,35.38,27.31,25.41,24.18,4.65,255,30.00,
726.8239331245422,35.43,27.36,25.48,24.22,4.65,255,30.00,
727.3871641159058,35.48,27.44,25.54,24.31,4.65,255,30.00,
727.8355855941772,35.52,27.53,25.60,24.35,4.65,255,30.00,
728.5065698623657,35.55,27.57,25.67,24.43,4.40,255,30.00,
728.84716963768,35.55,27.63,25.73,24.49,4.40,255,30.00,
729.3977544307709,35.55,27.70,25.79,24.53,4.40,255,30.00,
729.858211517334,35.55,27.74,25.86,24.60,4.40,255,30.00,
730.532975435257,35.55,27.80,25.92,24.66,4.14,255,30.00,
730.8693075180054,35.55,27.84,25.98,24.70,4.14,255,30.00,
731.4271931648254,35.55,27.95,26.04,24.78,4.14,255,30.00,
731.8802034854889,35.57,27.99,26.10,24.83,4.14,255,30.00,
732.5474193096161,35.55,28.06,26.17,24.91,3.90,255,30.00,
732.8912081718445,35.57,28.14,26.23,24.95,3.90,255,30.00,
733.4390592575073,35.55,28.18,26.29,24.99,3.90,255,30.00,
733.9026775360107,35.57,28.20,26.35,25.01,3.90,255,30.00,
734.5764951705933,35.57,28.31,26.41,25.12,3.65,255,30.00,
734.9134182929993,35.55,28.37,26.47,25.18,3.65,255,30.00,
735.4646496772766,35.57,28.40,26.53,25.20,3.65,255,30.00,
735.9249155521393,35.55,28.48,26.59,25.28,3.65,255,30.00,
736.6023099422455,35.57,28.55,26.65,25.34,3.41,253,30.00,
736.9377830028534,35.57,28.61,26.71,25.41,3.41,253,30.00,
737.4980916976929,35.57,28.65,26.77,25.43,3.41,253,30.00,
737.9477550983429,35.57,28.72,26.83,25.51,3.41,253,30.00,
738.6147832870483,35.57,28.78,26.89,25.55,3.17,249,30.00,
738.9586973190308,35.57,28.82,26.95,25.62,3.17,249,30.00,
739.5097815990448,35.57,28.87,27.01,25.68,3.17,249,30.00,
739.9700002670288,35.57,28.93,27.06,25.72,3.17,249,30.00,
740.6406183242798,35.57,28.99,27.12,25.76,2.94,246,30.00,
740.9813897609711,35.57,29.06,27.18,25.82,2.94,246,30.00,
741.5370848178864,35.57,29.12,27.24,25.89,2.94,246,30.00,
741.9917635917664,35.57,29.17,27.29,25.95,2.94,246,30.00,
742.6556839942932,35.57,29.23,27.35,25.99,2.71,243,30.00,
743.0036473274231,35.57,29.29,27.41,26.05,2.71,243,30.00,
743.568540096283,35.57,29.36,27.46,26.12,2.71,243,30.00,
744.0175650119781,35.57,29.40,27.52,26.16,2.71,243,30.00,
744.6872942447662,35.59,29.47,27.57,26.20,2.48,239,30.00,
745.0240378379822,35.57,29.51,27.63,26.26,2.48,239,30.00,
745.5782787799835,35.57,29.57,27.69,26.33,2.48,239,30.00,
746.0350573062897,35.57,29.62,27.74,26.35,2.48,239,30.00,
746.7143757343292,35.57,29.70,27.79,26.43,2.26,236,30.00,
747.0497064590454,35.57,29.72,27.85,26.45,2.26,236,30.00,
747.6076884269714,35.59,29.79,27.90,26.54,2.26,236,30.00,
748.0587251186371,35.57,29.85,27.96,26.60,2.26,236,30.00,
748.725753068924,35.57,29.90,28.01,26.64,2.04,233,30.00,
749.0703704357147,35.57,29.94,28.06,26.68,2.04,233,30.00,
749.6341090202332,35.57,29.98,28.12,26.75,2.04,233,30.00,
750.0797078609467,35.57,30.07,28.17,26.79,2.04,233,30.00,
750.7546861171722,35.57,30.11,28.22,26.85,1.83,229,30.00,
751.0911536216736,35.59,30.18,28.27,26.91,1.83,229,30.00,
751.6458790302277,35.59,30.20,28.32,26.94,1.83,229,30.00,
752.1025283336639,35.59,30.27,28.37,27.00,1.83,229,30.00,
752.7750923633575,35.59,30.33,28.43,27.06,1.63,226,30.00,
753.114358663559,35.59,30.35,28.48,27.10,1.63,226,30.00,
753.670361995697,35.57,30.42,28.53,27.17,1.63,226,30.00,
754.1256890296936,35.59,30.42,28.58,27.23,1.63,226,30.00,
754.7932994365692,35.59,30.50,28.62,27.27,1.42,223,30.00,
755.1368460655212,35.57,30.55,28.67,27.31,1.42,223,30.00,
755.7048308849335,35.57,30.59,28.72,27.34,1.42,223,30.00,
756.1464469432831,35.59,30.66,28.77,27.42,1.42,223,30.00,
756.8208673000336,35.59,30.68,28.82,27.44,1.23,220,30.00,
757.1587352752686,35.59,30.72,28.87,27.50,1.23,220,30.00,
757.7168915271759,35.57,30.83,28.91,27.59,1.23,220,30.00,
758.1695802211761,35.59,30.85,28.96,27.63,1.23,220,30.00,
758.8320643901825,35.59,30.90,29.01,27.67,1.04,217,30.00,
759.1804552078247,35.59,30.96,29.05,27.72,1.04,217,30.00,
759.7498965263367,35.59,30.98,29.10,27.76,1.04,217,30.00,
760.1931607723236,35.57,31.05,29.15,27.82,1.04,217,30.00,
760.8657233715057,35.57,31.09,29.19,27.89,0.85,214,30.00,
761.2031469345093,35.57,31.14,29.24,27.91,0.85,214,30.00,
761.7574625015259,35.59,31.14,29.28,27.97,0.85,214,30.00,
762.2145490646362,35.57,31.20,29.33,28.01,0.85,214,30.00,
762.8874485492706,35.59,31.25,29.37,28.08,0.67,211,30.00,
763.2275922298431,35.57,31.27,29.41,28.12,0.67,211,30.00,
763.7880654335022,35.57,31.31,29.46,28.16,0.67,211,30.00,
764.2368335723877,35.57,31.33,29.50,28.18,0.67,211,30.00,
764.9023725986481,35.57,31.38,29.54,28.25,0.50,208,30.00,
765.2471239566803,35.59,31.44,29.58,28.31,0.50,208,30.00,
765.8014924526215,35.57,31.47,29.62,28.35,0.50,208,30.00,
766.2579462528229,35.57,31.51,29.67,28.40,0.50,208,30.00,
766.9238884449005,35.59,31.53,29.71,28.42,0.33,205,30.00,
767.2700061798096,35.57,31.55,29.75,28.44,0.33,205,30.00,
767.825133562088,35.57,31.58,29.79,28.50,0.33,205,30.00,
768.2806880474091,35.59,31.62,29.82,28.55,0.33,205,30.00,
768.9298820495605,35.57,31.64,29.86,28.59,0.18,202,30.00,
769.2922761440277,35.57,31.62,29.90,28.65,0.18,202,30.00,
769.85737657547,35.57,31.69,29.94,28.65,0.18,202,30.00,
770.3049764633179,35.57,31.73,29.97,28.72,0.18,202,30.00,
770.9727597236633,35.57,31.75,30.01,28.76,0.03,199,30.00,
771.3136904239655,35.57,31.80,30.05,28.80,0.03,199,30.00,
771.8669857978821,35.57,31.82,30.08,28.84,0.03,199,30.00,
772.3254432678223,35.59,31.82,30.12,28.84,0.03,199,30.00,
773.0030059814453,35.59,31.86,30.15,28.93,-0.12,197,30.00,
773.3373687267303,35.57,31.88,30.19,28.97,-0.12,197,30.00,
773.897721529007,35.57,31.86,30.22,28.95,-0.12,197,30.00,
774.3480217456818,35.57,31.95,30.25,29.04,-0.12,197,30.00,
775.0156009197235,35.57,31.93,30.29,29.08,-0.25,194,30.00,
775.3602411746979,35.57,31.97,30.32,29.10,-0.25,194,30.00,
775.9129753112793,35.57,32.00,30.35,29.14,-0.25,194,30.00,
776.3718783855438,35.57,32.02,30.38,29.19,-0.25,194,30.00,
777.0433971881866,35.57,32.02,30.41,29.21,-0.38,192,30.00,
777.3821821212769,35.57,32.04,30.44,29.25,-0.38,192,30.00,
777.9380166530609,35.57,32.06,30.47,29.27,-0.38,192,30.00,
778.3931732177734,35.57,32.08,30.50,29.32,-0.38,192,30.00,
779.0561647415161,35.57,32.08,30.53,29.34,-0.50,189,30.00,
779.4037933349609,35.57,32.11,30.56,29.38,-0.50,189,30.00,
779.9638044834137,35.57,32.15,30.58,29.42,-0.50,189,30.00,
780.415374994278,35.57,32.13,30.61,29.44,-0.50,189,30.00,
781.0821583271027,35.57,32.17,30.64,29.49,-0.61,187,30.00,
781.426700592041,35.57,32.15,30.67,29.51,-0.61,187,30.00,
781.9672954082489,35.57,32.17,30.69,29.53,-0.61,187,30.00,
782.4367151260376,35.57,32.15,30.72,29.53,-0.61,187,30.00,
783.1094424724579,35.57,32.19,30.74,29.60,-0.72,185,30.00,
783.4495205879211,35.57,32.15,30.76,29.62,-0.72,185,30.00,
784.0062708854675,35.57,32.19,30.79,29.64,-0.72,185,30.00,
784.4593575000763,35.57,32.22,30.81,29.68,-0.72,185,30.00,
785.1254515647888,35.57,32.17,30.83,29.68,-0.81,183,30.00,
785.4711611270905,35.57,32.24,30.85,29.75,-0.81,183,30.00,
786.0368831157684,35.57,32.24,30.88,29.75,-0.81,183,30.00,
786.4873175621033,35.57,32.22,30.90,29.75,-0.81,183,30.00,
787.1624426841736,35.57,32.26,30.92,29.81,-0.90,181,30.00,
787.4956285953522,35.55,32.26,30.94,29.83,-0.90,181,30.00,
788.0515079498291,35.55,32.28,30.96,29.88,-0.90,181,30.00,
788.5032773017883,35.55,32.28,30.98,29.90,-0.90,181,30.00,
789.1668975353241,35.57,32.28,31.00,29.92,-0.98,180,30.00,
789.5153660774231,35.57,32.31,31.02,29.94,-0.98,180,30.00,
790.078973531723,35.55,32.33,31.03,29.98,-0.98,180,30.00,
790.5271236896515,35.55,32.31,31.05,29.94,-0.98,180,30.00,
791.1955199241638,35.57,32.33,31.07,30.01,-1.05,178,30.00,
791.5383796691895,35.55,32.33,31.09,30.01,-1.05,178,30.00,
792.0912697315216,35.57,32.35,31.11,30.05,-1.05,178,30.00,
792.5492191314697,35.57,32.33,31.12,30.07,-1.05,178,30.00,
793.2121665477753,35.55,32.35,31.14,30.05,-1.12,176,30.00,
793.5597503185272,35.55,32.33,31.16,30.07,-1.12,176,30.00,
794.113929271698,35.55,32.39,31.17,30.14,-1.12,176,30.00,
794.569821357727,35.55,32.39,31.19,30.16,-1.12,176,30.00,
795.2325994968414,35.55,32.37,31.20,30.18,-1.19,175,30.00,
795.5828576087952,35.55,32.39,31.22,30.20,-1.19,175,30.00,
796.145073890686,35.55,32.39,31.23,30.22,-1.19,175,30.00,
796.5936460494995,35.50,32.39,31.25,30.22,-1.19,175,30.00,
797.2634119987488,35.43,32.42,31.26,30.27,-1.25,173,30.00,
797.6044542789459,35.41,32.42,31.28,30.31,-1.25,173,30.00,
798.156331539154,35.34,32.39,31.29,30.31,-1.25,173,30.00,
798.6156628131866,35.27,32.42,31.30,30.33,-1.25,173,30.00,
799.2852113246918,35.22,32.42,31.31,30.35,-1.30,172,30.00,
799.6276812553406,35.22,32.42,31.33,30.35,-1.30,172,30.00,
800.1806788444519,35.18,32.44,31.34,30.40,-1.30,172,30.00,
800.6387083530426,35.13,32.44,31.35,30.42,-1.30,172,30.00,
801.3123261928558,35.08,32.42,31.36,30.42,-1.35,171,30.00,
801.6494574546814,35.04,32.39,31.37,30.40,-1.35,171,30.00,
802.2096467018127,35.02,32.39,31.38,30.42,-1.35,171,30.00,
802.6604506969452,34.97,32.37,31.39,30.40,-1.35,171,30.00,
803.3277864456177,34.97,32.39,31.40,30.46,-1.39,170,30.00,
803.6704180240631,34.92,32.42,31.41,30.48,-1.39,170,30.00,
804.2200357913971,34.85,32.37,31.42,30.50,-1.39,170,30.00,
804.6817638874054,34.85,32.39,31.43,30.50,-1.39,170,30.00,
805.3563213348389,34.85,32.39,31.44,30.53,-1.43,169,30.00,
805.6931245326996,34.79,32.37,31.45,30.53,-1.43,169,30.00,
806.2507164478302,34.76,32.37,31.45,30.55,-1.43,169,30.00,
806.7047026157379,34.69,32.39,31.46,30.57,-1.43,169,30.00,
807.3695952892303,34.69,32.35,31.47,30.55,-1.46,168,30.00,
807.7154638767242,34.65,32.35,31.47,30.57,-1.46,168,30.00,
808.2805347442627,34.63,32.37,31.48,30.61,-1.46,168,30.00,
808.7255840301514,34.56,32.35,31.49,30.61,-1.46,168,30.00,
809.4000372886658,34.56,32.35,31.49,30.64,-1.49,167,30.00,
809.737313747406,34.53,32.35,31.50,30.64,-1.49,167,30.00,
810.2900414466858,34.47,32.35,31.50,30.64,-1.49,167,30.00,
810.7487435340881,34.47,32.35,31.51,30.64,-1.49,167,30.00,
811.4270720481873,34.42,32.31,31.51,30.64,-1.51,166,30.00,
811.7600593566895,34.35,32.33,31.51,30.64,-1.51,166,30.00,
812.3228557109833,34.33,32.31,31.52,30.64,-1.51,166,30.00,
812.7716510295868,34.31,32.33,31.52,30.68,-1.51,166,30.00,
813.440141916275,34.26,32.31,31.52,30.68,-1.52,165,30.00,
813.7825293540955,34.21,32.26,31.53,30.64,-1.52,165,30.00,
814.337541103363,34.19,32.31,31.53,30.70,-1.52,165,30.00,
814.7944602966309,34.15,32.28,31.53,30.68,-1.52,165,30.00,
815.4693171977997,34.12,32.28,31.53,30.70,-1.53,164,30.00,
815.8044483661652,34.08,32.26,31.53,30.70,-1.53,164,30.00,
816.3612942695618,34.06,32.26,31.54,30.68,-1.53,164,30.00,
816.81542801857,34.01,32.22,31.54,30.66,-1.53,164,30.00,
817.4808282852173,33.97,32.22,31.54,30.68,-1.54,164,30.00,
817.8275873661041,33.94,32.22,31.54,30.70,-1.54,164,30.00,
818.3905785083771,33.92,32.22,31.54,30.68,-1.54,164,30.00,
818.8378758430481,33.85,32.24,31.54,30.72,-1.54,164,30.00,
819.5070056915283,33.87,32.19,31.54,30.70,-1.54,163,30.00,
819.8491506576538,33.83,32.17,31.54,30.66,-1.54,163,30.00,
820.398678779602,33.81,32.17,31.53,30.70,-1.54,163,30.00,
820.8604760169983,33.78,32.19,31.53,30.72,-1.54,163,30.00,
821.5366334915161,33.74,32.15,31.53,30.70,-1.53,163,30.00,
821.8711791038513,33.67,32.11,31.53,30.70,-1.53,163,30.00,
822.4273583889008,33.69,32.15,31.53,30.72,-1.53,163,30.00,
822.8822937011719,33.67,32.13,31.52,30.70,-1.53,163,30.00,
823.5548493862152,33.63,32.11,31.52,30.68,-1.52,163,30.00,
823.8943457603455,33.58,32.04,31.52,30.70,-1.52,163,30.00,
824.4601695537567,33.60,32.11,31.51,30.70,-1.52,163,30.00,
824.9089751243591,33.58,32.11,31.51,30.70,-1.52,163,30.00,
825.5584111213684,33.58,32.11,31.51,30.72,-1.51,163,30.00,
825.9160876274109,33.54,32.06,31.50,30.70,-1.51,163,30.00,
826.4734628200531,33.51,32.08,31.50,30.70,-1.51,163,30.00,
826.9270944595337,33.47,32.06,31.50,30.70,-1.51,163,30.00,
827.6058382987976,33.45,32.04,31.49,30.68,-1.50,162,30.00,
827.9428215026855,33.42,32.04,31.49,30.70,-1.50,162,30.00,
828.4975326061249,33.40,32.04,31.48,30.70,-1.50,162,30.00,
828.9493355751038,33.36,32.02,31.48,30.66,-1.50,162,30.00,
829.6184022426605,33.38,32.04,31.47,30.70,-1.48,162,30.00,
829.9611432552338,33.33,32.02,31.47,30.68,-1.48,162,30.00,
830.525636434555,33.31,32.02,31.46,30.68,-1.48,162,30.00,
830.9718861579895,33.31,32.02,31.46,30.70,-1.48,162,30.00,
831.6460535526276,33.29,32.00,31.45,30.70,-1.46,162,30.00,
831.9828772544861,33.22,31.95,31.45,30.70,-1.46,162,30.00,
832.5397634506226,33.27,32.00,31.44,30.70,-1.46,162,30.00,
832.9942805767059,33.24,32.02,31.44,30.72,-1.46,162,30.00,
833.6253492832184,33.22,31.95,31.43,30.72,-1.44,162,30.00,
834.0047254562378,33.22,31.97,31.43,30.72,-1.44,162,30.00,
834.5655822753906,33.20,31.97,31.42,30.70,-1.44,162,30.00,
835.0161514282227,33.11,31.95,31.42,30.72,-1.44,162,30.00,
835.6877861022949,33.11,31.95,31.41,30.72,-1.42,162,30.00,
836.025633096695,33.06,31.93,31.41,30.72,-1.42,162,30.00,
836.5805928707123,33.04,31.93,31.40,30.72,-1.42,162,30.00,
837.0384790897369,33.02,31.93,31.39,30.70,-1.42,162,30.00,
837.7151191234589,33.02,31.91,31.39,30.70,-1.39,162,30.00,
838.0507864952087,33.02,31.91,31.38,30.70,-1.39,162,30.00,
838.6133127212524,33.00,31.88,31.38,30.70,-1.39,162,30.00,
839.0605223178864,33.00,31.86,31.37,30.68,-1.39,162,30.00,
839.7218248844147,32.93,31.88,31.36,30.68,-1.37,162,30.00,
840.0715692043304,32.95,31.84,31.36,30.66,-1.37,162,30.00,
840.6347181797028,32.95,31.86,31.35,30.68,-1.37,162,30.00,
841.0849452018738,32.91,31.84,31.34,30.66,-1.37,162,30.00,
841.7500669956207,32.93,31.80,31.34,30.61,-1.34,162,30.00,
842.0940594673157,32.93,31.77,31.33,30.59,-1.34,162,30.00,
842.6495070457458,32.91,31.77,31.32,30.64,-1.34,162,30.00,
843.1055979728699,32.91,31.77,31.31,30.61,-1.34,162,30.00,
843.7823257446289,32.93,31.77,31.30,30.64,-1.31,162,30.00,
844.1212747097015,32.91,31.77,31.30,30.61,-1.31,162,30.00,
844.6808924674988,32.88,31.75,31.29,30.59,-1.31,162,30.00,
845.1276443004608,32.88,31.73,31.28,30.61,-1.31,162,30.00,
845.7971172332764,32.86,31.71,31.27,30.59,-1.28,162,30.00,
846.1375286579132,32.86,31.71,31.26,30.61,-1.28,162,30.00,
846.6936132907867,32.82,31.66,31.26,30.61,-1.28,162,30.00,
847.1505093574524,32.82,31.69,31.25,30.59,-1.28,162,30.00,
847.8260779380798,32.84,31.71,31.24,30.61,-1.25,163,30.00,
848.1628813743591,32.82,31.69,31.23,30.57,-1.25,163,30.00,
848.7191174030304,32.80,31.66,31.22,30.57,-1.25,163,30.00,
849.1705837249756,32.80,31.66,31.21,30.57,-1.25,163,30.00,
849.8392953872681,32.80,31.66,31.21,30.55,-1.21,163,30.00,
850.1822152137756,32.75,31.64,31.20,30.55,-1.21,163,30.00,
850.7387516498566,32.77,31.64,31.19,30.55,-1.21,163,30.00,
851.1939613819122,32.77,31.62,31.18,30.53,-1.21,163,30.00,
851.8508102893829,32.75,31.60,31.17,30.53,-1.18,163,30.00,
852.2055592536926,32.75,31.60,31.16,30.48,-1.18,163,30.00,
852.7642841339111,32.71,31.58,31.15,30.53,-1.18,163,30.00,
853.2164552211761,32.73,31.58,31.15,30.53,-1.18,163,30.00,
853.8810594081879,32.71,31.55,31.14,30.55,-1.15,163,30.00,
854.2273449897766,32.71,31.55,31.13,30.48,-1.15,163,30.00,
854.7929084300995,32.73,31.55,31.12,30.50,-1.15,163,30.00,
855.2373678684235,32.71,31.55,31.11,30.50,-1.15,163,30.00,
855.8954796791077,32.68,31.51,31.10,30.46,-1.11,164,30.00,
856.2494838237762,32.71,31.55,31.09,30.53,-1.11,164,30.00,
856.8059656620026,32.68,31.58,31.08,30.53,-1.11,164,30.00,
857.2597014904022,32.66,31.55,31.08,30.55,-1.11,164,30.00,
857.9239454269409,32.64,31.51,31.07,30.48,-1.08,164,30.00,
858.2724366188049,32.66,31.53,31.06,30.55,-1.08,164,30.00,
858.8363616466522,32.62,31.53,31.05,30.53,-1.08,164,30.00,
859.282514333725,32.62,31.53,31.05,30.53,-1.08,164,30.00,
859.9557881355286,32.57,31.51,31.04,30.50,-1.05,164,30.00,
860.2945747375488,32.55,31.49,31.03,30.46,-1.05,164,30.00,
860.8519763946533,32.53,31.44,31.02,30.50,-1.05,164,30.00,
861.3055946826935,32.55,31.47,31.01,30.46,-1.05,164,30.00,
861.9339118003845,32.55,31.44,31.01,30.46,-1.01,164,30.00,
862.3162062168121,32.57,31.47,31.00,30.44,-1.01,164,30.00,
862.8819735050201,32.51,31.47,30.99,30.44,-1.01,164,30.00,
863.3273301124573,32.55,31.44,30.98,30.44,-1.01,164,30.00,
863.9975988864899,32.55,31.42,30.97,30.40,-0.98,165,30.00,
864.3386330604553,32.55,31.42,30.97,30.42,-0.98,165,30.00,
864.880081653595,32.55,31.40,30.96,30.40,-0.98,165,30.00,
865.3501060009003,32.55,31.40,30.95,30.37,-0.98,165,30.00,
866.0281541347504,32.53,31.36,30.94,30.37,-0.95,165,30.00,
866.3623540401459,32.55,31.36,30.93,30.37,-0.95,165,30.00,
866.922194480896,32.53,31.33,30.92,30.35,-0.95,165,30.00,
867.3706634044647,32.53,31.33,30.91,30.35,-0.95,165,30.00,
868.0339992046356,32.55,31.33,30.91,30.33,-0.91,165,30.00,
868.3840708732605,32.55,31.31,30.90,30.31,-0.91,165,30.00,
868.9437627792358,32.53,31.31,30.89,30.31,-0.91,165,30.00,
869.3941900730133,32.53,31.29,30.88,30.31,-0.91,165,30.00,
870.0606088638306,32.48,31.27,30.87,30.31,-0.88,166,30.00,
870.4046959877014,32.51,31.29,30.86,30.29,-0.88,166,30.00,
870.9555106163025,32.51,31.27,30.85,30.29,-0.88,166,30.00,
871.4164848327637,32.51,31.27,30.84,30.29,-0.88,166,30.00,
872.0917751789093,32.51,31.22,30.84,30.22,-0.84,166,30.00,
872.4263248443604,32.51,31.25,30.83,30.27,-0.84,166,30.00,
872.9803946018219,32.51,31.25,30.82,30.27,-0.84,166,30.00,
873.4387545585632,32.53,31.25,30.81,30.24,-0.84,166,30.00,
874.0705711841583,32.53,31.22,30.80,30.24,-0.81,166,30.00,
874.4501261711121,32.53,31.25,30.79,30.24,-0.81,166,30.00,
875.0116522312164,32.53,31.22,30.79,30.22,-0.81,166,30.00,
875.4605369567871,32.51,31.20,30.78,30.20,-0.81,166,30.00,
876.1288197040558,32.51,31.20,30.77,30.22,-0.78,167,30.00,
876.4713182449341,32.48,31.16,30.76,30.18,-0.78,167,30.00,
877.0280752182007,32.53,31.20,30.75,30.18,-0.78,167,30.00,
877.4827592372894,32.53,31.20,30.75,30.20,-0.78,167,30.00,
878.141092300415,32.53,31.18,30.74,30.20,-0.75,167,30.00,
878.494633436203,32.55,31.20,30.73,30.20,-0.75,167,30.00,
879.0533108711243,32.53,31.20,30.72,30.18,-0.75,167,30.00,
879.5052852630615,32.53,31.18,30.72,30.16,-0.75,167,30.00,
880.1747653484344,32.53,31.20,30.71,30.18,-0.72,167,30.00,
880.5167610645294,32.51,31.14,30.70,30.16,-0.72,167,30.00,
881.0843994617462,32.51,31.14,30.70,30.11,-0.72,167,30.00,
881.531708240509,32.53,31.16,30.69,30.14,-0.72,167,30.00,
882.1978063583374,32.51,31.12,30.68,30.11,-0.69,168,30.00,
882.5380811691284,32.53,31.16,30.67,30.14,-0.69,168,30.00,
883.0941474437714,32.53,31.16,30.67,30.14,-0.69,168,30.00,
883.5484414100647,32.55,31.16,30.66,30.14,-0.69,168,30.00,
884.1768689155579,32.55,31.16,30.65,30.14,-0.66,168,30.00,
884.6054520606995,32.51,31.12,30.65,30.07,-0.66,168,30.00,
885.0660750865936,32.55,31.14,30.64,30.11,-0.66,168,30.00,
885.6315433979034,32.55,31.14,30.64,30.11,-0.66,168,30.00,
886.2058007717133,32.57,31.14,30.63,30.14,-0.64,168,30.00,
886.5836780071259,32.57,31.16,30.62,30.14,-0.64,168,30.00,
887.1498756408691,32.55,31.14,30.62,30.14,-0.64,168,30.00,
887.6000542640686,32.55,31.14,30.61,30.11,-0.64,168,30.00,
888.236486196518,32.55,31.16,30.61,30.14,-0.61,168,30.00,
888.6641244888306,32.53,31.16,30.60,30.11,-0.61,168,30.00,
889.1101982593536,32.53,31.14,30.60,30.11,-0.61,168,30.00,
889.6357183456421,32.55,31.12,30.59,30.09,-0.61,168,30.00,
890.273916721344,32.55,31.12,30.59,30.09,-0.59,169,30.00,
890.6263661384583,32.57,31.14,30.58,30.09,-0.59,169,30.00,
891.1470289230347,32.48,31.14,30.58,30.09,-0.59,169,30.00,
891.6564874649048,32.53,31.12,30.57,30.07,-0.59,169,30.00,
892.2804934978485,32.55,31.12,30.57,30.07,-0.57,169,30.00,
892.64866065979,32.55,31.09,30.56,30.05,-0.57,169,30.00,
893.1859467029572,32.57,31.12,30.56,30.05,-0.57,169,30.00,
893.6597516536713,32.57,31.12,30.55,30.05,-0.57,169,30.00,
894.3136246204376,32.53,31.09,30.55,30.05,-0.55,169,30.00,
894.6706845760345,32.55,31.07,30.55,30.01,-0.55,169,30.00,
895.2208623886108,32.57,31.12,30.54,30.07,-0.55,169,30.00,
895.6820783615112,32.57,31.09,30.54,30.05,-0.55,169,30.00,
896.350733757019,32.59,31.09,30.53,30.01,-0.54,169,30.00,
896.6931812763214,32.59,31.14,30.53,30.03,-0.54,169,30.00,
897.2239143848419,32.57,31.09,30.52,30.01,-0.54,169,30.00,
897.7049131393433,32.57,31.05,30.52,29.94,-0.54,169,30.00,
898.3773746490479,32.55,31.03,30.52,29.94,-0.52,169,30.00,
898.7161960601807,32.51,31.07,30.51,29.96,-0.52,169,30.00,
899.2655582427979,32.57,31.07,30.51,29.98,-0.52,169,30.00,
899.7278640270233,32.55,31.05,30.50,29.96,-0.52,169,30.00,
900.4019875526428,32.57,31.05,30.50,29.98,-0.50,169,30.00,
900.7380719184875,32.57,31.07,30.49,29.96,-0.50,169,30.00,
901.2631232738495,32.57,31.05,30.49,29.94,-0.50,169,30.00,
901.7504312992096,32.55,31.05,30.49,29.94,-0.50,169,30.00,
902.4255921840668,32.57,31.05,30.48,29.96,-0.49,169,30.00,
902.7597095966339,32.53,31.01,30.48,29.94,-0.49,169,30.00,
903.3204164505005,32.57,31.05,30.47,29.96,-0.49,169,30.00,
903.7715120315552,32.57,31.05,30.47,29.96,-0.49,169,30.00,
904.4017131328583,32.57,31.05,30.47,29.94,-0.47,170,30.00,
904.7825837135315,32.57,31.03,30.46,29.92,-0.47,170,30.00,
905.3390755653381,32.55,31.03,30.46,29.92,-0.47,170,30.00,
905.7942686080933,32.55,30.98,30.46,29.88,-0.47,170,30.00,
906.4674220085144,32.57,30.98,30.45,29.88,-0.46,170,30.00,
906.8038914203644,32.57,30.98,30.45,29.90,-0.46,170,30.00,
907.3547148704529,32.57,31.01,30.44,29.92,-0.46,170,30.00,
907.8757088184357,32.59,31.01,30.44,29.92,-0.46,170,30.00,
908.4519243240356,32.59,31.01,30.44,29.94,-0.44,170,30.00,
908.8282625675201,32.59,31.03,30.43,29.94,-0.44,170,30.00,
909.3889524936676,32.62,31.03,30.43,29.94,-0.44,170,30.00,
909.8376026153564,32.59,31.03,30.43,29.94,-0.44,170,30.00,
910.5104587078094,32.59,30.98,30.42,29.94,-0.43,170,30.00,
910.8506169319153,32.57,31.01,30.42,29.96,-0.43,170,30.00,
911.4049713611603,32.59,31.01,30.42,29.98,-0.43,170,30.00,
911.8601834774017,32.57,30.96,30.41,29.92,-0.43,170,30.00,
912.5205910205841,32.59,30.96,30.41,29.94,-0.41,170,30.00,
912.8722524642944,32.59,30.96,30.41,29.92,-0.41,170,30.00,
913.4300119876862,32.57,30.96,30.40,29.94,-0.41,170,30.00,
913.883630990982,32.59,30.98,30.40,29.92,-0.41,170,30.00,
914.5489854812622,32.59,30.96,30.40,29.94,-0.40,170,30.00,
914.8952260017395,32.59,30.98,30.39,29.94,-0.40,170,30.00,
915.4524440765381,32.57,30.96,30.39,29.92,-0.40,170,30.00,
915.9054448604584,32.57,30.98,30.39,29.94,-0.40,170,30.00,
916.5761604309082,32.57,30.98,30.38,29.92,-0.39,170,30.00,
916.915901184082,32.55,30.96,30.38,29.90,-0.39,170,30.00,
917.4503316879272,32.55,30.96,30.38,29.94,-0.39,170,30.00,
917.9270842075348,32.57,30.98,30.38,29.94,-0.39,170,30.00,
918.6052775382996,32.53,30.96,30.37,29.94,-0.38,170,30.00,
918.9382784366608,32.55,30.94,30.37,29.88,-0.38,170,30.00,
919.5009317398071,32.55,30.96,30.37,29.92,-0.38,170,30.00,
919.9487135410309,32.55,30.98,30.37,29.90,-0.38,170,30.00,
920.6162066459656,32.55,30.96,30.36,29.90,-0.37,170,30.00,
920.9606051445007,32.53,30.96,30.36,29.90,-0.37,170,30.00,
921.4994599819183,32.53,30.92,30.36,29.81,-0.37,170,30.00,
921.9713957309723,32.55,30.96,30.36,29.88,-0.37,170,30.00,
922.6499285697937,32.55,30.92,30.35,29.83,-0.36,170,30.00,
922.9821045398712,32.55,30.92,30.35,29.83,-0.36,170,30.00,
923.542473077774,32.57,30.94,30.35,29.83,-0.36,170,30.00,
923.9951860904694,32.55,30.94,30.35,29.83,-0.36,170,30.00,
924.6603071689606,32.57,30.90,30.34,29.79,-0.35,170,30.00,
925.0059278011322,32.59,30.92,30.34,29.83,-0.35,170,30.00,
925.5581681728363,32.57,30.90,30.34,29.77,-0.35,170,30.00,
926.0159935951233,32.53,30.92,30.33,29.79,-0.35,170,30.00,
926.6916313171387,32.59,30.92,30.33,29.77,-0.33,171,30.00,
927.027135848999,32.57,30.94,30.33,29.77,-0.33,171,30.00,
927.586030960083,32.55,30.92,30.33,29.77,-0.33,171,30.00,
928.0375075340271,32.59,30.94,30.33,29.79,-0.33,171,30.00,
928.7003293037415,32.57,30.92,30.32,29.77,-0.33,171,30.00,
929.0494751930237,32.59,30.92,30.32,29.77,-0.33,171,30.00,
929.6125268936157,32.62,30.94,30.32,29.79,-0.33,171,30.00,
930.0621566772461,32.59,30.87,30.32,29.72,-0.33,171,30.00,
930.7301955223083,32.64,30.90,30.31,29.77,-0.32,171,30.00,
931.0715610980988,32.64,30.92,30.31,29.77,-0.32,171,30.00,
931.6253635883331,32.62,30.87,30.31,29.72,-0.32,171,30.00,
932.0839037895203,32.64,30.92,30.31,29.75,-0.32,171,30.00,
932.7562348842621,32.57,30.87,30.31,29.75,-0.31,171,30.00,
933.0943522453308,32.59,30.87,30.30,29.77,-0.31,171,30.00,
933.6493117809296,32.66,30.92,30.30,29.75,-0.31,171,30.00,
934.1051530838013,32.64,30.90,30.30,29.72,-0.31,171,30.00,
934.7859725952148,32.64,30.90,30.30,29.72,-0.30,171,30.00,
935.1171288490295,32.66,30.90,30.30,29.72,-0.30,171,30.00,
935.6743321418762,32.68,30.92,30.29,29.72,-0.30,171,30.00,
936.1280846595764,32.64,30.87,30.29,29.68,-0.30,171,30.00,
936.7927067279816,32.68,30.90,30.29,29.70,-0.29,171,30.00,
937.1396255493164,32.66,30.92,30.29,29.70,-0.29,171,30.00,936.7927067279816
937.6705319881439,32.64,30.92,30.29,29.72,-0.29,171,30.00,936.7927067279816
938.1502294540405,32.64,30.90,30.29,29.70,-0.29,171,30.00,936.7927067279816
938.7801012992859,32.66,30.87,30.29,29.68,-0.29,171,30.00,936.7927067279816
939.1619155406952,32.64,30.85,30.28,29.70,-0.29,171,30.00,936.7927067279816
939.7235269546509,32.68,30.90,30.28,29.70,-0.29,171,30.00,936.7927067279816
940.1725103855133,32.62,30.85,30.28,29.70,-0.29,171,30.00,936.7927067279816
940.8398833274841,32.64,30.90,30.28,29.72,-0.28,171,30.00,936.7927067279816
941.1839702129364,32.66,30.90,30.28,29.70,-0.28,171,30.00,936.7927067279816
941.7473609447479,32.66,30.90,30.28,29.72,-0.28,171,30.00,936.7927067279816
942.1937081813812,32.66,30.87,30.27,29.70,-0.28,171,30.00,936.7927067279816
942.8631994724274,32.66,30.90,30.27,29.75,-0.27,171,30.00,936.7927067279816
943.2059104442596,32.66,30.90,30.27,29.72,-0.27,171,30.00,936.7927067279816
943.7591621875763,32.64,30.87,30.27,29.70,-0.27,171,30.00,936.7927067279816
944.2172427177429,32.66,30.92,30.27,29.75,-0.27,171,30.00,936.7927067279816
944.8965604305267,32.66,30.92,30.27,29.77,-0.27,171,30.00,936.7927067279816
945.2302470207214,32.66,30.90,30.27,29.75,-0.27,171,30.00,936.7927067279816
945.7895276546478,32.66,30.92,30.27,29.75,-0.27,171,30.00,936.7927067279816
946.2401838302612,32.64,30.87,30.27,29.70,-0.27,171,30.00,936.7927067279816
946.8917691707611,32.66,30.90,30.27,29.72,-0.27,171,30.00,936.7927067279816
947.2502977848053,32.64,30.87,30.27,29.70,-0.27,171,30.00,936.7927067279816
947.8149311542511,32.66,30.90,30.26,29.75,-0.27,171,30.00,936.7927067279816
948.260810136795,32.62,30.92,30.26,29.77,-0.27,171,30.00,936.7927067279816
948.9318151473999,32.62,30.87,30.26,29.75,-0.26,171,30.00,936.7927067279816
949.272866487503,32.64,30.87,30.26,29.77,-0.26,171,30.00,936.7927067279816
949.8127715587616,32.68,30.90,30.26,29.77,-0.26,171,30.00,936.7927067279816
950.2819995880127,32.66,30.92,30.26,29.77,-0.26,171,30.00,936.7927067279816
950.9452016353607,32.66,30.87,30.26,29.77,-0.26,171,30.00,936.7927067279816
951.2932579517365,32.68,30.90,30.26,29.77,-0.26,171,30.00,936.7927067279816
951.8532824516296,32.66,30.87,30.26,29.79,-0.26,171,30.00,936.7927067279816
952.3045475482941,32.66,30.90,30.26,29.79,-0.26,171,30.00,936.7927067279816
952.9643576145172,32.64,30.87,30.26,29.77,-0.26,171,30.00,936.7927067279816
953.3166983127594,32.64,30.87,30.26,29.75,-0.26,171,30.00,936.7927067279816
953.8773355484009,32.59,30.87,30.25,29.77,-0.26,171,30.00,936.7927067279816
954.3267540931702,32.62,30.87,30.25,29.77,-0.26,171,30.00,936.7927067279816
954.9901354312897,32.66,30.87,30.25,29.77,-0.25,171,30.00,936.7927067279816
955.3399558067322,32.64,30.90,30.25,29.77,-0.25,171,30.00,936.7927067279816
955.883120059967,32.62,30.87,30.25,29.77,-0.25,171,30.00,936.7927067279816
956.3507716655731,32.64,30.90,30.25,29.77,-0.25,171,30.00,936.7927067279816
957.0178835391998,32.62,30.90,30.25,29.75,-0.25,171,30.00,936.7927067279816
957.3611490726471,32.62,30.90,30.25,29.75,-0.25,171,30.00,936.7927067279816
957.9275395870209,32.57,30.87,30.25,29.70,-0.25,171,30.00,936.7927067279816
958.3729798793793,32.57,30.90,30.25,29.72,-0.25,171,30.00,936.7927067279816
959.0485956668854,32.57,30.87,30.25,29.72,-0.25,171,30.00,936.7927067279816
959.3838090896606,32.57,30.90,30.25,29.72,-0.25,171,30.00,936.7927067279816
959.9430501461029,32.59,30.90,30.25,29.70,-0.25,171,30.00,936.7927067279816
960.3936874866486,32.57,30.87,30.25,29.68,-0.25,171,30.00,936.7927067279816
961.0647192001343,32.62,30.87,30.25,29.68,-0.25,170,30.00,936.7927067279816
961.4056541919708,32.59,30.87,30.25,29.68,-0.25,170,30.00,936.7927067279816
961.9550898075104,32.62,30.87,30.25,29.68,-0.25,170,30.00,936.7927067279816
962.416463136673,32.62,30.85,30.25,29.68,-0.25,170,30.00,936.7927067279816
963.0941190719604,32.62,30.85,30.24,29.68,-0.25,170,30.00,936.7927067279816
963.4284358024597,32.64,30.87,30.24,29.68,-0.25,170,30.00,936.7927067279816
963.9881088733673,32.64,30.87,30.24,29.64,-0.25,170,30.00,936.7927067279816
964.4386341571808,32.62,30.85,30.24,29.62,-0.25,170,30.00,936.7927067279816
965.106255531311,32.59,30.87,30.24,29.64,-0.24,170,30.00,936.7927067279816
965.449625492096,32.62,30.90,30.24,29.66,-0.24,170,30.00,936.7927067279816
966.0171585083008,32.62,30.87,30.24,29.66,-0.24,170,30.00,936.7927067279816
966.4646942615509,32.62,30.85,30.24,29.64,-0.24,170,30.00,936.7927067279816
967.1360132694244,32.59,30.83,30.24,29.62,-0.24,170,30.00,936.7927067279816
967.4724507331848,32.64,30.87,30.24,29.64,-0.24,170,30.00,936.7927067279816
968.0242533683777,32.57,30.83,30.24,29.66,-0.24,170,30.00,936.7927067279816
968.4834561347961,32.64,30.90,30.24,29.66,-0.24,170,30.00,936.7927067279816
969.1592206954956,32.62,30.87,30.24,29.64,-0.24,170,30.00,936.7927067279816
969.4936144351959,32.64,30.87,30.24,29.66,-0.24,170,30.00,936.7927067279816
970.0569043159485,32.62,30.87,30.23,29.66,-0.24,170,30.00,936.7927067279816
970.506147146225,32.59,30.83,30.23,29.66,-0.24,170,30.00,936.7927067279816
971.1758863925934,32.57,30.85,30.23,29.64,-0.23,170,30.00,936.7927067279816
971.5164234638214,32.62,30.85,30.23,29.64,-0.23,170,30.00,936.7927067279816
972.0715336799622,32.64,30.85,30.23,29.66,-0.23,170,30.00,936.7927067279816
972.5282559394836,32.62,30.83,30.23,29.64,-0.23,170,30.00,936.7927067279816
973.1999535560608,32.64,30.83,30.23,29.64,-0.23,170,30.00,936.7927067279816
973.539368391037,32.64,30.85,30.23,29.66,-0.23,170,30.00,936.7927067279816
974.0963582992554,32.64,30.85,30.23,29.66,-0.23,170,30.00,936.7927067279816
974.550347328186,32.64,30.83,30.23,29.62,-0.23,170,30.00,936.7927067279816
975.2153837680817,32.59,30.81,30.23,29.62,-0.23,170,30.00,936.7927067279816
975.5620458126068,32.62,30.81,30.22,29.64,-0.23,170,30.00,936.7927067279816
976.1233179569244,32.62,30.81,30.22,29.62,-0.23,170,30.00,936.7927067279816
976.5729713439941,32.59,30.79,30.22,29.60,-0.23,170,30.00,936.7927067279816
977.2437949180603,32.62,30.81,30.22,29.62,-0.22,170,30.00,936.7927067279816
977.5836539268494,32.57,30.74,30.22,29.60,-0.22,170,30.00,936.7927067279816
978.1357016563416,32.62,30.79,30.22,29.60,-0.22,170,30.00,936.7927067279816
978.5934779644012,32.62,30.81,30.21,29.60,-0.22,170,30.00,936.7927067279816
979.2530801296234,32.62,30.81,30.21,29.60,-0.21,170,30.00,936.7927067279816
979.6066110134125,32.59,30.81,30.21,29.60,-0.21,170,30.00,936.7927067279816
980.1626281738281,32.57,30.77,30.21,29.55,-0.21,170,30.00,936.7927067279816
980.6174972057343,32.59,30.83,30.21,29.62,-0.21,170,30.00,936.7927067279816
981.2825553417206,32.57,30.81,30.21,29.60,-0.21,170,30.00,936.7927067279816
981.628075838089,32.59,30.81,30.21,29.60,-0.21,170,30.00,936.7927067279816
982.1963741779327,32.57,30.79,30.21,29.57,-0.21,170,30.00,936.7927067279816
982.6426656246185,32.57,30.79,30.21,29.55,-0.21,170,30.00,936.7927067279816
983.2969622612,32.59,30.79,30.20,29.57,-0.21,170,30.00,936.7927067279816
983.6512358188629,32.55,30.77,30.20,29.55,-0.21,170,30.00,936.7927067279816
984.2114927768707,32.59,30.81,30.20,29.60,-0.21,170,30.00,936.7927067279816
984.6613955497742,32.55,30.79,30.20,29.60,-0.21,170,30.00,936.7927067279816
985.3273465633392,32.57,30.81,30.20,29.60,-0.20,170,30.00,936.7927067279816
985.6733677387238,32.57,30.81,30.20,29.60,-0.20,170,30.00,936.7927067279816
986.2416355609894,32.55,30.79,30.20,29.60,-0.20,170,30.00,936.7927067279816
986.6865849494934,32.53,30.77,30.20,29.57,-0.20,170,30.00,936.7927067279816
987.3561947345734,32.57,30.79,30.20,29.60,-0.20,170,30.00,936.7927067279816
987.6948952674866,32.57,30.81,30.19,29.62,-0.20,170,30.00,936.7927067279816
988.2558767795563,32.57,30.79,30.19,29.60,-0.20,170,30.00,936.7927067279816
988.7045428752899,32.53,30.77,30.19,29.62,-0.20,170,30.00,936.7927067279816
989.3377149105072,32.55,30.79,30.19,29.60,-0.19,170,30.00,936.7927067279816
989.7647366523743,32.55,30.79,30.19,29.62,-0.19,170,30.00,936.7927067279816
990.2212386131287,32.53,30.79,30.19,29.60,-0.19,170,30.00,936.7927067279816
990.7548744678497,32.53,30.77,30.19,29.55,-0.19,170,30.00,936.7927067279816
991.3508863449097,32.53,30.74,30.19,29.60,-0.19,170,30.00,936.7927067279816
991.7691216468811,32.53,30.79,30.19,29.60,-0.19,170,30.00,936.7927067279816
992.2438695430756,32.55,30.79,30.19,29.60,-0.19,170,30.00,936.7927067279816
992.7670335769653,32.51,30.74,30.18,29.60,-0.19,170,30.00,936.7927067279816
993.3781638145447,32.53,30.74,30.18,29.62,-0.18,170,30.00,936.7927067279816
993.7609558105469,32.55,30.77,30.18,29.60,-0.18,170,30.00,936.7927067279816
994.3201098442078,32.51,30.74,30.18,29.60,-0.18,170,30.00,936.7927067279816
994.7719888687134,32.57,30.77,30.18,29.60,-0.18,170,30.00,936.7927067279816
995.4079704284668,32.55,30.77,30.18,29.57,-0.18,170,30.00,936.7927067279816
995.8158040046692,32.53,30.74,30.18,29.55,-0.18,170,30.00,936.7927067279816
996.290228843689,32.55,30.79,30.18,29.60,-0.18,170,30.00,936.7927067279816
996.8582375049591,32.51,30.74,30.17,29.55,-0.18,170,30.00,936.7927067279816
997.4332168102264,32.53,30.72,30.17,29.53,-0.17,170,30.00,936.7927067279816
997.8066108226776,32.51,30.72,30.17,29.55,-0.17,170,30.00,936.7927067279816
998.3599638938904,32.53,30.77,30.17,29.60,-0.17,170,30.00,936.7927067279816
998.8174495697021,32.51,30.74,30.17,29.55,-0.17,170,30.00,936.7927067279816
999.4846127033234,32.51,30.74,30.17,29.53,-0.17,171,30.00,936.7927067279816
999.8271412849426,32.48,30.72,30.17,29.53,-0.17,171,30.00,936.7927067279816
1000.3810970783234,32.53,30.77,30.17,29.60,-0.17,171,30.00,936.7927067279816
1000.8386521339417,32.51,30.72,30.16,29.55,-0.17,171,30.00,936.7927067279816
1001.5025403499603,32.53,30.74,30.16,29.55,-0.16,171,30.00,936.7927067279816
1001.8507940769196,32.51,30.72,30.16,29.55,-0.16,171,30.00,936.7927067279816
1002.4112923145294,32.55,30.77,30.16,29.60,-0.16,171,30.00,936.7927067279816
1002.8605415821075,32.55,30.74,30.16,29.55,-0.16,171,30.00,936.7927067279816
1003.5183997154236,32.57,30.77,30.16,29.60,-0.16,171,30.00,936.7927067279816
1003.8736164569855,32.55,30.77,30.16,29.57,-0.16,171,30.00,936.7927067279816
1004.4407496452332,32.48,30.74,30.16,29.57,-0.16,171,30.00,936.7927067279816
1004.8867206573486,32.57,30.77,30.16,29.57,-0.16,171,30.00,936.7927067279816
1005.5372514724731,32.55,30.74,30.16,29.57,-0.16,171,30.00,936.7927067279816
1005.8955092430115,32.55,30.74,30.16,29.55,-0.16,171,30.00,936.7927067279816
1006.4490814208984,32.53,30.74,30.15,29.55,-0.16,171,30.00,936.7927067279816
1006.9063189029694,32.55,30.74,30.15,29.55,-0.16,171,30.00,936.7927067279816
1007.569230556488,32.55,30.74,30.15,29.55,-0.15,171,30.00,936.7927067279816
1007.9170145988464,32.53,30.70,30.15,29.53,-0.15,171,30.00,936.7927067279816
1008.4767525196075,32.53,30.74,30.15,29.53,-0.15,171,30.00,936.7927067279816
1008.9276258945465,32.55,30.72,30.15,29.53,-0.15,171,30.00,936.7927067279816
1009.5831463336945,32.55,30.72,30.15,29.53,-0.15,171,30.00,936.7927067279816
1009.9381756782532,32.53,30.72,30.15,29.51,-0.15,171,30.00,936.7927067279816
1010.4897291660309,32.55,30.72,30.15,29.53,-0.15,171,30.00,936.7927067279816
1010.9509887695312,32.55,30.70,30.15,29.51,-0.15,171,30.00,936.7927067279816
1011.6252267360687,32.57,30.74,30.14,29.55,-0.15,171,30.00,936.7927067279816
1011.9624540805817,32.57,30.72,30.14,29.55,-0.15,171,30.00,936.7927067279816
1012.505740404129,32.57,30.72,30.14,29.53,-0.15,171,30.00,936.7927067279816
1012.9745812416077,32.53,30.68,30.14,29.49,-0.15,171,30.00,936.7927067279816
1013.6060838699341,32.48,30.70,30.14,29.53,-0.14,171,30.00,936.7927067279816
1013.9858484268188,32.53,30.70,30.14,29.53,-0.14,171,30.00,936.7927067279816
1014.5485277175903,32.51,30.68,30.14,29.49,-0.14,171,30.00,936.7927067279816
1014.9977951049805,32.53,30.70,30.14,29.53,-0.14,171,30.00,936.7927067279816
1015.6629991531372,32.53,30.68,30.13,29.51,-0.14,171,30.00,936.7927067279816
1016.0081558227539,32.55,30.70,30.13,29.49,-0.14,171,30.00,936.7927067279816
1016.5749235153198,32.53,30.70,30.13,29.49,-0.14,171,30.00,936.7927067279816
1017.0261204242706,32.55,30.70,30.13,29.49,-0.14,171,30.00,936.7927067279816
1017.6933550834656,32.57,30.70,30.13,29.51,-0.13,171,30.00,936.7927067279816
1018.0306303501129,32.55,30.72,30.13,29.49,-0.13,171,30.00,936.7927067279816
1018.5867037773132,32.55,30.72,30.13,29.51,-0.13,171,30.00,936.7927067279816
1019.0413537025452,32.53,30.72,30.13,29.49,-0.13,171,30.00,936.7927067279816
1019.675285577774,32.55,30.70,30.13,29.49,-0.13,171,30.00,936.7927067279816
1020.0524499416351,32.55,30.70,30.13,29.49,-0.13,171,30.00,936.7927067279816
1020.611407995224,32.51,30.66,30.13,29.51,-0.13,171,30.00,936.7927067279816
1021.0623655319214,32.55,30.72,30.12,29.49,-0.13,171,30.00,936.7927067279816
1021.7293901443481,32.57,30.70,30.12,29.49,-0.12,171,30.00,936.7927067279816
1022.0746870040894,32.57,30.70,30.12,29.47,-0.12,171,30.00,936.7927067279816
1022.6367037296295,32.55,30.70,30.12,29.49,-0.12,171,30.00,936.7927067279816
1023.0876619815826,32.57,30.72,30.12,29.49,-0.12,171,30.00,936.7927067279816
1023.7595567703247,32.51,30.72,30.12,29.51,-0.12,171,30.00,936.7927067279816
1024.0955464839935,32.55,30.70,30.12,29.49,-0.12,171,30.00,936.7927067279816
1024.6526114940643,32.55,30.70,30.12,29.49,-0.12,171,30.00,936.7927067279816
1025.1081237792969,32.53,30.68,30.12,29.49,-0.12,171,30.00,936.7927067279816
1025.7690036296844,32.55,30.72,30.12,29.53,-0.12,171,30.00,936.7927067279816
1026.11776137352,32.55,30.70,30.12,29.51,-0.12,171,30.00,936.7927067279816
1026.6780054569244,32.55,30.72,30.12,29.53,-0.12,171,30.00,936.7927067279816
1027.1289012432098,32.55,30.72,30.12,29.53,-0.12,171,30.00,936.7927067279816
1027.7843930721283,32.53,30.70,30.12,29.49,-0.12,171,30.00,936.7927067279816
1028.1412451267242,32.55,30.72,30.12,29.53,-0.12,171,30.00,936.7927067279816
1028.6891016960144,32.55,30.72,30.12,29.51,-0.12,171,30.00,936.7927067279816
1029.1522550582886,32.55,30.72,30.12,29.53,-0.12,171,30.00,936.7927067279816
1029.823231935501,32.55,30.72,30.12,29.53,-0.12,171,30.00,936.7927067279816
1030.1614792346954,32.51,30.74,30.12,29.53,-0.12,171,30.00,936.7927067279816
1030.7179765701294,32.53,30.72,30.12,29.53,-0.12,171,30.00,936.7927067279816
1031.1727180480957,32.55,30.74,30.12,29.53,-0.12,171,30.00,936.7927067279816
1031.834766626358,32.57,30.72,30.12,29.55,-0.12,171,30.00,936.7927067279816
1032.1853532791138,32.57,30.72,30.12,29.51,-0.12,171,30.00,936.7927067279816
1032.7498338222504,32.53,30.70,30.12,29.51,-0.12,171,30.00,936.7927067279816
1033.1957828998566,32.57,30.72,30.12,29.51,-0.12,171,30.00,936.7927067279816
1033.8662803173065,32.57,30.72,30.12,29.51,-0.12,171,30.00,936.7927067279816
1034.2065732479095,32.57,30.72,30.12,29.51,-0.12,171,30.00,936.7927067279816
1034.7551491260529,32.51,30.66,30.12,29.47,-0.12,171,30.00,936.7927067279816
1035.2175579071045,32.55,30.70,30.11,29.51,-0.12,171,30.00,936.7927067279816
1035.8948526382446,32.57,30.68,30.11,29.47,-0.11,171,30.00,936.7927067279816
1036.2294807434082,32.57,30.70,30.11,29.51,-0.11,171,30.00,936.7927067279816
1036.788340330124,32.53,30.66,30.11,29.51,-0.11,171,30.00,936.7927067279816
1037.2410361766815,32.57,30.70,30.11,29.49,-0.11,171,30.00,936.7927067279816
1037.9037868976593,32.55,30.68,30.11,29.47,-0.11,171,30.00,936.7927067279816
1038.2520668506622,32.57,30.72,30.11,29.51,-0.11,171,30.00,936.7927067279816
1038.8146119117737,32.57,30.68,30.11,29.51,-0.11,171,30.00,936.7927067279816
1039.2632570266724,32.53,30.68,30.11,29.47,-0.11,171,30.00,936.7927067279816
1039.9294667243958,32.57,30.70,30.11,29.51,-0.11,171,30.00,936.7927067279816
1040.2744266986847,32.57,30.72,30.11,29.51,-0.11,171,30.00,936.7927067279816
1040.840595960617,32.53,30.66,30.11,29.49,-0.11,171,30.00,936.7927067279816
1041.290206193924,32.55,30.70,30.11,29.51,-0.11,171,30.00,936.7927067279816
1041.9079177379608,32.57,30.70,30.11,29.51,-0.11,171,30.00,936.7927067279816
1042.3532767295837,32.55,30.70,30.11,29.51,-0.11,171,30.00,936.7927067279816
1042.8058574199677,32.57,30.70,30.11,29.51,-0.11,171,30.00,936.7927067279816
1043.3623297214508,32.57,30.70,30.11,29.53,-0.11,171,30.00,936.7927067279816
1043.9389607906342,32.57,30.70,30.10,29.53,-0.11,171,30.00,936.7927067279816
1044.319078207016,32.57,30.70,30.10,29.53,-0.11,171,30.00,936.7927067279816
1044.877329826355,32.55,30.72,30.10,29.55,-0.11,171,30.00,936.7927067279816
1045.3303496837616,32.53,30.70,30.10,29.51,-0.11,171,30.00,936.7927067279816
1045.9986169338226,32.57,30.72,30.10,29.53,-0.10,171,30.00,936.7927067279816
1046.3417375087738,32.55,30.72,30.10,29.55,-0.10,171,30.00,936.7927067279816
1046.9061527252197,32.55,30.74,30.11,29.55,-0.10,171,30.00,936.7927067279816
1047.3523380756378,32.55,30.72,30.11,29.55,-0.10,171,30.00,936.7927067279816
1048.0224001407623,32.55,30.72,30.11,29.57,-0.11,171,30.00,936.7927067279816
1048.3630921840668,32.55,30.72,30.11,29.55,-0.11,171,30.00,936.7927067279816
1048.9103467464447,32.55,30.74,30.11,29.57,-0.11,171,30.00,936.7927067279816
1049.37406539917,32.55,30.72,30.11,29.53,-0.11,171,30.00,936.7927067279816
1050.0027828216553,32.57,30.72,30.11,29.57,-0.11,171,30.00,936.7927067279816
1050.3856353759766,32.57,30.74,30.11,29.60,-0.11,171,30.00,936.7927067279816
1050.9497547149658,32.57,30.72,30.11,29.57,-0.11,171,30.00,936.7927067279816
1051.4015548229218,32.53,30.70,30.11,29.51,-0.11,171,30.00,936.7927067279816
1052.0695641040802,32.57,30.74,30.11,29.57,-0.11,171,30.00,936.7927067279816
1052.4071056842804,32.57,30.74,30.11,29.57,-0.11,171,30.00,936.7927067279816
1052.9658873081207,32.57,30.77,30.11,29.57,-0.11,171,30.00,936.7927067279816
1053.4188222885132,32.53,30.77,30.11,29.55,-0.11,171,30.00,936.7927067279816
1054.0938012599945,32.57,30.72,30.11,29.53,-0.11,170,30.00,936.7927067279816
1054.4303302764893,32.55,30.70,30.11,29.51,-0.11,170,30.00,936.7927067279816
1054.9845509529114,32.55,30.74,30.11,29.55,-0.11,170,30.00,936.7927067279816
1055.4398119449615,32.55,30.70,30.11,29.49,-0.11,170,30.00,936.7927067279816
1056.0984737873077,32.55,30.68,30.11,29.47,-0.11,170,30.00,936.7927067279816
1056.4524466991425,32.53,30.70,30.11,29.53,-0.11,170,30.00,936.7927067279816
1057.012497663498,32.57,30.74,30.11,29.53,-0.11,170,30.00,936.7927067279816
1057.462909936905,32.55,30.70,30.11,29.49,-0.11,170,30.00,936.7927067279816
1058.126458644867,32.55,30.72,30.11,29.53,-0.11,170,30.00,936.7927067279816
1058.4743959903717,32.55,30.72,30.11,29.53,-0.11,170,30.00,936.7927067279816
1059.0381338596344,32.53,30.70,30.11,29.51,-0.11,170,30.00,936.7927067279816
1059.486563205719,32.53,30.72,30.11,29.53,-0.11,170,30.00,936.7927067279816
1060.158630847931,32.55,30.74,30.11,29.53,-0.11,170,30.00,936.7927067279816
1060.496647119522,32.53,30.72,30.11,29.51,-0.11,170,30.00,936.7927067279816
1061.0514483451843,32.55,30.74,30.11,29.55,-0.11,170,30.00,936.7927067279816
1061.5070581436157,32.57,30.77,30.11,29.55,-0.11,170,30.00,936.7927067279816
1062.1825604438782,32.53,30.77,30.11,29.55,-0.11,170,30.00,936.7927067279816
1062.5204319953918,32.55,30.74,30.11,29.55,-0.11,170,30.00,936.7927067279816
1063.076425075531,32.51,30.74,30.11,29.55,-0.11,170,30.00,936.7927067279816
1063.530328989029,32.55,30.77,30.11,29.57,-0.11,170,30.00,936.7927067279816
1064.1965973377228,32.55,30.77,30.11,29.55,-0.11,170,30.00,936.7927067279816
1064.5397555828094,32.57,30.77,30.11,29.55,-0.11,170,30.00,936.7927067279816
1065.073724746704,32.55,30.74,30.12,29.55,-0.11,170,30.00,936.7927067279816
1065.5526225566864,32.55,30.77,30.12,29.55,-0.11,170,30.00,936.7927067279816
1066.2197978496552,32.55,30.77,30.12,29.57,-0.12,170,30.00,936.7927067279816
1066.5621938705444,32.53,30.77,30.12,29.55,-0.12,170,30.00,936.7927067279816
1067.1128704547882,32.53,30.74,30.12,29.57,-0.12,170,30.00,936.7927067279816
1067.5748507976532,32.51,30.74,30.12,29.57,-0.12,170,30.00,936.7927067279816
1068.2524240016937,32.51,30.70,30.12,29.55,-0.12,170,30.00,936.7927067279816
1068.5840547084808,32.48,30.77,30.12,29.57,-0.12,170,30.00,936.7927067279816
1069.0914778709412,32.53,30.77,30.12,29.60,-0.12,170,30.00,936.7927067279816
1069.657086133957,32.53,30.77,30.12,29.57,-0.12,170,30.00,936.7927067279816
1070.2296941280365,32.53,30.74,30.12,29.57,-0.12,170,30.00,936.7927067279816
1070.6083216667175,32.51,30.74,30.12,29.57,-0.12,170,30.00,936.7927067279816
1071.172903060913,32.55,30.77,30.12,29.57,-0.12,170,30.00,936.7927067279816
1071.620389699936,32.51,30.74,30.12,29.55,-0.12,170,30.00,936.7927067279816
1072.2415454387665,32.53,30.74,30.12,29.55,-0.12,170,30.00,936.7927067279816
1072.6899907588959,32.51,30.74,30.12,29.55,-0.12,170,30.00,936.7927067279816
1073.1364567279816,32.51,30.74,30.12,29.53,-0.12,170,30.00,936.7927067279816
1073.6981632709503,32.51,30.74,30.12,29.55,-0.12,170,30.00,936.7927067279816
1074.2675757408142,32.51,30.74,30.12,29.55,-0.12,170,30.00,936.7927067279816
1074.652083158493,32.53,30.74,30.12,29.53,-0.12,170,30.00,936.7927067279816
1075.1987903118134,32.51,30.74,30.12,29.53,-0.12,170,30.00,936.7927067279816
1075.6640112400055,32.55,30.74,30.12,29.53,-0.12,170,30.00,936.7927067279816
1076.3286850452423,32.51,30.72,30.12,29.53,-0.12,170,30.00,936.7927067279816
1076.67529463768,32.53,30.72,30.12,29.53,-0.12,170,30.00,936.7927067279816
1077.2452566623688,32.53,30.72,30.12,29.53,-0.12,170,30.00,936.7927067279816
1077.6890938282013,32.51,30.72,30.12,29.51,-0.12,170,30.00,936.7927067279816
1078.3426671028137,32.46,30.70,30.12,29.53,-0.12,170,30.00,936.7927067279816
1078.6969306468964,32.46,30.72,30.12,29.53,-0.12,170,30.00,936.7927067279816
1079.2558846473694,32.51,30.72,30.12,29.53,-0.12,170,30.00,936.7927067279816
1079.708493232727,32.51,30.70,30.12,29.51,-0.12,170,30.00,936.7927067279816
1080.3393936157227,32.53,30.70,30.12,29.51,-0.12,170,30.00,936.7927067279816
1080.7182831764221,32.51,30.70,30.12,29.51,-0.12,170,30.00,936.7927067279816
1081.2829763889313,32.53,30.72,30.12,29.53,-0.12,170,30.00,936.7927067279816
1081.7304162979126,32.55,30.72,30.12,29.53,-0.12,170,30.00,936.7927067279816
1082.397027015686,32.48,30.66,30.11,29.51,-0.12,170,30.00,936.7927067279816
1082.7403523921967,32.48,30.70,30.11,29.51,-0.12,170,30.00,936.7927067279816
1083.2914152145386,32.53,30.74,30.11,29.57,-0.12,170,30.00,936.7927067279816
1083.7519853115082,32.51,30.70,30.11,29.55,-0.12,170,30.00,936.7927067279816
1084.4164688587189,32.48,30.74,30.11,29.55,-0.11,170,30.00,936.7927067279816
1084.7636272907257,32.51,30.74,30.11,29.57,-0.11,170,30.00,936.7927067279816
1085.304857492447,32.53,30.72,30.11,29.55,-0.11,170,30.00,936.7927067279816
1085.775384902954,32.53,30.74,30.11,29.55,-0.11,170,30.00,936.7927067279816
1086.4080765247345,32.51,30.74,30.11,29.55,-0.11,170,30.00,936.7927067279816
1086.7853300571442,32.48,30.72,30.11,29.53,-0.11,170,30.00,936.7927067279816
1087.348304271698,32.48,30.74,30.11,29.55,-0.11,170,30.00,936.7927067279816
1087.7985451221466,32.48,30.74,30.11,29.55,-0.11,170,30.00,936.7927067279816
1088.4588589668274,32.48,30.72,30.11,29.57,-0.11,170,30.00,936.7927067279816
1088.806581735611,32.48,30.74,30.11,29.57,-0.11,170,30.00,936.7927067279816
1089.364277601242,32.48,30.72,30.11,29.53,-0.11,170,30.00,936.7927067279816
1089.8176484107971,32.51,30.77,30.11,29.60,-0.11,170,30.00,936.7927067279816
1090.4809985160828,32.48,30.77,30.11,29.57,-0.11,170,30.00,936.7927067279816
1090.8293824195862,32.51,30.77,30.11,29.57,-0.11,170,30.00,936.7927067279816
1091.3858006000519,32.44,30.74,30.11,29.60,-0.11,170,30.00,936.7927067279816
1091.8404502868652,32.48,30.77,30.11,29.60,-0.11,170,30.00,936.7927067279816
1092.4983053207397,32.48,30.74,30.12,29.60,-0.11,170,30.00,936.7927067279816
1092.8519084453583,32.46,30.74,30.12,29.60,-0.11,170,30.00,936.7927067279816
1093.4086139202118,32.46,30.74,30.12,29.62,-0.11,170,30.00,936.7927067279816
1093.8635702133179,32.46,30.74,30.12,29.62,-0.11,170,30.00,936.7927067279816
1094.536648273468,32.48,30.72,30.12,29.62,-0.12,170,30.00,936.7927067279816
1094.8733887672424,32.44,30.74,30.12,29.60,-0.12,170,30.00,936.7927067279816
1095.439227104187,32.46,30.74,30.12,29.62,-0.12,170,30.00,936.7927067279816
1095.8851873874664,32.48,30.72,30.12,29.60,-0.12,170,30.00,936.7927067279816
1096.5367262363434,32.46,30.72,30.11,29.60,-0.12,170,30.00,936.7927067279816
1096.8973803520203,32.46,30.72,30.11,29.60,-0.12,170,30.00,936.7927067279816
1097.4525907039642,32.42,30.68,30.11,29.55,-0.12,170,30.00,936.7927067279816
1097.9082317352295,32.46,30.70,30.11,29.57,-0.12,170,30.00,936.7927067279816
1098.57168507576,32.46,30.70,30.11,29.57,-0.11,170,30.00,936.7927067279816
1098.9186766147614,32.42,30.66,30.11,29.55,-0.11,170,30.00,936.7927067279816
1099.4721374511719,32.44,30.66,30.11,29.55,-0.11,170,30.00,936.7927067279816
1099.9298677444458,32.42,30.70,30.11,29.53,-0.11,170,30.00,936.7927067279816
1100.5973408222198,32.46,30.68,30.11,29.53,-0.11,170,30.00,936.7927067279816
1100.9402565956116,32.44,30.68,30.11,29.49,-0.11,170,30.00,936.7927067279816
1101.4951915740967,32.46,30.68,30.10,29.53,-0.11,170,30.00,936.7927067279816
1101.9524190425873,32.46,30.68,30.10,29.51,-0.11,170,30.00,936.7927067279816
1102.6287910938263,32.46,30.66,30.10,29.51,-0.10,170,30.00,936.7927067279816
1102.964642047882,32.46,30.68,30.10,29.51,-0.10,170,30.00,936.7927067279816
1103.5248012542725,32.44,30.66,30.10,29.49,-0.10,170,30.00,936.7927067279816
1103.9738564491272,32.46,30.68,30.10,29.51,-0.10,170,30.00,936.7927067279816
1104.642553806305,32.44,30.64,30.10,29.47,-0.10,170,30.00,936.7927067279816
1104.9855148792267,32.44,30.66,30.10,29.51,-0.10,170,30.00,936.7927067279816
1105.5365707874298,32.46,30.68,30.09,29.49,-0.10,170,30.00,936.7927067279816
1105.9964802265167,32.44,30.66,30.09,29.49,-0.10,170,30.00,936.7927067279816
1106.6718759536743,32.44,30.66,30.09,29.47,-0.09,170,30.00,936.7927067279816
1107.0091621875763,32.46,30.68,30.09,29.49,-0.09,170,30.00,936.7927067279816
1107.5650250911713,32.42,30.64,30.09,29.44,-0.09,170,30.00,936.7927067279816
1108.0192399024963,32.44,30.66,30.09,29.49,-0.09,170,30.00,936.7927067279816
1108.68261551857,32.46,30.66,30.09,29.47,-0.09,170,30.00,936.7927067279816
1109.0300674438477,32.44,30.66,30.09,29.47,-0.09,170,30.00,936.7927067279816
1109.5987076759338,32.42,30.68,30.09,29.47,-0.09,170,30.00,936.7927067279816
1110.0439355373383,32.46,30.66,30.09,29.47,-0.09,170,30.00,936.7927067279816
1110.7136900424957,32.44,30.66,30.08,29.47,-0.09,170,30.00,936.7927067279816
1111.0511810779572,32.44,30.66,30.08,29.47,-0.09,170,30.00,936.7927067279816
1111.6075642108917,32.42,30.64,30.08,29.47,-0.09,170,30.00,936.7927067279816
1112.0627403259277,32.44,30.66,30.08,29.44,-0.09,170,30.00,936.7927067279816
1112.7295248508453,32.44,30.66,30.08,29.47,-0.08,170,30.00,936.7927067279816
1113.0744638442993,32.44,30.64,30.08,29.44,-0.08,170,30.00,936.7927067279816
1113.6384749412537,32.46,30.64,30.08,29.44,-0.08,170,30.00,936.7927067279816
1114.0854148864746,32.42,30.64,30.08,29.42,-0.08,170,30.00,936.7927067279816
1114.758942604065,32.37,30.64,30.08,29.44,-0.08,170,30.00,936.7927067279816
1115.0972361564636,32.42,30.64,30.07,29.44,-0.08,170,30.00,936.7927067279816
1115.6501541137695,32.44,30.66,30.07,29.44,-0.08,170,30.00,936.7927067279816
1116.108827829361,32.39,30.59,30.07,29.44,-0.08,170,30.00,936.7927067279816
1116.763011455536,32.44,30.61,30.07,29.44,-0.07,170,30.00,936.7927067279816
1117.1178750991821,32.44,30.66,30.07,29.44,-0.07,170,30.00,936.7927067279816
1117.6606905460358,32.39,30.66,30.07,29.44,-0.07,170,30.00,936.7927067279816
1118.129238128662,32.44,30.66,30.07,29.44,-0.07,170,30.00,936.7927067279816
1118.8000452518463,32.44,30.64,30.07,29.44,-0.07,170,30.00,936.7927067279816
1119.143328666687,32.44,30.64,30.07,29.40,-0.07,170,30.00,936.7927067279816
1119.7042577266693,32.44,30.64,30.07,29.42,-0.07,170,30.00,936.7927067279816
1120.156063079834,32.42,30.61,30.06,29.38,-0.07,170,30.00,936.7927067279816
1120.79847407341,32.39,30.59,30.06,29.40,-0.06,170,30.00,936.7927067279816
1121.1628994941711,32.44,30.66,30.06,29.42,-0.06,170,30.00,936.7927067279816
1121.7075309753418,32.44,30.64,30.06,29.42,-0.06,170,30.00,936.7927067279816
1122.1746714115143,32.44,30.64,30.06,29.42,-0.06,170,30.00,936.7927067279816
1122.7966797351837,32.44,30.64,30.06,29.42,-0.06,170,30.00,936.7927067279816
1123.2472321987152,32.44,30.64,30.06,29.42,-0.06,170,30.00,936.7927067279816
1123.698326587677,32.44,30.64,30.06,29.42,-0.06,170,30.00,936.7927067279816
1124.255306005478,32.39,30.61,30.06,29.44,-0.06,170,30.00,936.7927067279816
1124.8307790756226,32.37,30.66,30.06,29.42,-0.06,170,30.00,936.7927067279816
1125.208979845047,32.42,30.64,30.06,29.42,-0.06,170,30.00,936.7927067279816
1125.773717880249,32.39,30.64,30.06,29.42,-0.06,170,30.00,936.7927067279816
1126.2178778648376,32.42,30.64,30.06,29.42,-0.06,170,30.00,936.7927067279816
1126.8849666118622,32.44,30.64,30.05,29.42,-0.06,170,30.00,936.7927067279816
1127.230777978897,32.39,30.59,30.05,29.38,-0.06,170,30.00,936.7927067279816
1127.7967326641083,32.44,30.64,30.05,29.42,-0.06,170,30.00,936.7927067279816
1128.2438774108887,32.39,30.61,30.05,29.40,-0.06,170,30.00,936.7927067279816
1128.9152917861938,32.44,30.61,30.05,29.42,-0.05,170,30.00,936.7927067279816
1129.2534272670746,32.39,30.61,30.05,29.40,-0.05,170,30.00,936.7927067279816
1129.8113746643066,32.42,30.61,30.05,29.38,-0.05,170,30.00,936.7927067279816
1130.2638247013092,32.42,30.61,30.05,29.42,-0.05,170,30.00,936.7927067279816
1130.9290659427643,32.42,30.61,30.05,29.42,-0.05,170,30.00,936.7927067279816
1131.2751863002777,32.42,30.64,30.05,29.40,-0.05,170,30.00,936.7927067279816
1131.8384563922882,32.39,30.61,30.05,29.40,-0.05,170,30.00,936.7927067279816
1132.2844624519348,32.42,30.64,30.05,29.40,-0.05,170,30.00,936.7927067279816
1132.9581105709076,32.44,30.61,30.04,29.40,-0.05,170,30.00,936.7927067279816
1133.298053741455,32.37,30.59,30.04,29.42,-0.05,170,30.00,936.7927067279816
1133.8536114692688,32.42,30.64,30.04,29.42,-0.05,170,30.00,936.7927067279816
1134.3084139823914,32.44,30.64,30.04,29.44,-0.05,170,30.00,936.7927067279816
1134.9739599227905,32.44,30.64,30.04,29.44,-0.04,170,30.00,936.7927067279816
1135.319386959076,32.42,30.64,30.04,29.42,-0.04,170,30.00,936.7927067279816
1135.8853831291199,32.42,30.66,30.04,29.44,-0.04,170,30.00,936.7927067279816
1136.3304855823517,32.42,30.64,30.04,29.42,-0.04,170,30.00,936.7927067279816
1137.003838300705,32.42,30.61,30.04,29.42,-0.04,170,30.00,936.7927067279816
1137.3418967723846,32.44,30.64,30.04,29.42,-0.04,170,30.00,936.7927067279816
1137.8917729854584,32.42,30.66,30.04,29.42,-0.04,170,30.00,936.7927067279816
1138.35391497612,32.44,30.64,30.04,29.44,-0.04,170,30.00,936.7927067279816
1139.028207540512,32.44,30.64,30.04,29.42,-0.04,170,30.00,936.7927067279816
1139.3632895946503,32.42,30.64,30.04,29.42,-0.04,170,30.00,936.7927067279816
1139.923889875412,32.37,30.64,30.04,29.42,-0.04,170,30.00,936.7927067279816
1140.3758022785187,32.39,30.57,30.04,29.40,-0.04,170,30.00,936.7927067279816
1141.041263103485,32.39,30.61,30.04,29.42,-0.04,170,30.00,936.7927067279816
1141.3866930007935,32.42,30.61,30.04,29.38,-0.04,170,30.00,936.7927067279816
1141.8923771381378,32.44,30.61,30.04,29.40,-0.04,170,30.00,936.7927067279816
1142.4503235816956,32.42,30.59,30.04,29.38,-0.04,170,30.00,936.7927067279816
1143.019422531128,32.44,30.61,30.04,29.42,-0.04,170,30.00,936.7927067279816
1143.4713809490204,32.37,30.61,30.03,29.40,-0.04,170,30.00,936.7927067279816
1143.914742231369,32.42,30.59,30.03,29.40,-0.04,170,30.00,936.7927067279816
1144.473488330841,32.42,30.59,30.03,29.38,-0.04,170,30.00,936.7927067279816
1145.0480484962463,32.39,30.59,30.03,29.38,-0.03,171,30.00,936.7927067279816
1145.4314942359924,32.42,30.59,30.03,29.38,-0.03,171,30.00,936.7927067279816
1145.9949731826782,32.42,30.57,30.03,29.38,-0.03,171,30.00,936.7927067279816
1146.4421637058258,32.42,30.57,30.03,29.38,-0.03,171,30.00,936.7927067279816
1147.1129863262177,32.42,30.59,30.03,29.36,-0.03,171,30.00,936.7927067279816
1147.4529848098755,32.42,30.57,30.03,29.38,-0.03,171,30.00,936.7927067279816
1148.0055496692657,32.44,30.57,30.03,29.38,-0.03,171,30.00,936.7927067279816
1148.4637229442596,32.44,30.57,30.02,29.36,-0.03,171,30.00,936.7927067279816
1149.1341326236725,32.42,30.57,30.02,29.36,-0.02,171,30.00,936.7927067279816
1149.4741833209991,32.44,30.57,30.02,29.38,-0.02,171,30.00,936.7927067279816
1150.0313198566437,32.37,30.57,30.02,29.36,-0.02,171,30.00,936.7927067279816
1150.4869771003723,32.44,30.57,30.02,29.36,-0.02,171,30.00,936.7927067279816
1151.1178963184357,32.44,30.59,30.02,29.38,-0.02,171,30.00,936.7927067279816
1151.4980058670044,32.44,30.59,30.02,29.36,-0.02,171,30.00,936.7927067279816
1152.0431969165802,32.42,30.55,30.02,29.32,-0.02,171,30.00,936.7927067279816
1152.5085015296936,32.39,30.57,30.02,29.36,-0.02,171,30.00,936.7927067279816
1153.1791977882385,32.42,30.57,30.02,29.36,-0.02,171,30.00,936.7927067279816
1153.5179121494293,32.39,30.55,30.01,29.38,-0.02,171,30.00,936.7927067279816
1154.063773393631,32.42,30.61,30.01,29.38,-0.02,171,30.00,936.7927067279816
1154.5313704013824,32.37,30.55,30.01,29.36,-0.02,171,30.00,936.7927067279816
1155.164086818695,32.37,30.59,30.01,29.38,-0.01,171,30.00,936.7927067279816
1155.54256606102,32.42,30.59,30.01,29.36,-0.01,171,30.00,936.7927067279816
1156.1045513153076,32.39,30.57,30.01,29.34,-0.01,171,30.00,936.7927067279816
1156.5532886981964,32.42,30.59,30.01,29.38,-0.01,171,30.00,936.7927067279816
1157.226923942566,32.42,30.57,30.01,29.36,-0.01,171,30.00,936.7927067279816
1157.5642473697662,32.42,30.59,30.01,29.36,-0.01,171,30.00,936.7927067279816
1158.1179440021515,32.42,30.59,30.01,29.38,-0.01,171,30.00,936.7927067279816
1158.5749571323395,32.44,30.59,30.01,29.38,-0.01,171,30.00,936.7927067279816
1159.2464818954468,32.44,30.61,30.01,29.38,-0.01,171,30.00,936.7927067279816
1159.5857665538788,32.44,30.61,30.01,29.38,-0.01,171,30.00,936.7927067279816
1160.1457560062408,32.39,30.61,30.01,29.36,-0.01,171,30.00,936.7927067279816
1160.5974426269531,32.42,30.61,30.01,29.36,-0.01,171,30.00,936.7927067279816
1161.2623772621155,32.39,30.57,30.01,29.36,-0.01,171,30.00,936.7927067279816
1161.608614206314,32.39,30.59,30.01,29.36,-0.01,171,30.00,936.7927067279816
1162.1755390167236,32.44,30.59,30.01,29.34,-0.01,171,30.00,936.7927067279816
1162.6231615543365,32.42,30.59,30.01,29.34,-0.01,171,30.00,936.7927067279816
1163.295131444931,32.39,30.59,30.01,29.36,-0.01,171,30.00,936.7927067279816
1163.6320633888245,32.42,30.59,30.01,29.36,-0.01,171,30.00,936.7927067279816
1164.1860070228577,32.44,30.59,30.01,29.38,-0.01,171,30.00,936.7927067279816
1164.6427636146545,32.44,30.61,30.01,29.38,-0.01,171,30.00,936.7927067279816
1165.3057956695557,32.44,30.61,30.01,29.38,-0.01,171,30.00,936.7927067279816
1165.6530508995056,32.46,30.61,30.01,29.38,-0.01,171,30.00,936.7927067279816
1166.2177884578705,32.44,30.61,30.01,29.38,-0.01,171,30.00,936.7927067279816
1166.6677117347717,32.42,30.59,30.01,29.34,-0.01,171,30.00,936.7927067279816
1167.3404092788696,32.46,30.61,30.01,29.38,-0.01,171,30.00,936.7927067279816
1167.674700975418,32.46,30.61,30.01,29.38,-0.01,171,30.00,936.7927067279816
1168.2344648838043,32.44,30.64,30.01,29.40,-0.01,171,30.00,936.7927067279816
1168.68572640419,32.46,30.64,30.01,29.40,-0.01,171,30.00,936.7927067279816
1169.3540422916412,32.46,30.61,30.01,29.40,-0.01,171,30.00,936.7927067279816
1169.6975722312927,32.46,30.64,30.01,29.40,-0.01,171,30.00,936.7927067279816
1170.2631492614746,32.46,30.64,30.01,29.40,-0.01,171,30.00,936.7927067279816
1170.70778465271,32.46,30.64,30.01,29.42,-0.01,171,30.00,936.7927067279816
1171.3763315677643,32.46,30.64,30.01,29.42,-0.01,171,30.00,936.7927067279816
1171.7184813022614,32.46,30.64,30.01,29.42,-0.01,171,30.00,936.7927067279816
1172.2772476673126,32.44,30.64,30.01,29.42,-0.01,171,30.00,936.7927067279816
1172.730150938034,32.46,30.64,30.01,29.42,-0.01,171,30.00,936.7927067279816
1173.3971145153046,32.44,30.61,30.01,29.40,-0.01,171,30.00,936.7927067279816
1173.741116285324,32.39,30.59,30.01,29.42,-0.01,171,30.00,936.7927067279816
1174.2896585464478,32.46,30.64,30.01,29.42,-0.01,171,30.00,936.7927067279816
1174.7518560886383,32.44,30.64,30.01,29.42,-0.01,171,30.00,936.7927067279816
1175.4189949035645,32.44,30.61,30.02,29.40,-0.01,171,30.00,936.7927067279816
1175.7650208473206,32.44,30.64,30.02,29.42,-0.01,171,30.00,936.7927067279816
1176.3324418067932,32.46,30.64,30.02,29.42,-0.01,171,30.00,936.7927067279816
1176.7802069187164,32.44,30.64,30.02,29.42,-0.01,171,30.00,936.7927067279816
1177.4507443904877,32.44,30.61,30.02,29.40,-0.02,171,30.00,936.7927067279816
1177.7862055301666,32.44,30.61,30.02,29.40,-0.02,171,30.00,936.7927067279816
1178.3435304164886,32.46,30.64,30.02,29.42,-0.02,171,30.00,936.7927067279816
1178.7968015670776,32.39,30.57,30.02,29.38,-0.02,171,30.00,936.7927067279816
1179.4605181217194,32.42,30.57,30.02,29.36,-0.02,171,30.00,936.7927067279816
1179.8078174591064,32.46,30.61,30.02,29.38,-0.02,171,30.00,936.7927067279816
1180.36767244339,32.46,30.61,30.02,29.40,-0.02,171,30.00,936.7927067279816
1180.8188309669495,32.42,30.61,30.02,29.38,-0.02,171,30.00,936.7927067279816
1181.4871230125427,32.42,30.55,30.02,29.40,-0.02,171,30.00,936.7927067279816
1181.831799507141,32.44,30.61,30.01,29.38,-0.02,171,30.00,936.7927067279816
1182.3988676071167,32.44,30.61,30.01,29.38,-0.02,171,30.00,936.7927067279816
1182.846317768097,32.46,30.61,30.01,29.38,-0.02,171,30.00,936.7927067279816
1183.5141310691833,32.44,30.59,30.01,29.38,-0.01,171,30.00,936.7927067279816
1183.8527584075928,32.46,30.61,30.01,29.38,-0.01,171,30.00,936.7927067279816
1184.4098026752472,32.44,30.59,30.01,29.38,-0.01,171,30.00,936.7927067279816
1184.8648056983948,32.42,30.59,30.01,29.36,-0.01,171,30.00,936.7927067279816
1185.4911930561066,32.46,30.59,30.01,29.36,-0.01,171,30.00,936.7927067279816
1185.8757390975952,32.46,30.59,30.01,29.36,-0.01,171,30.00,936.7927067279816
1186.436181306839,32.48,30.59,30.01,29.36,-0.01,171,30.00,936.7927067279816
1186.8878436088562,32.44,30.59,30.01,29.34,-0.01,171,30.00,936.7927067279816
1187.556075811386,32.46,30.59,30.01,29.36,-0.01,171,30.00,936.7927067279816
1187.8977105617523,32.46,30.57,30.01,29.34,-0.01,171,30.00,936.7927067279816
1188.454978942871,32.44,30.57,30.01,29.34,-0.01,171,30.00,936.7927067279816
1188.9091536998749,32.46,30.59,30.01,29.34,-0.01,171,30.00,936.7927067279816
1189.5383687019348,32.46,30.55,30.01,29.34,-0.01,171,30.00,936.7927067279816
1189.9209215641022,32.44,30.53,30.01,29.36,-0.01,171,30.00,936.7927067279816
1190.4836928844452,32.44,30.55,30.01,29.32,-0.01,171,30.00,936.7927067279816
1190.9301006793976,32.44,30.55,30.01,29.32,-0.01,171,30.00,936.7927067279816
1191.5983655452728,32.46,30.55,30.01,29.32,-0.01,171,30.00,936.7927067279816
1191.9417872428894,32.44,30.53,30.00,29.32,-0.01,171,30.00,936.7927067279816
1192.5094966888428,32.46,30.55,30.00,29.34,-0.01,171,30.00,936.7927067279816
1192.9574201107025,32.44,30.53,30.00,29.29,-0.01,171,30.00,936.7927067279816
1193.62695145607,32.46,30.53,30.00,29.34,-0.00,171,30.00,936.7927067279816
1193.9633116722107,32.48,30.55,30.00,29.34,-0.00,171,30.00,936.7927067279816
1194.520225763321,32.44,30.53,30.00,29.32,-0.00,171,30.00,936.7927067279816
1194.9752898216248,32.42,30.50,30.00,29.34,-0.00,171,30.00,936.7927067279816
1195.6072182655334,32.48,30.53,30.00,29.32,0.00,171,30.00,936.7927067279816
1195.98428940773,32.46,30.55,29.99,29.34,0.00,171,30.00,936.7927067279816
1196.5478591918945,32.44,30.55,29.99,29.32,0.00,171,30.00,936.7927067279816
1196.996866941452,32.44,30.53,29.99,29.32,0.00,171,30.00,936.7927067279816
1197.6657576560974,32.46,30.55,29.99,29.32,0.01,171,30.00,936.7927067279816
1198.006947517395,32.44,30.55,29.99,29.32,0.01,171,30.00,936.7927067279816
1198.564859867096,32.44,30.50,29.99,29.29,0.01,171,30.00,936.7927067279816
1199.0192675590515,32.46,30.59,29.99,29.34,0.01,171,30.00,936.7927067279816
1199.6934626102448,32.46,30.55,29.99,29.32,0.01,171,30.00,936.7927067279816
1200.0321581363678,32.46,30.57,29.99,29.32,0.01,171,30.00,936.7927067279816
1200.593490600586,32.46,30.57,29.99,29.34,0.01,171,30.00,936.7927067279816
1201.0405933856964,32.46,30.57,29.99,29.32,0.01,171,30.00,936.7927067279816
1201.7109806537628,32.46,30.57,29.99,29.34,0.01,171,30.00,936.7927067279816
1202.052004814148,32.42,30.53,29.99,29.32,0.01,171,30.00,936.7927067279816
1202.6078271865845,32.44,30.53,29.99,29.27,0.01,171,30.00,936.7927067279816
1203.0636401176453,32.46,30.55,29.99,29.27,0.01,171,30.00,936.7927067279816
1203.7416687011719,32.44,30.55,29.99,29.32,0.01,171,30.00,936.7927067279816
1204.0766994953156,32.46,30.57,29.99,29.29,0.01,171,30.00,936.7927067279816
1204.6366279125214,32.46,30.57,29.99,29.29,0.01,171,30.00,936.7927067279816
1205.0874152183533,32.46,30.57,29.99,29.29,0.01,171,30.00,936.7927067279816
1205.7533686161041,32.44,30.53,29.99,29.25,0.01,171,30.00,936.7927067279816
1206.0970349311829,32.46,30.57,29.99,29.29,0.01,171,30.00,936.7927067279816
1206.6640267372131,32.46,30.59,29.99,29.29,0.01,171,30.00,936.7927067279816
1207.1079273223877,32.46,30.55,29.99,29.25,0.01,171,30.00,936.7927067279816
1207.7826571464539,32.39,30.57,29.99,29.29,0.01,171,30.00,936.7927067279816
1208.1194169521332,32.44,30.57,29.99,29.27,0.01,171,30.00,936.7927067279816
1208.6742894649506,32.42,30.55,29.99,29.25,0.01,171,30.00,936.7927067279816
1209.1302869319916,32.46,30.57,29.99,29.29,0.01,171,30.00,936.7927067279816
1209.7973942756653,32.44,30.55,29.99,29.27,0.01,171,30.00,936.7927067279816
1210.1403982639313,32.44,30.57,29.99,29.29,0.01,171,30.00,936.7927067279816
1210.6922931671143,32.44,30.57,29.99,29.27,0.01,171,30.00,936.7927067279816
1211.153026342392,32.44,30.55,29.99,29.27,0.01,171,30.00,936.7927067279816
1211.812980413437,32.46,30.57,29.99,29.29,0.01,171,30.00,936.7927067279816
1212.1620428562164,32.44,30.55,29.99,29.27,0.01,171,30.00,936.7927067279816
1212.7188999652863,32.44,30.55,29.99,29.27,0.01,171,30.00,936.7927067279816
1213.174791097641,32.39,30.50,29.99,29.29,0.01,171,30.00,936.7927067279816
1213.8513197898865,32.44,30.53,29.99,29.27,0.01,171,30.00,936.7927067279816
1214.1843197345734,32.46,30.53,29.98,29.25,0.01,171,30.00,936.7927067279816
1214.7492666244507,32.44,30.53,29.98,29.29,0.01,171,30.00,936.7927067279816
1215.1977987289429,32.42,30.53,29.98,29.27,0.01,171,30.00,936.7927067279816
1215.8649389743805,32.44,30.53,29.98,29.29,0.02,171,30.00,936.7927067279816
1216.2072513103485,32.44,30.53,29.98,29.27,0.02,171,30.00,936.7927067279816
1216.7591412067413,32.46,30.53,29.98,29.27,0.02,171,30.00,936.7927067279816
1217.21821975708,32.42,30.55,29.98,29.27,0.02,171,30.00,936.7927067279816
1217.8928747177124,32.46,30.55,29.98,29.29,0.02,171,30.00,936.7927067279816
1218.234245300293,32.42,30.55,29.98,29.27,0.02,171,30.00,936.7927067279816
1218.7948701381683,32.44,30.50,29.98,29.29,0.02,171,30.00,936.7927067279816
1219.240379333496,32.44,30.50,29.98,29.25,0.02,171,30.00,936.7927067279816
1219.9113190174103,32.48,30.50,29.98,29.29,0.02,171,30.00,936.7927067279816
1220.2531435489655,32.46,30.53,29.98,29.29,0.02,171,30.00,936.7927067279816
1220.807030916214,32.48,30.53,29.98,29.29,0.02,171,30.00,936.7927067279816
1221.2635152339935,32.46,30.53,29.98,29.29,0.02,171,30.00,936.7927067279816
1221.9414381980896,32.46,30.53,29.98,29.29,0.02,171,30.00,936.7927067279816
1222.2739601135254,32.46,30.50,29.98,29.29,0.02,171,30.00,936.7927067279816
1222.8292045593262,32.44,30.48,29.97,29.25,0.02,171,30.00,936.7927067279816
1223.2856311798096,32.46,30.53,29.97,29.29,0.02,171,30.00,936.7927067279816
1223.9492845535278,32.44,30.53,29.97,29.29,0.03,172,30.00,936.7927067279816
1224.2972910404205,32.46,30.53,29.97,29.29,0.03,172,30.00,936.7927067279816
1224.8580718040466,32.46,30.53,29.97,29.29,0.03,172,30.00,936.7927067279816
1225.3077986240387,32.42,30.48,29.97,29.27,0.03,172,30.00,936.7927067279816
1225.975259065628,32.44,30.50,29.97,29.27,0.03,172,30.00,936.7927067279816
1226.3194298744202,32.46,30.53,29.97,29.27,0.03,172,30.00,936.7927067279816
1226.8861825466156,32.46,30.50,29.97,29.27,0.03,172,30.00,936.7927067279816
1227.3345048427582,32.48,30.55,29.97,29.29,0.03,172,30.00,936.7927067279816
1228.002852678299,32.46,30.53,29.97,29.27,0.03,172,30.00,936.7927067279816
1228.3409667015076,32.46,30.50,29.97,29.25,0.03,172,30.00,936.7927067279816
1228.8991465568542,32.46,30.53,29.97,29.27,0.03,172,30.00,936.7927067279816
1229.3524951934814,32.46,30.50,29.97,29.27,0.03,172,30.00,936.7927067279816
1230.0210406780243,32.46,30.50,29.97,29.27,0.03,172,30.00,936.7927067279816
1230.3638863563538,32.42,30.46,29.97,29.25,0.03,172,30.00,936.7927067279816
1230.9325153827667,32.44,30.50,29.97,29.25,0.03,172,30.00,936.7927067279816
1231.3790454864502,32.46,30.53,29.97,29.27,0.03,172,30.00,936.7927067279816
1232.047631263733,32.44,30.50,29.97,29.27,0.03,172,30.00,936.7927067279816
1232.3865358829498,32.46,30.50,29.97,29.27,0.03,172,30.00,936.7927067279816
1232.942004442215,32.39,30.50,29.96,29.27,0.03,172,30.00,936.7927067279816
1233.3963024616241,32.44,30.50,29.96,29.25,0.03,172,30.00,936.7927067279816
1234.0589804649353,32.46,30.50,29.96,29.25,0.04,172,30.00,936.7927067279816
1234.4084327220917,32.44,30.50,29.96,29.27,0.04,172,30.00,936.7927067279816
1234.972999572754,32.44,30.50,29.96,29.27,0.04,172,30.00,936.7927067279816
1235.4202873706818,32.46,30.50,29.96,29.27,0.04,172,30.00,936.7927067279816
1236.090579032898,32.39,30.46,29.96,29.21,0.04,172,30.00,936.7927067279816
1236.4307124614716,32.46,30.53,29.96,29.27,0.04,172,30.00,936.7927067279816
1236.9846284389496,32.48,30.48,29.96,29.25,0.04,172,30.00,936.7927067279816
1237.440443277359,32.46,30.48,29.96,29.23,0.04,172,30.00,936.7927067279816
1238.1160883903503,32.46,30.48,29.96,29.25,0.04,172,30.00,936.7927067279816
1238.4519820213318,32.42,30.50,29.96,29.25,0.04,172,30.00,936.7927067279816
1239.0050666332245,32.46,30.48,29.96,29.23,0.04,172,30.00,936.7927067279816
1239.4631793498993,32.46,30.48,29.96,29.25,0.04,172,30.00,936.7927067279816
1240.1376802921295,32.44,30.44,29.96,29.25,0.04,172,30.00,936.7927067279816
1240.476773738861,32.46,30.50,29.96,29.25,0.04,172,30.00,936.7927067279816
1241.0381536483765,32.42,30.46,29.96,29.25,0.04,172,30.00,936.7927067279816
1241.485277414322,32.48,30.50,29.95,29.25,0.04,172,30.00,936.7927067279816
1242.1545963287354,32.42,30.48,29.95,29.25,0.05,172,30.00,936.7927067279816
1242.496486902237,32.51,30.46,29.95,29.23,0.05,172,30.00,936.7927067279816
1243.0507378578186,32.42,30.48,29.95,29.23,0.05,172,30.00,936.7927067279816
1243.5071437358856,32.46,30.46,29.95,29.25,0.05,172,30.00,936.7927067279816
1244.1755352020264,32.46,30.46,29.95,29.23,0.05,172,30.00,936.7927067279816
1244.5193407535553,32.44,30.48,29.95,29.23,0.05,172,30.00,936.7927067279816
1245.0737855434418,32.46,30.44,29.95,29.25,0.05,172,30.00,936.7927067279816
1245.530315876007,32.46,30.44,29.95,29.23,0.05,172,30.00,936.7927067279816
1246.2078063488007,32.39,30.42,29.95,29.23,0.05,172,30.00,936.7927067279816
1246.5420229434967,32.46,30.44,29.95,29.23,0.05,172,30.00,936.7927067279816
1247.0992367267609,32.44,30.42,29.94,29.21,0.05,172,30.00,936.7927067279816
1247.552346944809,32.44,30.40,29.94,29.19,0.05,172,30.00,936.7927067279816
1248.2185277938843,32.46,30.44,29.94,29.23,0.06,172,30.00,936.7927067279816
1248.5636012554169,32.44,30.42,29.94,29.23,0.06,172,30.00,936.7927067279816
1249.1285927295685,32.46,30.44,29.94,29.23,0.06,172,30.00,936.7927067279816
1249.57377243042,32.46,30.44,29.94,29.23,0.06,172,30.00,936.7927067279816
1250.2457029819489,32.46,30.44,29.94,29.23,0.06,172,30.00,936.7927067279816
1250.5857200622559,32.44,30.44,29.94,29.23,0.06,172,30.00,936.7927067279816
1251.1246318817139,32.46,30.44,29.93,29.21,0.06,172,30.00,936.7927067279816
1251.5971751213074,32.44,30.42,29.93,29.19,0.06,172,30.00,936.7927067279816
1252.2766227722168,32.44,30.42,29.93,29.21,0.07,172,30.00,936.7927067279816
1252.6081759929657,32.42,30.42,29.93,29.17,0.07,172,30.00,936.7927067279816
1253.173401594162,32.44,30.44,29.93,29.21,0.07,172,30.00,936.7927067279816
1253.6191608905792,32.44,30.46,29.93,29.23,0.07,172,30.00,936.7927067279816
1254.2728953361511,32.44,30.44,29.93,29.23,0.07,173,30.00,936.7927067279816
1254.62970495224,32.44,30.46,29.93,29.23,0.07,173,30.00,936.7927067279816
1255.1969640254974,32.39,30.46,29.93,29.23,0.07,173,30.00,936.7927067279816
1255.6450653076172,32.44,30.48,29.93,29.25,0.07,173,30.00,936.7927067279816
1256.318882226944,32.46,30.48,29.93,29.25,0.07,173,30.00,936.7927067279816
1256.6531012058258,32.46,30.48,29.93,29.23,0.07,173,30.00,936.7927067279816
1257.2105460166931,32.42,30.44,29.93,29.23,0.07,173,30.00,936.7927067279816
1257.663831949234,32.46,30.50,29.93,29.23,0.07,173,30.00,936.7927067279816
1258.3250453472137,32.48,30.50,29.93,29.25,0.07,173,30.00,936.7927067279816
1258.6758041381836,32.46,30.50,29.93,29.25,0.07,173,30.00,936.7927067279816
1259.2402737140656,32.46,30.50,29.93,29.23,0.07,173,30.00,936.7927067279816
1259.6878051757812,32.51,30.53,29.93,29.25,0.07,173,30.00,936.7927067279816
1260.3598110675812,32.48,30.50,29.93,29.25,0.07,173,30.00,936.7927067279816
1260.69704246521,32.48,30.50,29.93,29.21,0.07,173,30.00,936.7927067279816
1261.2517457008362,32.53,30.50,29.93,29.25,0.07,173,30.00,936.7927067279816
1261.7077481746674,32.46,30.48,29.94,29.19,0.07,173,30.00,936.7927067279816
1262.3865213394165,32.53,30.53,29.94,29.25,0.06,173,30.00,936.7927067279816
1262.7195641994476,32.51,30.53,29.94,29.25,0.06,173,30.00,936.7927067279816
1263.2822256088257,32.51,30.50,29.94,29.23,0.06,173,30.00,936.7927067279816
1263.7305195331573,32.53,30.53,29.94,29.25,0.06,173,30.00,936.7927067279816
1264.402593612671,32.48,30.46,29.94,29.21,0.06,173,30.00,936.7927067279816
1264.7416501045227,32.51,30.50,29.94,29.23,0.06,173,30.00,936.7927067279816
1265.2917885780334,32.51,30.53,29.94,29.25,0.06,173,30.00,936.7927067279816
1265.753611087799,32.53,30.53,29.94,29.27,0.06,173,30.00,936.7927067279816
1266.413675069809,32.53,30.50,29.94,29.25,0.06,173,30.00,936.7927067279816
1266.7641398906708,32.53,30.53,29.94,29.25,0.06,173,30.00,936.7927067279816
1267.3063125610352,32.55,30.55,29.94,29.27,0.06,173,30.00,936.7927067279816
1267.775245666504,32.51,30.50,29.94,29.23,0.06,173,30.00,936.7927067279816
1268.440366268158,32.55,30.55,29.94,29.27,0.06,172,30.00,936.7927067279816
1268.7848372459412,32.53,30.53,29.95,29.25,0.06,172,30.00,936.7927067279816
1269.3415925502777,32.55,30.55,29.95,29.27,0.06,172,30.00,936.7927067279816
1269.7960262298584,32.55,30.55,29.95,29.25,0.06,172,30.00,936.7927067279816
1270.4366343021393,32.55,30.55,29.95,29.27,0.05,172,30.00,936.7927067279816
1270.8083884716034,32.55,30.53,29.95,29.27,0.05,172,30.00,936.7927067279816
1271.3640575408936,32.55,30.55,29.95,29.27,0.05,172,30.00,936.7927067279816
1271.818629026413,32.53,30.50,29.95,29.23,0.05,172,30.00,936.7927067279816
1272.4474890232086,32.57,30.55,29.95,29.27,0.05,172,30.00,936.7927067279816
1272.8315162658691,32.55,30.55,29.95,29.29,0.05,172,30.00,936.7927067279816
1273.3953022956848,32.55,30.55,29.95,29.27,0.05,172,30.00,936.7927067279816
1273.8410732746124,32.55,30.55,29.95,29.29,0.05,172,30.00,936.7927067279816
1274.51220536232,32.53,30.55,29.96,29.25,0.05,172,30.00,936.7927067279816
1274.8531622886658,32.55,30.55,29.96,29.27,0.05,172,30.00,936.7927067279816
1275.3903102874756,32.55,30.57,29.96,29.32,0.05,172,30.00,936.7927067279816
1275.8624477386475,32.55,30.57,29.96,29.32,0.05,172,30.00,936.7927067279816
1276.525208234787,32.55,30.59,29.96,29.34,0.04,172,30.00,936.7927067279816
1276.875197172165,32.55,30.59,29.96,29.34,0.04,172,30.00,936.7927067279816
1277.439509153366,32.55,30.59,29.96,29.36,0.04,172,30.00,936.7927067279816
1277.8851127624512,32.53,30.59,29.97,29.34,0.04,172,30.00,936.7927067279816
1278.557508945465,32.53,30.59,29.97,29.34,0.03,172,30.00,936.7927067279816
1278.897466659546,32.53,30.61,29.97,29.36,0.03,172,30.00,936.7927067279816
1279.4535686969757,32.48,30.57,29.97,29.36,0.03,172,30.00,936.7927067279816
1279.908587217331,32.51,30.61,29.97,29.36,0.03,172,30.00,936.7927067279816
1280.556146621704,32.51,30.61,29.97,29.36,0.03,172,30.00,936.7927067279816
1280.9182064533234,32.53,30.59,29.98,29.34,0.03,172,30.00,936.7927067279816
1281.482420682907,32.51,30.61,29.98,29.36,0.03,172,30.00,936.7927067279816
1281.9308023452759,32.51,30.61,29.98,29.34,0.03,172,30.00,936.7927067279816
1282.600546836853,32.53,30.61,29.98,29.36,0.02,172,30.00,936.7927067279816
1282.9411616325378,32.51,30.59,29.98,29.32,0.02,172,30.00,936.7927067279816
1283.4810938835144,32.48,30.59,29.98,29.34,0.02,172,30.00,936.7927067279816
1283.9535937309265,32.51,30.59,29.98,29.32,0.02,172,30.00,936.7927067279816
1284.6287231445312,32.48,30.57,29.99,29.32,0.02,172,30.00,936.7927067279816
1284.9649736881256,32.48,30.59,29.99,29.32,0.02,172,30.00,936.7927067279816
1285.5262010097504,32.48,30.57,29.99,29.34,0.02,172,30.00,936.7927067279816
1285.9749829769135,32.46,30.55,29.99,29.34,0.02,172,30.00,936.7927067279816
1286.6426136493683,32.51,30.57,29.99,29.32,0.01,172,30.00,936.7927067279816
1286.9867949485779,32.51,30.59,29.99,29.32,0.01,172,30.00,936.7927067279816
1287.5480439662933,32.53,30.59,29.99,29.32,0.01,172,30.00,936.7927067279816
1287.9975016117096,32.53,30.59,29.99,29.32,0.01,172,30.00,936.7927067279816
1288.6688299179077,32.51,30.57,29.99,29.32,0.01,172,30.00,936.7927067279816
1289.0078823566437,32.51,30.59,29.99,29.32,0.01,172,30.00,936.7927067279816
1289.5621991157532,32.51,30.59,29.99,29.32,0.01,172,30.00,936.7927067279816
1290.0201163291931,32.48,30.57,29.99,29.29,0.01,172,30.00,936.7927067279816
1290.6933047771454,32.51,30.57,29.99,29.29,0.01,172,30.00,936.7927067279816
1291.0321817398071,32.53,30.59,29.99,29.32,0.01,172,30.00,936.7927067279816
1291.587617635727,32.53,30.59,29.99,29.29,0.01,172,30.00,936.7927067279816
1292.042240858078,32.48,30.59,29.99,29.29,0.01,172,30.00,936.7927067279816
1292.699851989746,32.55,30.59,30.00,29.29,0.01,172,30.00,936.7927067279816
1293.0536184310913,32.53,30.59,30.00,29.32,0.01,172,30.00,936.7927067279816
1293.6163396835327,32.53,30.59,30.00,29.32,0.01,172,30.00,936.7927067279816
1294.0636110305786,32.48,30.55,30.00,29.32,0.01,172,30.00,936.7927067279816
1294.7396337985992,32.55,30.57,30.00,29.29,0.00,172,30.00,936.7927067279816
1295.0750637054443,32.57,30.59,30.00,29.29,0.00,172,30.00,936.7927067279816
1295.6358397006989,32.55,30.59,30.00,29.32,0.00,172,30.00,936.7927067279816
1296.0859835147858,32.55,30.59,30.00,29.29,0.00,172,30.00,936.7927067279816
1296.7505309581757,32.55,30.57,30.00,29.29,0.00,172,30.00,936.7927067279816
1297.0959782600403,32.53,30.57,30.00,29.34,0.00,172,30.00,936.7927067279816
1297.645346403122,32.55,30.59,30.00,29.32,0.00,172,30.00,936.7927067279816
1298.1075501441956,32.57,30.59,30.00,29.32,0.00,172,30.00,936.7927067279816
1298.7820518016815,32.55,30.59,30.00,29.32,-0.00,172,30.00,936.7927067279816
1299.1203463077545,32.55,30.59,30.00,29.32,-0.00,172,30.00,936.7927067279816
1299.6753528118134,32.55,30.59,30.00,29.32,-0.00,172,30.00,936.7927067279816
1300.1310606002808,32.55,30.59,30.00,29.32,-0.00,172,30.00,936.7927067279816
1300.7940638065338,32.55,30.57,30.00,29.32,-0.00,171,30.00,936.7927067279816
1301.1430163383484,32.57,30.59,30.00,29.32,-0.00,171,30.00,936.7927067279816
1301.6865494251251,32.57,30.59,30.00,29.34,-0.00,171,30.00,936.7927067279816
1302.1532700061798,32.55,30.57,30.00,29.29,-0.00,171,30.00,936.7927067279816
1302.8204281330109,32.57,30.59,30.00,29.34,-0.00,171,30.00,936.7927067279816
1303.1655824184418,32.57,30.61,30.00,29.34,-0.00,171,30.00,936.7927067279816
1303.7291383743286,32.55,30.59,30.01,29.34,-0.00,171,30.00,936.7927067279816
1304.1791610717773,32.55,30.59,30.01,29.34,-0.00,171,30.00,936.7927067279816
1304.8364036083221,32.55,30.59,30.01,29.36,-0.01,171,30.00,936.7927067279816
1305.188185930252,32.55,30.61,30.01,29.34,-0.01,171,30.00,936.7927067279816
1305.750518321991,32.55,30.61,30.01,29.34,-0.01,171,30.00,936.7927067279816
1306.1984777450562,32.53,30.59,30.01,29.32,-0.01,171,30.00,936.7927067279816
1306.8704841136932,32.55,30.57,30.01,29.34,-0.01,171,30.00,936.7927067279816
1307.2094876766205,32.51,30.59,30.01,29.34,-0.01,171,30.00,936.7927067279816
1307.7601249217987,32.46,30.59,30.01,29.34,-0.01,171,30.00,936.7927067279816
1308.2214558124542,32.53,30.61,30.01,29.34,-0.01,171,30.00,936.7927067279816
1308.845861196518,32.53,30.59,30.01,29.34,-0.01,171,30.00,936.7927067279816
1309.288123369217,32.53,30.61,30.01,29.34,-0.01,171,30.00,936.7927067279816
1309.7372512817383,32.51,30.59,30.01,29.32,-0.01,171,30.00,936.7927067279816
1310.3017630577087,32.53,30.61,30.01,29.36,-0.01,171,30.00,936.7927067279816
1310.8716514110565,32.48,30.55,30.01,29.32,-0.01,171,30.00,936.7927067279816
