Time,Temp1,Temp2,Temp3,Temp4,Erreur,Commande PWM,Setpoint
21.04007268,25.43,24.45,24.08,24.29,0.93,153,25
23.07307124,25.51,24.53,24.09,24.27,0.92,153,25
25.13384318,25.59,24.58,24.11,24.24,0.91,153,25
27.12269807,25.68,24.64,24.14,24.24,2.89,201,27
29.1301105,26.05,24.83,24.17,24.39,2.86,202,27
31.15658569,26.66,24.89,24.21,24.39,2.83,202,27
33.22225595,27.27,24.93,24.25,24.37,2.79,202,27
35.25242949,27.78,25.07,24.29,24.45,2.75,202,27
37.21834302,28.2,25.18,24.34,24.43,2.71,202,27
39.29113197,28.59,25.32,24.4,24.51,2.66,202,27
41.26158357,28.95,25.49,24.47,24.58,2.6,201,27
43.32249403,29.25,25.62,24.55,24.6,2.53,201,27
45.32450891,29.53,25.78,24.63,24.66,2.45,200,27
47.34437943,29.77,25.95,24.72,24.72,2.37,199,27
49.36757684,30.01,26.1,24.81,24.78,2.28,197,27
51.37965655,30.2,26.24,24.91,24.85,2.19,196,27
53.40694308,30.35,26.39,25.01,24.93,2.09,194,27
55.46680856,30.5,26.58,25.12,25.05,1.99,193,27
57.43958974,30.66,26.7,25.23,25.14,1.88,191,27
59.4771862,30.74,26.83,25.35,25.2,1.77,189,27
61.48864388,30.87,27,25.46,25.34,1.65,186,27
63.53130746,30.92,27.12,25.58,25.45,1.54,184,27
65.53929496,30.96,27.23,25.69,25.53,1.42,182,27
67.5643003,30.98,27.4,25.8,25.68,1.31,180,27
69.58340311,30.98,27.48,25.92,25.8,1.2,177,27
71.62437463,30.9,27.59,26.03,25.89,1.08,175,27
73.61868978,30.87,27.7,26.14,25.97,0.97,173,27
75.66393447,30.79,27.78,26.25,26.1,0.86,170,27
77.70563722,30.77,27.86,26.35,26.2,0.75,168,27
79.70704293,30.7,27.93,26.45,26.31,0.65,166,27
81.70696497,30.64,27.97,26.55,26.41,0.55,164,27
83.76083088,30.57,28.03,26.64,26.49,0.45,162,27
85.76747823,30.5,28.08,26.72,26.56,0.36,160,27
87.78005862,30.4,28.2,26.8,26.68,0.28,158,27
89.78984094,30.33,28.23,26.88,26.77,0.2,156,27
91.8353734,30.27,28.27,26.96,26.85,0.12,154,27
93.8641057,30.2,28.33,27.02,26.94,0.04,152,27
95.87951922,30.05,28.35,27.09,27,-0.02,150,27
97.88219786,29.94,28.4,27.15,27.08,-0.09,149,27
99.92810059,29.81,28.37,27.21,27.1,-0.15,147,27
101.9656296,29.66,28.4,27.26,27.21,-0.21,146,27
103.9626932,29.51,28.42,27.3,27.27,-0.26,145,27
105.979656,29.47,28.42,27.34,27.31,-0.3,143,27
107.9926441,29.29,28.44,27.38,27.36,-0.34,142,27
110.0423126,29.19,28.37,27.41,27.38,-0.38,141,27
112.0479934,29.08,28.37,27.44,27.42,-0.41,140,27
114.0787172,28.97,28.4,27.46,27.48,-0.44,140,27
116.0855324,28.89,28.4,27.48,27.53,-0.46,139,27
118.1348338,28.76,28.37,27.49,27.55,-0.48,138,27
120.1425848,28.69,28.35,27.5,27.57,-0.49,138,27
122.143054,28.59,28.31,27.51,27.59,-0.5,137,27
124.2123122,28.48,28.29,27.51,27.61,-0.51,137,27
126.1925931,28.4,28.25,27.51,27.57,-0.51,137,27
128.2204106,28.33,28.23,27.51,27.61,-0.51,136,27
130.256429,28.25,28.2,27.5,27.61,-0.51,136,27
132.2989125,28.16,28.16,27.5,27.61,-0.5,136,27
134.2807362,28.08,28.12,27.48,27.59,-0.5,136,27
136.3147168,27.99,28.08,27.47,27.57,-0.48,136,27
138.3440893,27.95,28.08,27.45,27.59,-0.47,137,27
140.3528447,27.91,28.06,27.44,27.57,-0.45,137,27
142.367877,27.89,28.03,27.42,27.59,-0.44,137,27
144.4048431,27.82,27.97,27.4,27.53,-0.42,137,27
146.4208019,27.8,27.97,27.38,27.55,-0.4,138,27
148.4499993,27.78,27.95,27.36,27.55,-0.38,138,27
150.4538848,27.74,27.91,27.34,27.5,-0.36,138,27
152.495744,27.74,27.91,27.32,27.5,-0.34,139,27
154.5264416,27.72,27.86,27.29,27.5,-0.32,139,27
156.5412505,27.74,27.84,27.27,27.46,-0.29,140,27
158.5776792,27.74,27.84,27.25,27.46,-0.27,140,27
160.5713921,27.7,27.78,27.23,27.42,-0.25,140,27
162.5864422,27.72,27.78,27.2,27.42,-0.23,141,27
164.640729,27.7,27.76,27.18,27.36,-0.2,141,27
166.6447446,27.7,27.74,27.16,27.38,-0.18,142,27
168.6783369,27.7,27.72,27.14,27.36,-0.16,142,27
170.6736038,27.7,27.7,27.12,27.31,-0.14,143,27
172.7107961,27.72,27.7,27.1,27.34,-0.12,143,27
174.7177165,27.72,27.65,27.08,27.27,-0.1,144,27
176.7602818,27.74,27.67,27.06,27.27,-0.08,144,27
178.7645569,27.76,27.65,27.04,27.27,-0.06,144,27
180.8248253,27.78,27.65,27.03,27.25,-0.04,145,27
182.8291423,27.76,27.61,27.01,27.21,-0.03,145,27
184.8425984,27.8,27.61,26.99,27.21,-0.01,146,27
186.8595405,27.84,27.63,26.98,27.21,0.01,146,27
188.8769324,27.86,27.61,26.97,27.19,0.02,146,27
190.8932941,27.89,27.59,26.95,27.15,0.03,147,27
192.9643981,27.91,27.61,26.94,27.17,0.05,147,27
194.9437201,27.95,27.61,26.93,27.15,0.06,147,27
196.9897828,27.93,27.63,26.92,27.15,0.07,148,27
198.9816859,27.97,27.61,26.92,27.15,0.08,148,27
201.0350802,28.01,27.61,26.91,27.17,0.08,148,27
203.0775857,28.03,27.65,26.9,27.15,0.09,148,27
205.0542755,28.06,27.59,26.9,27.15,0.1,148,27
207.0720432,28.08,27.63,26.89,27.15,0.1,149,27
209.1419623,28.08,27.61,26.89,27.1,0.11,149,27
211.1200411,28.12,27.63,26.89,27.12,0.11,149,27
213.1692238,28.16,27.65,26.89,27.12,0.11,149,27
215.158901,28.2,27.65,26.88,27.12,0.11,149,27
217.1857181,28.2,27.65,26.88,27.1,0.12,149,27
219.2495022,28.25,27.67,26.89,27.12,0.12,149,27
221.250958,28.25,27.67,26.89,27.12,0.11,149,27
223.2818425,28.29,27.67,26.89,27.12,0.11,149,27
225.2854431,28.31,27.7,26.89,27.12,0.11,149,27
227.2974038,28.31,27.67,26.9,27.06,0.11,149,27
229.3139257,28.35,27.72,26.9,27.1,0.1,149,27
231.3526523,28.37,27.74,26.9,27.12,0.1,149,27
233.3807023,28.37,27.74,26.91,27.12,0.1,149,27
235.405062,28.37,27.76,26.91,27.12,0.09,149,27
237.4581642,28.37,27.74,26.92,27.08,0.09,149,27
239.4257998,28.37,27.78,26.93,27.1,0.08,149,27
241.4508209,28.37,27.76,26.93,27.1,0.07,149,27
243.4908574,28.37,27.8,26.94,27.1,0.07,148,27
245.4975865,28.42,27.78,26.95,27.1,0.06,148,27
247.5255921,28.42,27.78,26.95,27.1,0.05,148,27
249.5442662,28.42,27.78,26.96,27.1,0.05,148,27
251.608109,28.44,27.8,26.96,27.1,0.04,148,27
253.592803,28.42,27.78,26.97,27.1,0.04,148,27
255.6086578,28.42,27.8,26.97,27.12,0.03,148,27
257.6347077,28.35,27.74,26.98,27.1,0.03,148,27
259.6656637,28.42,27.8,26.98,27.1,0.02,147,27
261.7205207,28.4,27.74,26.99,27.12,0.02,147,27
263.7089446,28.33,27.76,26.99,27.12,0.01,147,27
265.7282209,28.35,27.8,26.99,27.12,0.01,147,27
267.7582667,28.33,27.8,27,27.1,0.01,147,27
269.7810564,28.33,27.8,27,27.12,0,147,27
271.7821555,28.31,27.8,27,27.12,0,147,27
273.8600039,28.31,27.8,27.01,27.12,0,147,27
275.8417678,28.29,27.78,27.01,27.12,-0.01,147,27
277.8516703,28.29,27.8,27.01,27.12,-0.01,147,27
279.8727031,28.23,27.76,27.01,27.15,-0.01,147,27
281.8988142,28.27,27.8,27.01,27.12,-0.01,147,27
283.9670579,28.27,27.8,27.02,27.15,-0.01,147,27
285.936558,28.27,27.78,27.02,27.17,-0.02,147,27
287.981905,28.25,27.78,27.02,27.17,-0.02,147,27
290.0046391,28.23,27.76,27.02,27.17,-0.02,147,27
292.0015666,28.27,27.78,27.02,27.17,-0.02,147,27
294.0262103,28.23,27.78,27.02,27.15,-0.02,147,27
296.0871592,28.23,27.78,27.02,27.17,-0.02,147,27
298.083915,28.23,27.78,27.02,27.17,-0.02,147,27
300.1050992,28.23,27.76,27.02,27.17,-0.02,147,27
302.1275957,28.2,27.74,27.01,27.12,-0.02,147,27
304.1594393,28.18,27.72,27.01,27.12,-0.01,147,27
306.1573603,28.23,27.76,27.01,27.15,-0.01,147,27
308.1871939,28.18,27.7,27.01,27.17,-0.01,147,27
310.20157,28.2,27.72,27,27.08,-0.01,147,27
312.2572703,28.18,27.74,27,27.12,0,147,27
314.2516148,28.2,27.74,27,27.12,0,147,27
316.2856693,28.16,27.74,27,27.12,0,147,27
318.2889221,28.16,27.74,27,27.1,0,147,27
320.3408253,28.12,27.7,26.99,27.15,0,147,27
322.3430049,28.16,27.72,26.99,27.1,0.01,147,27
324.3906422,28.14,27.78,26.99,27.12,0.01,147,27
326.4238801,28.18,27.74,26.99,27.12,0.01,147,27
328.4287777,28.23,27.76,26.99,27.12,0.01,147,27
330.4463568,28.23,27.76,26.99,27.12,0.01,147,27
332.4396732,28.2,27.74,26.99,27.15,0.01,147,27
334.4657149,28.2,27.74,26.99,27.12,0.01,147,27
336.5046346,28.2,27.74,26.99,27.12,0.01,147,27
338.564194,28.25,27.74,26.98,27.12,0.01,147,27
340.5445538,28.2,27.72,26.98,27.1,0.02,147,27
342.6164689,28.16,27.72,26.98,27.1,0.02,147,27
344.5963099,28.2,27.74,26.98,27.12,0.02,147,27
346.5958633,28.16,27.76,26.98,27.12,0.02,147,27
348.6159689,28.23,27.74,26.98,27.1,0.02,147,27
350.6409843,28.16,27.7,26.98,27.1,0.02,147,27
352.7181842,28.18,27.74,26.98,27.1,0.02,147,27
354.6834323,28.16,27.74,26.98,27.12,0.02,148,27
356.7314918,28.16,27.72,26.98,27.12,0.02,148,27
358.7458694,28.14,27.67,26.98,27.08,0.02,148,27
360.7584238,28.2,27.72,26.97,27.1,0.02,148,27
362.7812207,28.23,27.74,26.97,27.12,0.03,148,27
364.8436098,28.2,27.74,26.97,27.15,0.03,148,27
366.8405519,28.16,27.76,26.97,27.15,0.03,148,27
368.8430057,28.23,27.74,26.97,27.17,0.03,148,27
370.881727,28.2,27.74,26.97,27.17,0.03,148,27
372.9113221,28.18,27.7,26.97,27.19,0.03,148,27
374.9297378,28.2,27.74,26.97,27.15,0.03,148,27
376.9740846,28.2,27.72,26.97,27.1,0.03,148,27
378.9718871,28.2,27.76,26.97,27.15,0.03,148,27
381.0045717,28.2,27.74,26.97,27.1,0.03,148,27
383.0117211,28.18,27.74,26.97,27.12,0.03,148,27
385.0256524,28.2,27.72,26.97,27.15,0.03,148,27
387.0568171,28.23,27.72,26.97,27.15,0.03,148,27
389.0874653,28.18,27.7,26.97,27.15,0.03,148,27
391.1012499,28.23,27.72,26.97,27.12,0.03,148,27
393.1416652,28.25,27.74,26.97,27.15,0.03,148,27
395.1514363,28.2,27.76,26.97,27.15,0.03,148,27
397.1630294,28.23,27.74,26.97,27.17,0.03,148,27
399.1918035,28.23,27.74,26.97,27.17,0.03,148,27
401.1943762,28.23,27.74,26.97,27.17,0.03,148,27
403.2109778,28.25,27.74,26.97,27.15,0.03,148,27
405.2498605,28.23,27.76,26.97,27.17,0.03,148,27
407.3188183,28.25,27.72,26.97,27.12,0.03,148,27
409.2964084,28.33,27.76,26.97,27.15,0.03,148,27
411.3139057,28.33,27.76,26.97,27.15,0.03,148,27
413.3292441,28.33,27.78,26.98,27.12,0.03,148,27
415.3469598,28.35,27.76,26.98,27.1,3.02,221,30
417.371084,28.74,27.86,26.98,27.21,3.02,222,30
419.3878298,29.53,27.89,26.99,27.23,3.02,223,30
421.4431872,30.29,27.93,27,27.27,3.01,224,30
423.4385734,30.9,27.97,27.01,27.25,3,225,30
425.4596653,31.42,28.1,27.03,27.27,2.99,225,30
427.4766984,31.97,28.16,27.06,27.27,2.97,226,30
429.5142963,32.44,28.31,27.1,27.34,2.94,226,30
431.5732648,32.84,28.48,27.15,27.36,2.9,226,30
433.591548,33.24,28.63,27.21,27.4,2.85,226,30
435.5746593,33.65,28.8,27.28,27.44,2.79,226,30
437.5858896,34.01,28.97,27.36,27.5,2.72,225,30
439.6184161,34.31,29.17,27.45,27.59,2.64,224,30
441.6720312,34.63,29.36,27.54,27.67,2.55,223,30
443.6586785,34.88,29.55,27.65,27.74,2.46,222,30
445.7163792,35.11,29.75,27.76,27.82,2.35,220,30
447.7004859,35.29,29.94,27.87,27.93,2.24,218,30
449.7477224,35.43,30.09,27.99,28.03,2.13,216,30
451.7415237,35.52,30.27,28.12,28.14,2.01,214,30
453.761982,35.55,30.42,28.24,28.25,1.88,212,30
455.7946253,35.55,30.55,28.37,28.4,1.76,209,30
457.817899,35.55,30.68,28.5,28.5,1.63,207,30
459.9289064,35.55,30.85,28.62,28.65,1.5,204,30
461.914571,35.55,31.01,28.75,28.76,1.38,202,30
463.8828492,35.57,31.14,28.87,28.89,1.25,199,30
465.9767311,35.57,31.27,29,29.02,1.13,197,30
467.9885025,35.57,31.36,29.12,29.12,1,194,30
469.9476051,35.55,31.44,29.23,29.21,0.88,192,30
471.9955883,35.55,31.55,29.34,29.4,0.77,189,30
473.9868026,35.55,31.66,29.45,29.51,0.66,187,30
476.0251849,35.5,31.77,29.56,29.6,0.55,184,30
478.0418561,35.5,31.84,29.66,29.72,0.44,182,30
480.0627525,35.31,31.86,29.76,29.79,0.34,180,30
482.075469,35.18,31.91,29.85,29.88,0.24,177,30
484.1028388,35.04,32,29.94,30.05,0.15,175,30
486.1436493,34.83,32.02,30.02,30.11,0.06,173,30
488.1386852,34.74,32.04,30.1,30.22,-0.02,171,30
490.1685894,34.6,32.06,30.16,30.29,-0.1,169,30
492.1897774,34.51,32.11,30.23,30.35,-0.16,168,30
494.2130327,34.42,32.11,30.29,30.4,-0.23,166,30
496.2619584,34.28,32.08,30.34,30.42,-0.29,164,30
498.2615392,34.15,32.15,30.39,30.53,-0.34,163,30
500.3112535,33.97,32.17,30.43,30.57,-0.39,162,30
502.2956915,33.9,32.15,30.47,30.61,-0.43,161,30
504.3383362,33.74,32.17,30.5,30.64,-0.47,159,30
506.3465762,33.6,32.08,30.53,30.7,-0.5,158,30
508.3622835,33.51,32.11,30.55,30.7,-0.53,158,30
510.4028971,33.4,32.11,30.57,30.77,-0.55,157,30
512.4032512,33.29,32.06,30.58,30.77,-0.57,156,30
514.4395127,33.18,32.08,30.59,30.79,-0.58,156,30
516.484658,33.11,32.04,30.6,30.83,-0.59,155,30
518.4986296,32.97,32.02,30.6,30.83,-0.6,155,30
520.494544,32.84,31.97,30.6,30.85,-0.6,154,30
522.5161633,32.73,31.93,30.6,30.85,-0.6,154,30
524.5347009,32.57,31.88,30.59,30.85,-0.6,154,30
526.5595908,32.51,31.84,30.58,30.83,-0.59,154,30
528.585722,32.44,31.77,30.57,30.83,-0.58,154,30
530.6305838,32.37,31.75,30.55,30.83,-0.57,154,30
532.6370268,32.26,31.66,30.53,30.81,-0.55,155,30
534.6942835,32.22,31.64,30.5,30.85,-0.53,155,30
536.7015979,32.15,31.6,30.48,30.83,-0.5,155,30
538.7093277,32.08,31.55,30.45,30.81,-0.48,156,30
540.7256165,32.04,31.49,30.43,30.79,-0.45,156,30
542.7348511,32.04,31.51,30.4,30.79,-0.43,157,30
544.7772026,32,31.47,30.37,30.77,-0.4,157,30
546.786463,31.93,31.44,30.34,30.74,-0.37,158,30
548.8461623,31.93,31.4,30.31,30.7,-0.34,158,30
550.8568571,31.93,31.38,30.28,30.66,-0.31,159,30
552.8575671,32,31.36,30.25,30.64,-0.28,159,30
554.8974509,31.97,31.31,30.22,30.61,-0.25,160,30
556.9276345,31.91,31.29,30.19,30.59,-0.22,161,30
558.9182103,31.97,31.25,30.16,30.57,-0.19,161,30
560.9373479,32,31.25,30.14,30.53,-0.16,162,30
562.9868565,32.02,31.22,30.11,30.5,-0.14,163,30
564.9913638,32.02,31.2,30.08,30.48,-0.11,163,30
567.017014,32.02,31.18,30.06,30.48,-0.08,164,30
569.0715497,32.06,31.14,30.04,30.4,-0.06,164,30
571.0671704,32.08,31.14,30.01,30.42,-0.04,165,30
573.0795963,32.06,31.12,29.99,30.37,-0.01,165,30
575.1346676,32.04,31.12,29.97,30.35,0.01,166,30
577.1198239,32.06,31.07,29.95,30.35,0.03,166,30
579.1489303,32.06,31.05,29.93,30.35,0.05,167,30
581.1880054,32.11,31.05,29.91,30.31,0.07,167,30
583.2232032,32.13,31.01,29.89,30.31,0.09,168,30
585.2100737,32.13,31.05,29.87,30.29,0.11,168,30
587.2369635,32.22,31.05,29.86,30.27,0.13,169,30
589.2427845,32.22,31.05,29.84,30.27,0.14,169,30
591.2715986,32.26,31.05,29.83,30.22,0.16,170,30
593.3072016,32.31,31.07,29.82,30.2,0.17,170,30
595.3471022,32.31,31.03,29.81,30.2,0.18,170,30
597.377598,32.39,31.05,29.8,30.18,0.19,171,30
599.3740211,32.42,31.05,29.8,30.16,0.2,171,30
601.4228756,32.46,31.07,29.79,30.16,0.2,171,30
603.4061267,32.51,31.09,29.79,30.2,0.21,171,30
605.4406142,32.53,31.09,29.78,30.16,0.21,172,30
607.4594917,32.57,31.09,29.78,30.14,0.22,172,30
609.4646695,32.71,31.12,29.78,30.16,0.22,172,30
611.499609,32.77,31.12,29.78,30.11,0.22,172,30
613.5506802,32.8,31.14,29.78,30.14,0.22,172,30
615.5278413,32.77,31.16,29.79,30.14,0.22,172,30
617.5742331,32.73,31.12,29.79,30.09,0.21,172,30
619.5898015,32.8,31.16,29.8,30.14,0.21,172,30
621.6306653,32.84,31.2,29.8,30.14,0.2,172,30
623.619179,32.93,31.2,29.81,30.14,0.2,172,30
625.6546316,32.95,31.22,29.82,30.16,0.19,172,30
627.666424,32.95,31.25,29.83,30.16,0.18,172,30
629.7196734,32.91,31.29,29.84,30.14,0.17,172,30
631.705606,32.93,31.27,29.85,30.11,0.16,171,30
633.7263267,32.95,31.29,29.86,30.14,0.15,171,30
635.7681329,32.93,31.29,29.87,30.18,0.14,171,30
637.8243101,32.93,31.31,29.88,30.2,0.13,171,30
639.8237121,32.93,31.31,29.89,30.2,0.12,171,30
641.8277583,32.93,31.31,29.9,30.22,0.11,170,30
643.8520048,32.93,31.33,29.9,30.27,0.1,170,30
645.8859112,32.95,31.36,29.91,30.24,0.1,170,30
647.8981619,32.95,31.38,29.92,30.24,0.09,170,30
649.9070182,32.97,31.38,29.93,30.27,0.08,170,30
651.9390349,32.95,31.38,29.94,30.24,0.07,169,30
654.0039868,32.93,31.38,29.95,30.24,0.06,169,30
656.0245974,32.93,31.4,29.96,30.29,0.05,169,30
658.0405476,32.91,31.38,29.97,30.27,0.04,169,30
660.016432,32.86,31.36,29.98,30.29,0.03,169,30
662.0489714,32.86,31.4,29.98,30.35,0.02,169,30
664.06359,32.8,31.33,29.99,30.33,0.02,168,30
666.0943856,32.82,31.38,29.99,30.31,0.01,168,30
668.1319344,32.82,31.38,30,30.31,0.01,168,30
670.1236565,32.82,31.4,30,30.29,0,168,30
672.160409,32.8,31.4,30,30.29,0,168,30
674.2254877,32.77,31.38,30.01,30.29,0,168,30
676.1998813,32.77,31.38,30.01,30.29,-0.01,168,30
678.2216263,32.75,31.36,30.01,30.31,-0.01,168,30
680.2546625,32.77,31.38,30.01,30.35,-0.01,168,30
682.26227,32.8,31.36,30.02,30.33,-0.01,168,30
684.283473,32.73,31.38,30.02,30.35,-0.02,168,30
686.3085406,32.75,31.36,30.02,30.35,-0.02,168,30
688.3610258,32.73,31.31,30.02,30.37,-0.02,167,30
690.3516786,32.82,31.38,30.02,30.35,-0.02,167,30
692.3805671,32.82,31.38,30.02,30.35,-0.02,168,30
694.3894479,32.8,31.38,30.02,30.4,-0.02,167,30
696.4255586,32.75,31.31,30.02,30.35,-0.02,167,30
698.472683,32.71,31.36,30.02,30.4,-0.02,167,30
700.485826,32.66,31.36,30.02,30.37,-0.02,167,30
702.4950614,32.68,31.33,30.02,30.4,-0.02,167,30
704.4992049,32.66,31.33,30.01,30.42,-0.02,167,30
706.536392,32.68,31.36,30.01,30.42,-0.01,167,30
708.5582485,32.62,31.33,30.01,30.42,-0.01,168,30
710.5669048,32.66,31.36,30.01,30.42,-0.01,168,30
712.5968189,32.64,31.33,30.01,30.35,-0.01,168,30
714.6283953,32.64,31.36,30.01,30.4,-0.01,168,30
716.6365776,32.64,31.33,30.01,30.42,-0.01,168,30
718.7208896,32.62,31.31,30,30.37,-0.01,168,30
720.6983736,32.64,31.33,30,30.37,0,168,30
722.734715,32.66,31.36,30,30.37,0,168,30
724.7348843,32.66,31.36,30,30.33,0,168,30
726.8011601,32.71,31.33,30,30.33,0,168,30
728.7856166,32.66,31.31,30,30.33,0,168,30
730.8420503,32.64,31.33,29.99,30.33,0,168,30
732.810848,32.68,31.33,29.99,30.31,0.01,168,30
734.8535786,32.66,31.33,29.99,30.35,0.01,168,30
736.8630245,32.73,31.33,29.99,30.33,0.01,168,30
738.8846836,32.71,31.38,29.99,30.31,0.01,168,30
740.9074297,32.71,31.33,29.99,30.31,0.01,168,30
742.9527271,32.73,31.36,29.99,30.33,0.01,168,30
744.9457741,32.71,31.33,29.99,30.33,0.01,168,30
746.9646504,32.68,31.36,29.99,30.33,0.01,168,30
749.004833,32.75,31.36,29.99,30.31,0.01,168,30
751.0256155,32.75,31.36,29.99,30.31,0.01,168,30
753.0383172,32.75,31.36,29.99,30.33,0.01,168,30
755.0518284,32.73,31.33,29.99,30.35,0.01,168,30
757.0734727,32.68,31.33,29.99,30.37,0.01,168,30
759.1091537,32.71,31.31,29.99,30.37,0.01,168,30
761.1460006,32.71,31.33,29.99,30.4,0.01,168,30
763.1568184,32.68,31.33,29.99,30.4,0.01,168,30
765.2102048,32.66,31.33,29.99,30.4,0.01,168,30
767.2162971,32.66,31.33,29.99,30.37,0.01,168,30
769.2188725,32.62,31.33,29.99,30.4,0.01,168,30
771.244952,32.64,31.36,29.99,30.4,0.01,168,30
773.2685871,32.57,31.31,29.99,30.33,0.01,168,30
775.2851977,32.59,31.31,29.98,30.31,0.01,168,30
777.3015516,32.62,31.33,29.98,30.31,0.02,168,30
779.3355758,32.62,31.31,29.98,30.31,0.02,168,30
781.3468857,32.66,31.33,29.98,30.31,0.02,168,30
783.3970847,32.66,31.33,29.98,30.33,0.02,168,30
785.3841765,32.68,31.33,29.98,30.35,0.02,168,30
787.4527981,32.68,31.31,29.98,30.33,0.02,168,30
789.4265866,32.66,31.29,29.98,30.31,0.02,169,30
791.4617329,32.71,31.33,29.97,30.33,0.02,169,30
793.477958,32.68,31.33,29.97,30.33,0.03,169,30
795.5349901,32.71,31.36,29.97,30.33,0.03,169,30
797.533323,32.71,31.33,29.97,30.35,0.03,169,30
799.601037,32.64,31.27,29.97,30.29,0.03,169,30
801.5631642,32.68,31.29,29.97,30.35,0.03,169,30
803.5843618,32.68,31.29,29.97,30.35,0.03,169,30
805.6281774,32.66,31.27,29.97,30.33,0.03,169,30
807.6325755,32.66,31.27,29.97,30.35,0.03,169,30
809.6466043,32.68,31.31,29.96,30.35,0.03,169,30
811.6858735,32.64,31.25,29.96,30.37,0.04,169,30
813.699594,32.71,31.29,29.96,30.33,0.04,169,30
815.7408323,32.68,31.27,29.96,30.31,0.04,169,30
817.7432563,32.68,31.29,29.96,30.33,0.04,169,30
819.7901828,32.75,31.29,29.96,30.33,0.04,169,30
821.8161685,32.77,31.31,29.96,30.33,0.04,169,30
823.8131878,32.77,31.33,29.96,30.35,0.04,169,30
825.8296223,32.77,31.31,29.96,30.31,0.04,169,30
827.8845222,32.84,31.36,29.96,30.33,0.04,169,30
829.9216182,32.86,31.33,29.97,30.31,0.04,169,30
831.9166903,32.91,31.36,29.97,30.31,0.03,169,30
833.9175906,32.93,31.36,29.97,30.31,0.03,169,30
835.9585848,32.97,31.36,29.98,30.31,0.03,169,30
837.972508,32.97,31.38,29.98,30.31,0.02,169,30
839.9933281,33,31.38,29.98,30.31,0.02,169,30
842.0018873,33.02,31.4,29.99,30.31,0.02,169,30
844.0212297,33.04,31.4,29.99,30.27,0.01,169,30
846.0476718,33.04,31.4,30,30.24,0.01,168,30
848.0678954,33,31.36,30.01,30.22,0,168,30
850.1241655,33.02,31.38,30.01,30.24,-0.01,168,30
852.1149189,33.02,31.36,30.01,30.24,-0.01,168,30
854.1688273,33.04,31.4,30.02,30.24,-0.01,168,30
856.1648481,33,31.4,30.02,30.24,-0.02,168,30
858.1946201,32.97,31.44,30.03,30.31,-0.02,168,30
860.2492063,32.91,31.42,30.03,30.31,-0.03,168,30
862.2425978,32.88,31.42,30.04,30.31,-0.03,167,30
864.246587,32.91,31.44,30.04,30.35,-0.04,167,30
866.2786584,32.88,31.44,30.05,30.35,-0.04,167,30
868.3117528,32.84,31.42,30.05,30.33,-0.05,167,30
870.3288856,32.8,31.42,30.06,30.35,-0.05,167,30
872.3359604,32.84,31.44,30.06,30.35,-0.06,167,30
874.4129081,32.82,31.42,30.06,30.37,-0.06,167,30
876.3789835,32.8,31.4,30.06,30.37,-0.06,167,30
878.4110303,32.75,31.38,30.06,30.4,-0.06,167,30
880.4496129,32.8,31.42,30.06,30.37,-0.06,167,30
882.4525476,32.75,31.4,30.06,30.35,-0.06,167,30
884.5079348,32.71,31.4,30.06,30.35,-0.06,167,30
886.5260706,32.73,31.4,30.06,30.33,-0.06,167,30
888.5122602,32.75,31.42,30.06,30.37,-0.06,167,30
890.5409582,32.8,31.4,30.06,30.35,-0.06,167,30
892.5617046,32.8,31.4,30.06,30.33,-0.06,166,30
894.6016412,32.8,31.42,30.06,30.35,-0.06,167,30
896.6212983,32.77,31.4,30.06,30.33,-0.06,167,30
898.6430438,32.73,31.4,30.06,30.37,-0.06,166,30
900.6809042,32.75,31.42,30.05,30.35,-0.06,166,30
902.6759491,32.73,31.4,30.05,30.35,-0.05,167,30
904.7276537,32.68,31.36,30.05,30.31,-0.05,166,30
906.7124772,32.73,31.38,30.05,30.35,-0.05,167,30
908.7478211,32.73,31.38,30.05,30.35,-0.05,167,30
910.7525337,32.73,31.36,30.05,30.33,-0.05,167,30
912.7948503,32.73,31.36,30.04,30.35,-0.05,167,30
914.8103714,32.71,31.38,30.04,30.37,-0.04,167,30
916.8174329,32.73,31.38,30.04,30.35,-0.04,167,30
918.8735726,32.73,31.38,30.04,30.35,-0.04,167,30
920.8799336,32.75,31.4,30.03,30.33,-0.04,167,30
922.9116025,32.73,31.4,30.03,30.33,-0.03,167,30
924.9110346,32.66,31.36,30.03,30.29,-0.03,167,30
926.9385214,32.66,31.4,30.03,30.35,-0.03,167,30
928.9942231,32.62,31.33,30.03,30.31,-0.03,167,30
930.9744585,32.66,31.36,30.03,30.35,-0.03,167,30
933.0174856,32.68,31.36,30.02,30.35,-0.03,167,30
935.0198755,32.71,31.36,30.02,30.35,-0.02,167,30
937.0436091,32.62,31.36,30.02,30.37,-0.02,167,30
939.0636618,32.66,31.36,30.02,30.37,-0.02,167,30
941.0938969,32.62,31.29,30.02,30.33,-0.02,167,30
943.1034961,32.64,31.33,30.01,30.37,-0.02,167,30
945.1380017,32.59,31.25,30.01,30.37,-0.01,167,30
947.158457,32.66,31.33,30,30.35,-0.01,167,30
949.1830289,32.66,31.33,30,30.35,0,167,30
951.1937003,32.68,31.33,30,30.37,0,168,30
953.2164028,32.66,31.33,30,30.35,0,168,30
955.2360623,32.68,31.33,29.99,30.31,0,168,30
957.2567809,32.71,31.33,29.99,30.31,0.01,168,30
959.2862768,32.73,31.33,29.99,30.31,0.01,168,30
961.3063915,32.75,31.36,29.99,30.33,0.01,168,30
963.4974499,32.8,31.29,29.99,30.29,0.01,168,30
965.4187195,32.84,31.29,29.99,30.29,0.01,168,30
967.4115171,32.86,31.36,29.99,30.33,0.01,168,30
969.4023497,32.8,31.33,29.99,30.31,0.01,168,30
971.4317567,32.77,31.33,29.99,30.29,0.01,168,30
973.5185146,32.75,31.31,29.99,30.24,0.01,168,30
975.4705186,32.75,31.38,29.99,30.27,0.01,168,30
977.5951753,32.68,31.36,29.99,30.27,0.01,168,30
979.5114601,32.71,31.31,29.99,30.24,0.01,168,30
981.5527575,32.71,31.36,29.99,30.27,0.01,168,30
983.5445282,32.68,31.31,29.99,30.31,0.01,168,30
985.5683799,32.8,31.36,29.99,30.29,0.01,168,30
987.6226118,32.84,31.36,29.99,30.29,0.01,168,30
989.6866105,32.84,31.38,29.99,30.29,0.01,168,30
991.6382236,32.86,31.36,30,30.31,0.01,168,30
993.6587868,32.88,31.31,30,30.27,0,168,30
995.7120104,32.91,31.33,30,30.31,0,168,30
997.7218146,32.88,31.33,30,30.29,0,168,30
999.7215581,32.86,31.33,30,30.29,0,168,30
1001.745575,32.84,31.31,30,30.24,0,168,30
1003.810949,32.84,31.38,30,30.29,0,168,30
1005.802294,32.75,31.38,30,30.29,0,168,30
1007.817687,32.73,31.36,30.01,30.29,0,168,30
1009.84156,32.68,31.33,30.01,30.24,-0.01,167,30
1011.857478,32.68,31.38,30.01,30.31,-0.01,167,30
1013.895565,32.64,31.33,30.01,30.29,-0.01,167,30
1015.901779,32.66,31.38,30.01,30.29,-0.01,167,30
1017.936434,32.62,31.4,30.01,30.31,-0.01,167,30
1019.944938,32.66,31.4,30.01,30.33,-0.01,167,30
1021.990993,32.64,31.33,30.01,30.35,-0.01,167,30
1023.987552,32.68,31.38,30.01,30.33,-0.01,167,30
1026.023928,32.68,31.36,30.01,30.33,-0.01,167,30
1028.043638,32.66,31.36,30.01,30.33,-0.01,167,30
1030.080805,32.66,31.36,30.01,30.35,-0.01,167,30
1032.174793,32.64,31.33,30.01,30.35,-0.01,167,30
1034.131531,32.59,31.33,30,30.35,-5.01,46,25
1036.143539,32.28,31.38,30,30.37,-5,44,25
1038.149111,31.25,31.36,30,30.35,-5,42,25
1040.197655,30.27,31.29,30,30.33,-5,41,25
1042.195972,29.44,31.22,29.98,30.35,-5,39,25
1044.21493,28.74,31.14,29.96,30.33,-4.98,37,25
1046.249945,28.12,31.01,29.93,30.31,-4.96,36,25
1048.258039,27.55,30.83,29.89,30.29,-4.93,35,25
1050.318206,27.04,30.61,29.83,30.24,-4.89,34,25
1052.294442,26.56,30.4,29.76,30.22,-4.83,34,25
1054.325953,26.16,30.2,29.68,30.16,-4.76,34,25
1056.373573,25.74,29.94,29.58,30.05,-4.68,34,25
1058.362589,25.39,29.77,29.48,29.98,-4.58,35,25
1060.400532,25.05,29.53,29.36,29.9,-4.48,36,25
1062.411598,24.72,29.32,29.24,29.81,-4.36,37,25
1064.442018,24.45,29.1,29.11,29.7,-4.24,38,25
1066.49155,24.2,28.87,28.97,29.6,-4.11,40,25
1068.48119,23.96,28.67,28.83,29.47,-3.97,42,25
1070.503786,23.71,28.42,28.68,29.27,-3.83,44,25
1072.563708,23.52,28.25,28.52,29.19,-3.68,46,25
1074.544477,23.34,28.03,28.37,29.02,-3.52,48,25
1076.564025,23.15,27.82,28.21,28.87,-3.37,51,25
1078.630664,23.01,27.63,28.05,28.72,-3.21,53,25
1080.634009,22.86,27.42,27.89,28.55,-3.05,56,25
1082.638515,22.72,27.21,27.73,28.42,-2.89,59,25
1084.65347,22.64,27.04,27.57,28.18,-2.73,62,25
1086.676398,22.58,26.91,27.41,28.08,-2.57,65,25
1088.730233,22.51,26.72,27.25,27.91,-2.41,68,25
1090.731622,22.43,26.54,27.1,27.76,-2.25,71,25
1092.754604,22.47,26.43,26.94,27.57,-2.1,74,25
1094.764066,22.43,26.31,26.79,27.42,-1.94,77,25
1096.814116,22.41,26.14,26.65,27.27,-1.79,80,25
1098.802553,22.41,26.01,26.5,27.12,-1.65,83,25
1100.887418,22.41,25.89,26.36,26.96,-1.5,85,25
1102.848604,22.43,25.78,26.23,26.83,-1.36,88,25
1104.870602,22.45,25.66,26.1,26.68,-1.23,91,25
1106.914634,22.47,25.53,25.97,26.51,-1.1,94,25
1108.924088,22.49,25.49,25.85,26.43,-0.97,96,25
1110.959821,22.56,25.37,25.74,26.31,-0.85,99,25
1112.984599,22.58,25.28,25.62,26.18,-0.74,102,25
1115.030526,22.68,25.2,25.52,26.05,-0.62,104,25
1117.003155,22.74,25.14,25.42,25.95,-0.52,106,25
1119.029112,22.8,25.05,25.32,25.8,-0.42,109,25
1121.061387,22.86,24.99,25.23,25.72,-0.32,111,25
1123.081357,22.95,24.95,25.14,25.62,-0.23,113,25
1125.128239,23.01,24.89,25.06,25.51,-0.14,115,25
1127.112575,23.05,24.85,24.98,25.41,-0.06,117,25
1129.143643,23.15,24.8,24.91,25.32,0.02,119,25
1131.172734,23.25,24.76,24.84,25.26,0.09,121,25
1133.186587,23.36,24.72,24.78,25.16,0.16,122,25
1135.239343,23.46,24.7,24.72,25.12,0.22,124,25
1137.260274,23.56,24.7,24.67,25.05,0.28,125,25
1139.291596,23.67,24.68,24.62,24.99,0.33,127,25
1141.267655,23.77,24.64,24.58,24.89,-2.12,68,22.5
1143.291551,23.79,24.76,24.54,24.99,-2.08,68,22.5
1145.313674,23.42,24.76,24.51,24.93,-2.04,68,22.5
1147.341797,23.07,24.76,24.48,24.89,-2.01,68,22.5
1149.365828,22.76,24.7,24.46,24.83,-1.98,68,22.5
1151.381115,22.51,24.68,24.43,24.85,-1.96,68,22.5
1153.417916,22.27,24.62,24.4,24.8,-1.93,68,22.5
1155.422574,22.08,24.53,24.37,24.76,-1.9,68,22.5
1157.443431,21.88,24.43,24.34,24.7,-1.87,68,22.5
1159.469911,21.69,24.37,24.3,24.7,-1.84,68,22.5
1161.489064,21.55,24.29,24.26,24.64,-1.8,68,22.5
1163.509436,21.43,24.18,24.21,24.6,-1.76,69,22.5
1165.551351,21.3,24.12,24.16,24.56,-1.71,69,22.5
1167.569032,21.2,24.02,24.11,24.49,-1.66,70,22.5
1169.599699,21.1,23.91,24.06,24.43,-1.61,70,22.5
1171.602458,20.98,23.81,24,24.35,-1.56,71,22.5
1173.663504,20.92,23.73,23.95,24.29,-1.5,72,22.5
1175.644193,20.85,23.69,23.89,24.27,-1.45,73,22.5
1177.664398,20.75,23.58,23.83,24.2,-1.39,73,22.5
1179.695499,20.69,23.5,23.77,24.14,-1.33,74,22.5
1181.708613,20.59,23.38,23.71,24.1,-1.27,75,22.5
1183.790908,20.55,23.32,23.64,23.98,-1.21,76,22.5
1185.770574,20.49,23.27,23.58,23.93,-1.14,78,22.5
1187.780023,20.49,23.19,23.52,23.87,-1.08,79,22.5
1189.797101,20.43,23.09,23.46,23.81,-1.02,80,22.5
1191.820754,20.43,23.05,23.4,23.75,-0.96,81,22.5
1193.863147,20.43,22.97,23.34,23.65,-0.9,82,22.5
1195.881231,20.43,22.9,23.28,23.58,-0.84,83,22.5
1197.913668,20.41,22.84,23.22,23.5,-0.78,84,22.5
1199.939361,20.41,22.82,23.16,23.48,-0.72,85,22.5
1201.929146,20.41,22.74,23.11,23.4,-0.66,87,22.5
1203.976521,20.38,22.7,23.05,23.34,-0.61,88,22.5
1205.987244,20.38,22.66,23,23.3,-0.55,89,22.5
1208.003009,20.36,22.58,22.95,23.17,-0.5,90,22.5
1210.041587,20.38,22.58,22.9,23.15,-0.45,91,22.5
1212.072955,20.36,22.53,22.85,23.09,-0.4,92,22.5
1214.067096,20.36,22.49,22.81,23.05,-0.35,93,22.5
1216.090205,20.32,22.47,22.76,23.01,-0.31,94,22.5
1218.105329,20.41,22.43,22.72,22.95,-0.26,95,22.5
1220.160363,20.43,22.37,22.68,22.9,-0.22,96,22.5
1222.156841,20.47,22.35,22.64,22.86,-0.18,97,22.5
1224.172437,20.45,22.31,22.61,22.82,-0.14,98,22.5
1226.199573,20.51,22.31,22.57,22.78,-0.11,98,22.5
1228.229242,20.55,22.27,22.54,22.72,-0.07,99,22.5
1230.243089,20.59,22.25,22.51,22.68,-0.04,100,22.5
1232.267947,20.65,22.25,22.48,22.66,-0.01,101,22.5
1234.311567,20.67,22.21,22.45,22.6,0.02,102,22.5
1236.332646,20.69,22.17,22.42,22.56,0.05,102,22.5
1238.333833,20.73,22.19,22.4,22.53,0.08,103,22.5
1240.368229,20.73,22.14,22.38,22.47,0.1,104,22.5
1242.37199,20.81,22.17,22.36,22.47,0.12,104,22.5
1244.400784,20.85,22.17,22.34,22.47,0.14,105,22.5
1246.438635,20.88,22.17,22.32,22.47,0.16,105,22.5
1248.490778,20.92,22.17,22.31,22.47,0.18,106,22.5
1250.461826,20.96,22.14,22.3,22.43,0.19,106,22.5
1252.532257,21,22.17,22.28,22.41,0.2,106,22.5
1254.526267,21.02,22.17,22.27,22.39,0.22,107,22.5
1256.562665,21.04,22.14,22.27,22.35,0.23,107,22.5
1258.583597,21.08,22.19,22.26,22.37,0.23,107,22.5
1260.57704,21.1,22.19,22.25,22.35,0.24,108,22.5
1262.630654,21.1,22.17,22.25,22.31,0.25,108,22.5
1264.621634,21.12,22.19,22.25,22.33,0.25,108,22.5
1266.647749,21.08,22.17,22.25,22.33,0.25,108,22.5
1268.711906,21.16,22.17,22.24,22.31,0.25,108,22.5
1270.695228,21.18,22.19,22.24,22.31,0.26,108,22.5
1272.730622,21.2,22.19,22.24,22.31,0.26,109,22.5
1274.728983,21.24,22.21,22.24,22.31,0.26,109,22.5
1276.764007,21.24,22.19,22.24,22.29,0.26,109,22.5
1278.825992,21.26,22.21,22.25,22.31,0.26,109,22.5
1280.793488,21.26,22.25,22.25,22.31,0.25,109,22.5
1282.850798,21.22,22.17,22.25,22.33,0.25,109,22.5
1284.895783,21.3,22.23,22.25,22.29,0.25,109,22.5
1286.884913,21.33,22.25,22.26,22.31,0.25,109,22.5
1288.903862,21.37,22.25,22.26,22.29,0.24,109,22.5
1290.916222,21.37,22.25,22.27,22.29,0.24,109,22.5
1292.936869,21.41,22.27,22.27,22.31,0.23,109,22.5
1295.023614,21.37,22.25,22.28,22.31,0.23,109,22.5
1296.970671,21.41,22.29,22.28,22.31,0.22,109,22.5
1298.999919,21.39,22.29,22.29,22.29,0.22,109,22.5
1301.020447,21.35,22.25,22.3,22.27,0.21,109,22.5
1303.041231,21.35,22.31,22.3,22.33,0.2,109,22.5
1305.05766,21.37,22.29,22.31,22.35,0.2,109,22.5
1307.099453,21.39,22.31,22.31,22.35,0.19,108,22.5
1309.10621,21.37,22.29,22.32,22.35,0.19,108,22.5
1311.134563,21.33,22.29,22.32,22.35,0.18,108,22.5
1313.20064,21.33,22.31,22.33,22.35,0.18,108,22.5
1315.220973,21.3,22.31,22.33,22.37,0.17,108,22.5
1317.191754,21.33,22.31,22.34,22.37,0.17,108,22.5
1319.217942,21.28,22.25,22.34,22.35,0.16,108,22.5
1321.277586,21.37,22.33,22.34,22.37,0.16,108,22.5
1323.257884,21.37,22.31,22.35,22.39,0.16,108,22.5
1325.294572,21.35,22.33,22.35,22.39,0.15,108,22.5
1327.333608,21.39,22.33,22.36,22.39,0.15,108,22.5
1329.328612,21.41,22.31,22.36,22.37,0.14,108,22.5
1331.354214,21.41,22.31,22.36,22.39,0.14,108,22.5
1333.368885,21.39,22.33,22.37,22.37,0.14,108,22.5
1335.405746,21.37,22.33,22.37,22.37,0.13,108,22.5
1337.411112,21.39,22.35,22.37,22.41,0.13,108,22.5
1339.486854,21.37,22.31,22.38,22.35,0.13,108,22.5
1341.457819,21.41,22.35,22.38,22.39,0.12,108,22.5
1343.474928,21.39,22.35,22.38,22.39,0.12,108,22.5
1345.511967,21.41,22.33,22.39,22.39,0.12,108,22.5
1347.541311,21.43,22.35,22.39,22.39,0.11,108,22.5
1349.547849,21.39,22.31,22.39,22.33,0.11,108,22.5
1351.567977,21.43,22.35,22.39,22.39,0.11,108,22.5
1353.602704,21.41,22.35,22.4,22.37,0.11,108,22.5
1355.715539,21.37,22.31,22.4,22.35,0.1,108,22.5
1357.662834,21.43,22.37,22.4,22.43,0.1,108,22.5
1359.651561,21.45,22.35,22.4,22.39,0.1,108,22.5
1361.707219,21.45,22.37,22.41,22.41,0.1,107,22.5
1363.70055,21.43,22.37,22.41,22.41,0.09,107,22.5
1365.717609,21.45,22.41,22.41,22.43,0.09,107,22.5
1367.740567,21.41,22.39,22.42,22.41,0.09,107,22.5
1369.769576,21.41,22.37,22.42,22.41,0.08,107,22.5
1371.816859,21.41,22.37,22.42,22.43,0.08,107,22.5
1373.811687,21.39,22.35,22.43,22.39,0.08,107,22.5
1375.83451,21.41,22.37,22.43,22.45,0.07,107,22.5
1377.892844,21.39,22.41,22.43,22.45,0.07,107,22.5
1379.880326,21.43,22.37,22.43,22.43,0.07,107,22.5
1381.909124,21.41,22.35,22.43,22.45,0.07,107,22.5
1383.918261,21.39,22.41,22.43,22.45,0.07,107,22.5
1385.951137,21.43,22.41,22.44,22.45,0.07,107,22.5
1387.963844,21.39,22.37,22.44,22.47,0.06,107,22.5
1389.985562,21.43,22.41,22.44,22.47,0.06,107,22.5
1392.008852,21.41,22.39,22.44,22.45,0.06,107,22.5
1394.033672,21.41,22.37,22.44,22.41,0.06,107,22.5
1396.063802,21.35,22.35,22.45,22.45,0.06,107,22.5
1398.106467,21.43,22.39,22.44,22.47,0.05,107,22.5
1400.10198,21.43,22.41,22.45,22.47,0.06,107,22.5
1402.127604,21.41,22.39,22.45,22.45,0.05,107,22.5
1404.169015,21.45,22.41,22.45,22.45,0.05,107,22.5
1406.164651,21.43,22.41,22.45,22.45,0.05,107,22.5
1408.193541,21.41,22.37,22.45,22.49,0.05,107,22.5
1410.211144,21.43,22.43,22.45,22.47,0.05,107,22.5
1412.247604,21.39,22.37,22.46,22.41,0.05,107,22.5
1414.291675,21.39,22.37,22.45,22.43,0.04,107,22.5
1416.289248,21.39,22.41,22.45,22.45,0.05,107,22.5
1418.318817,21.43,22.43,22.46,22.45,0.05,107,22.5
1420.350567,21.41,22.41,22.46,22.45,0.04,107,22.5
1422.341756,21.43,22.41,22.46,22.45,0.04,107,22.5
1424.363684,21.43,22.39,22.46,22.43,0.04,107,22.5
1426.381567,21.45,22.43,22.46,22.47,0.04,107,22.5
1428.44155,21.45,22.43,22.46,22.47,0.04,107,22.5
1430.424447,21.45,22.45,22.46,22.47,0.04,107,22.5
1432.450036,21.45,22.43,22.47,22.47,0.04,107,22.5
1434.505989,21.45,22.43,22.47,22.47,0.03,107,22.5
1436.4899,21.45,22.43,22.47,22.45,0.03,107,22.5
1438.532506,21.41,22.39,22.47,22.49,0.03,107,22.5
1440.537478,21.47,22.43,22.47,22.49,0.03,107,22.5
1442.570777,21.47,22.45,22.47,22.49,0.03,107,22.5
1444.606184,21.45,22.43,22.47,22.47,0.03,107,22.5
1446.61448,21.41,22.39,22.48,22.45,0.03,107,22.5
1448.668744,21.47,22.45,22.48,22.49,0.02,107,22.5
1450.654652,21.47,22.45,22.48,22.49,0.02,107,22.5
1452.72269,21.45,22.43,22.48,22.47,0.02,107,22.5
1454.689101,21.43,22.43,22.48,22.45,0.02,107,22.5
1456.726598,21.41,22.45,22.48,22.51,0.02,106,22.5
1458.74615,21.43,22.43,22.48,22.51,0.02,106,22.5
1460.765664,21.41,22.39,22.48,22.53,0.02,106,22.5
1462.786576,21.43,22.43,22.48,22.51,0.02,106,22.5
1464.840333,21.41,22.41,22.48,22.51,0.02,106,22.5
1466.862632,21.41,22.41,22.48,22.49,0.02,106,22.5
1468.843523,21.39,22.39,22.48,22.45,0.02,106,22.5
1470.881549,21.43,22.45,22.48,22.51,0.02,107,22.5
1472.903692,21.41,22.45,22.48,22.49,0.02,107,22.5
1474.96149,21.39,22.39,22.48,22.49,0.02,107,22.5
1476.934534,21.43,22.43,22.48,22.49,0.02,106,22.5
1479.063367,21.41,22.39,22.48,22.43,0.02,107,22.5
1480.976331,21.39,22.39,22.48,22.45,0.02,107,22.5
1483.060242,21.41,22.41,22.48,22.47,0.02,107,22.5
1485.056405,21.43,22.41,22.48,22.47,0.02,107,22.5
1487.0547,21.41,22.43,22.48,22.47,0.02,107,22.5
1489.067151,21.41,22.39,22.48,22.45,0.02,107,22.5
1491.096266,21.45,22.45,22.48,22.49,0.02,107,22.5
1493.11074,21.43,22.43,22.48,22.47,0.02,107,22.5
1495.165608,21.41,22.41,22.48,22.47,4.52,216,27
1497.162553,21.94,22.6,22.48,22.66,4.52,218,27
1499.186221,23.05,22.6,22.49,22.64,4.52,219,27
1501.201742,24.14,22.66,22.5,22.64,4.51,221,27
1503.245968,25.03,22.72,22.52,22.68,4.5,222,27
1505.269135,25.87,22.88,22.54,22.68,4.48,223,27
1507.277852,26.58,23.07,22.58,22.7,4.46,224,27
1509.326602,27.19,23.21,22.64,22.7,4.42,225,27
1511.369931,27.78,23.44,22.71,22.74,4.36,225,27
1513.341058,28.35,23.67,22.79,22.82,4.29,225,27
1515.373562,28.87,23.93,22.88,22.9,4.21,225,27
1517.380167,29.32,24.18,22.99,22.97,4.12,224,27
1519.412225,29.7,24.39,23.12,23.07,4.01,223,27
1521.445568,30.11,24.66,23.25,23.15,3.88,221,27
1523.453413,30.46,24.91,23.39,23.27,3.75,219,27
1525.464652,30.72,25.12,23.54,23.38,3.61,217,27
1527.486858,31.01,25.37,23.7,23.5,3.46,215,27
1529.506685,31.2,25.62,23.86,23.65,3.3,213,27
1531.5541,31.38,25.82,24.03,23.83,3.14,210,27
1533.554815,31.58,26.08,24.2,23.98,2.97,207,27
1535.614651,31.73,26.26,24.37,24.1,2.8,204,27
1537.606241,31.86,26.47,24.54,24.29,2.63,201,27
1539.622305,31.93,26.66,24.72,24.41,2.46,197,27
1541.668422,31.97,26.87,24.89,24.62,2.28,194,27
1543.659682,31.95,27.06,25.07,24.8,2.11,190,27
1545.702639,31.95,27.23,25.24,24.93,1.93,187,27
1547.706668,31.84,27.31,25.41,25.16,1.76,184,27
1549.750947,31.8,27.5,25.57,25.26,1.59,180,27
1551.753898,31.75,27.65,25.73,25.43,1.43,177,27
1553.794081,31.64,27.74,25.88,25.55,1.27,173,27
1555.804771,31.58,27.84,26.03,25.76,1.12,170,27
1557.818657,31.53,27.99,26.17,25.89,0.97,167,27
1559.842552,31.38,28.01,26.31,26.03,0.83,164,27
1561.873597,31.25,28.14,26.43,26.16,0.69,161,27
1563.907469,31.07,28.23,26.56,26.33,0.57,158,27
1565.922019,30.9,28.27,26.67,26.43,0.44,155,27
1567.929186,30.74,28.33,26.78,26.56,0.33,152,27
1569.948703,30.59,28.37,26.88,26.66,0.22,150,27
1571.972489,30.42,28.4,26.97,26.77,0.12,148,27
1574.02525,30.27,28.44,27.06,26.87,0.03,145,27
1576.026208,30.09,28.48,27.13,26.98,-0.06,143,27
1578.062089,29.9,28.44,27.2,27.02,-0.13,141,27
1580.085665,29.75,28.5,27.27,27.12,-0.2,140,27
1582.090725,29.57,28.5,27.32,27.19,-0.27,138,27
1584.111119,29.44,28.5,27.37,27.27,-0.32,137,27
1586.141897,29.23,28.5,27.42,27.34,-0.37,135,27
1588.158911,29.08,28.48,27.45,27.36,-0.42,134,27
1590.185598,28.91,28.44,27.48,27.38,-0.45,133,27
1592.191402,28.8,28.46,27.51,27.48,-0.48,132,27
1594.212071,28.65,28.42,27.53,27.5,-0.51,131,27
1596.274635,28.52,28.37,27.54,27.53,-0.53,131,27
1598.269679,28.4,28.33,27.55,27.53,-0.54,130,27
1600.340947,28.29,28.33,27.55,27.59,-0.55,130,27
1602.326591,28.12,28.25,27.55,27.63,-0.55,129,27
1604.33285,28.08,28.27,27.55,27.59,-0.55,129,27
1606.370827,27.95,28.23,27.54,27.61,-0.55,129,27
1608.366019,27.82,28.14,27.53,27.57,-0.54,129,27
1610.404396,27.74,28.12,27.51,27.59,-0.53,129,27
1612.415683,27.61,28.03,27.49,27.61,-0.51,129,27
1614.486634,27.59,28.03,27.47,27.61,-0.49,130,27
1616.454699,27.55,28.01,27.45,27.57,-0.47,130,27
1618.514441,27.48,27.95,27.42,27.53,-0.45,130,27
1620.526227,27.4,27.93,27.4,27.53,-0.42,131,27
1622.560567,27.38,27.89,27.37,27.53,-0.4,131,27
1624.551899,27.34,27.84,27.34,27.46,-0.37,132,27
1626.576202,27.31,27.8,27.31,27.42,-0.34,132,27
1628.599261,27.29,27.78,27.28,27.44,-0.31,133,27
1630.612884,27.21,27.7,27.25,27.44,-0.28,134,27
1632.643213,27.25,27.7,27.21,27.4,-0.25,134,27
1634.661604,27.25,27.67,27.18,27.38,-0.21,135,27
1636.704513,27.23,27.61,27.15,27.31,-0.18,136,27
1638.729752,27.23,27.59,27.12,27.27,-0.15,136,27
1640.725233,27.23,27.55,27.09,27.25,-0.12,137,27
1642.758586,27.23,27.53,27.06,27.25,-0.09,138,27
1644.767861,27.23,27.5,27.03,27.23,-0.06,138,27
1646.812169,27.25,27.44,27,27.15,-0.03,139,27
1648.841228,27.23,27.42,26.97,27.15,0,140,27
1650.849587,27.25,27.42,26.94,27.1,0.03,141,27
1652.855752,27.27,27.38,26.91,27.12,0.06,141,27
1654.888192,27.31,27.4,26.89,27.1,0.09,142,27
1656.898679,27.29,27.44,26.86,27.08,0.11,143,27
1658.92225,27.36,27.4,26.84,27.06,0.14,143,27
1660.957541,27.42,27.4,26.82,27.04,0.16,144,27
1662.983931,27.46,27.4,26.8,27.02,0.18,144,27
1665.034658,27.46,27.34,26.79,27.02,0.2,145,27
1667.013829,27.53,27.36,26.77,27,0.21,145,27
1669.030932,27.55,27.34,26.75,26.96,0.23,146,27
1671.084631,27.55,27.4,26.74,26.98,0.25,146,27
1673.099232,27.61,27.36,26.73,26.94,0.26,147,27
1675.116997,27.65,27.38,26.72,26.96,0.27,147,27
1677.133614,27.67,27.38,26.71,26.91,0.28,148,27
1679.141642,27.67,27.38,26.7,26.94,0.29,148,27
1681.201793,27.72,27.38,26.69,26.94,0.3,148,27
1683.187518,27.8,27.38,26.69,26.89,0.31,148,27
1685.219596,27.82,27.38,26.68,26.87,0.31,149,27
1687.246633,27.84,27.38,26.68,26.89,0.32,149,27
1689.275148,27.89,27.4,26.68,26.89,0.32,149,27
1691.27206,27.93,27.42,26.68,26.87,0.32,149,27
1693.32118,27.99,27.42,26.68,26.85,0.32,149,27
1695.343723,28.01,27.44,26.68,26.89,0.32,150,27
1697.354635,27.99,27.4,26.68,26.89,0.32,150,27
1699.383442,28.08,27.46,26.68,26.87,0.32,150,27
1701.407072,28.1,27.46,26.69,26.87,0.32,150,27
1703.434537,28.14,27.46,26.69,26.83,0.31,150,27
1705.446433,28.16,27.48,26.7,26.87,0.31,150,27
1707.463613,28.2,27.5,26.7,26.85,0.3,150,27
1709.480924,28.25,27.5,26.71,26.83,0.3,150,27
1711.54045,28.2,27.55,26.72,26.85,0.29,150,27
1713.516199,28.29,27.55,26.73,26.87,0.28,150,27
1715.536646,28.27,27.5,26.73,26.87,0.27,149,27
1717.590741,28.29,27.57,26.74,26.89,0.27,149,27
1719.611596,28.31,27.57,26.75,26.89,0.26,149,27
1721.612782,28.29,27.59,26.76,26.89,0.25,149,27
1723.648443,28.25,27.55,26.77,26.87,-1.76,100,25
1725.682229,28.14,27.63,26.78,26.94,-1.77,100,25
1727.68374,27.7,27.61,26.79,26.91,-1.78,99,25
1729.732674,27.27,27.61,26.8,26.91,-1.79,98,25
1731.713627,26.94,27.61,26.8,26.96,-1.8,97,25
1733.781615,26.62,27.57,26.8,26.96,-1.8,96,25
1735.769597,26.33,27.5,26.8,26.94,-1.8,95,25
1737.829114,26.1,27.46,26.79,26.96,-1.8,95,25
1739.828568,25.87,27.36,26.78,26.94,-1.79,94,25
1741.828902,25.64,27.27,26.75,26.94,-1.78,94,25
1743.883397,25.45,27.19,26.73,26.94,-1.75,94,25
1745.915437,25.28,27.08,26.69,26.91,-1.73,94,25
1747.90707,25.1,27,26.66,26.85,-1.69,94,25
1749.935654,24.95,26.89,26.61,26.83,-1.66,95,25
1751.9343,24.83,26.81,26.57,26.79,-1.61,95,25
1753.970759,24.62,26.75,26.51,26.75,-1.57,96,25
1755.989991,24.58,26.64,26.46,26.7,-1.51,96,25
1758.000478,24.43,26.54,26.4,26.66,-1.46,97,25
1760.024565,24.35,26.43,26.34,26.58,-1.4,98,25
1762.07169,24.27,26.39,26.28,26.54,-1.34,99,25
1764.076444,24.2,26.28,26.22,26.47,-1.28,100,25
1766.119805,24.12,26.18,26.16,26.41,-1.22,101,25
1768.120109,24.08,26.12,26.09,26.37,-1.16,102,25
1770.140298,24.04,26.03,26.03,26.28,-1.09,103,25
1772.182239,24,25.95,25.96,26.22,-1.03,104,25
1774.197184,23.96,25.87,25.89,26.16,-0.96,106,25
1776.208761,23.89,25.76,25.83,26.12,-0.89,107,25
1778.226834,23.89,25.72,25.76,26.03,-0.83,108,25
1780.293944,23.89,25.66,25.7,25.95,-0.76,109,25
1782.276465,23.85,25.57,25.63,25.91,-0.7,111,25
1784.303316,23.89,25.55,25.57,25.85,-0.63,112,25
1786.326615,23.87,25.47,25.51,25.72,-0.57,113,25
1788.336212,23.89,25.43,25.45,25.7,-0.51,115,25
1790.398863,23.93,25.41,25.39,25.64,-0.45,116,25
1792.381331,23.93,25.34,25.34,25.57,-0.39,117,25
1794.408133,23.96,25.3,25.29,25.53,-0.34,118,25
1796.431163,23.96,25.24,25.24,25.47,-0.29,119,25
1798.450576,23.98,25.22,25.19,25.45,-0.24,120,25
1800.476248,24.02,25.18,25.14,25.34,-0.19,122,25
1802.502319,24,25.18,25.1,25.32,-0.14,123,25
1804.521532,24.1,25.14,25.06,25.28,-0.1,124,25
1806.582372,24.12,25.12,25.02,25.24,-0.06,125,25
1808.559302,24.16,25.07,24.98,25.18,-0.02,126,25
1810.594943,24.22,25.05,24.94,25.14,0.02,127,25
1812.605726,24.27,25.05,24.91,25.12,0.06,127,25
1814.618623,24.31,25.03,24.88,25.07,0.09,128,25
1816.648781,24.33,24.99,24.85,25.01,0.12,129,25
1818.678898,24.39,25.01,24.82,24.99,0.15,130,25
1820.68589,24.45,25.01,24.8,24.99,0.18,130,25
1822.707743,24.47,24.97,24.78,24.91,0.2,131,25
1824.755834,24.58,25.01,24.76,24.93,0.22,132,25
1826.789574,24.62,25.01,24.74,24.91,0.24,132,25
1828.780354,24.66,25.01,24.73,24.89,0.26,133,25
1830.815466,24.66,24.97,24.72,24.91,0.27,133,25
1832.822602,24.76,25.03,24.7,24.87,0.28,134,25
1834.85452,24.76,24.99,24.7,24.83,0.3,134,25
1836.867559,24.83,25.05,24.69,24.85,0.3,134,25
1838.922495,24.87,25.03,24.69,24.83,0.31,135,25
1840.914673,24.91,25.03,24.68,24.8,0.31,135,25
1842.947977,24.97,25.05,24.68,24.83,0.32,135,25
1844.950989,25.01,25.05,24.68,24.8,0.32,135,25
1846.973578,25.05,25.05,24.68,24.78,0.32,135,25
1848.994779,25.1,25.12,24.68,24.83,0.32,135,25
1851.02796,25.1,25.07,24.68,24.83,0.32,136,25
1853.04585,25.16,25.12,24.69,24.83,0.32,136,25
1855.06398,25.16,25.12,24.69,24.85,0.31,136,25
1857.104666,25.22,25.14,24.7,24.8,0.31,136,25
1859.107241,25.26,25.18,24.71,24.85,0.3,136,25
1861.161598,25.28,25.18,24.71,24.85,0.29,135,25
1863.150082,25.3,25.2,24.72,24.85,0.29,135,25
1865.230776,25.32,25.22,24.73,24.87,0.28,135,25
1867.195511,25.32,25.22,24.74,24.83,0.27,135,25
1869.246871,25.32,25.24,24.75,24.85,0.26,135,25
1871.241868,25.3,25.2,24.76,24.87,0.25,135,25
1873.27261,25.34,25.26,24.77,24.89,0.24,135,25
1875.288235,25.32,25.24,24.78,24.89,0.23,135,25
1877.329664,25.37,25.28,24.79,24.89,0.22,134,25
1879.335316,25.32,25.24,24.81,24.83,0.21,134,25
1881.359689,25.37,25.3,24.81,24.89,0.19,134,25
1883.378058,25.34,25.28,24.82,24.89,0.19,134,25
1885.398552,25.32,25.3,24.83,24.89,0.18,134,25
1887.437257,25.32,25.3,24.84,24.93,0.17,133,25
1889.450305,25.34,25.3,24.85,24.91,0.16,133,25
1891.493606,25.3,25.3,24.86,24.91,0.15,133,25
1893.485779,25.3,25.3,24.87,24.93,4.14,230,29
1895.534652,25.87,25.51,24.88,25.12,4.13,231,29
1897.536854,26.89,25.49,24.89,25.16,4.12,233,29
1899.601034,27.97,25.57,24.91,25.16,4.11,234,29
1901.580781,28.82,25.64,24.94,25.14,4.09,235,29
1903.623107,29.57,25.8,24.97,25.18,4.06,236,29
1905.648384,30.24,25.93,25.02,25.16,4.03,237,29
1907.634203,30.87,26.12,25.07,25.22,3.98,237,29
1909.696432,31.51,26.35,25.14,25.28,3.93,237,29
1911.683614,32.02,26.56,25.23,25.32,3.86,237,29
1913.713731,32.51,26.79,25.33,25.39,3.77,236,29
1915.723719,32.93,27.04,25.44,25.47,3.67,235,29
1917.781675,33.33,27.34,25.56,25.59,3.56,234,29
1919.781914,33.63,27.53,25.69,25.68,3.44,232,29
1921.814632,33.99,27.76,25.83,25.76,3.31,230,29
1923.838106,34.26,28.01,25.98,25.91,3.17,228,29
1925.837777,34.49,28.25,26.14,26.03,3.02,225,29
1927.856657,34.69,28.46,26.3,26.18,2.86,223,29
1929.895495,34.85,28.69,26.46,26.35,2.7,220,29
1931.95163,34.99,28.89,26.63,26.49,2.54,217,29
1933.922251,35.11,29.1,26.8,26.66,2.37,214,29
1935.954668,35.2,29.32,26.97,26.81,2.2,210,29
1937.980728,35.22,29.49,27.14,26.98,2.03,207,29
1940.008461,35.2,29.62,27.31,27.1,1.86,204,29
1942.015633,35.2,29.85,27.48,27.31,1.69,200,29
1944.049865,35.18,29.98,27.64,27.46,1.52,197,29
1946.088462,35.11,30.14,27.8,27.61,1.36,193,29
1948.105639,35.04,30.29,27.96,27.78,1.2,190,29
1950.105595,34.83,30.4,28.11,27.93,1.04,186,29
1952.132556,34.79,30.5,28.26,28.06,0.89,183,29
1954.184897,34.65,30.61,28.4,28.23,0.74,180,29
1956.170068,34.49,30.66,28.53,28.33,0.6,177,29
1958.219661,34.33,30.77,28.66,28.48,0.47,174,29
1960.211456,34.12,30.83,28.77,28.61,0.34,171,29
1962.236134,33.99,30.83,28.89,28.72,0.23,168,29
1964.294137,33.83,30.9,28.99,28.82,0.11,165,29
1966.274831,33.67,30.94,29.08,28.97,0.01,163,29
1968.340251,33.47,30.96,29.17,29.08,-0.08,161,29
1970.35259,33.31,31.01,29.25,29.21,-0.17,158,29
1972.340685,33.06,30.96,29.32,29.29,-0.25,156,29
1974.418883,32.91,30.98,29.38,29.36,-0.32,155,29
1976.396772,32.75,31.01,29.44,29.44,-0.38,153,29
1978.415158,32.51,31.01,29.49,29.51,-0.44,151,29
1980.46803,32.37,30.98,29.53,29.57,-0.49,150,29
1982.475056,32.19,30.96,29.57,29.55,-0.53,149,29
1984.487154,32.08,30.96,29.6,29.62,-0.57,148,29
1986.537322,32,30.94,29.62,29.64,-0.6,147,29
1988.546796,31.82,30.92,29.64,29.68,-0.62,146,29
1990.544632,31.66,30.87,29.65,29.7,-0.64,145,29
1992.564522,31.51,30.85,29.66,29.75,-0.65,145,29
1994.607298,31.36,30.79,29.66,29.72,-0.66,144,29
1996.617515,31.2,30.77,29.66,29.75,-0.66,144,29
1998.630697,31.09,30.72,29.65,29.77,-0.66,144,29
2000.670982,31.01,30.68,29.64,29.77,-0.65,144,29
2002.685688,30.94,30.66,29.63,29.77,-0.64,144,29
2004.707511,30.85,30.59,29.61,29.75,-0.63,144,29
2006.759629,30.72,30.57,29.59,29.75,-0.61,144,29
2008.737638,30.64,30.5,29.57,29.72,-0.59,144,29
2010.77782,30.55,30.4,29.55,29.68,-0.57,145,29
2012.790873,30.5,30.37,29.52,29.68,-0.55,145,29
2014.831746,30.44,30.31,29.48,29.64,-0.52,145,29
2016.832106,30.4,30.29,29.45,29.62,-0.48,146,29
2018.856849,30.31,30.24,29.42,29.6,-0.45,147,29
2020.911558,30.29,30.2,29.38,29.57,-0.42,147,29
2022.909422,30.31,30.18,29.35,29.57,-0.38,148,29
2024.916729,30.31,30.14,29.32,29.55,-0.35,149,29
2026.947944,30.29,30.09,29.28,29.51,-0.32,149,29
2028.9647,30.27,30.05,29.25,29.44,-0.28,150,29
2031.002605,30.31,30.07,29.21,29.47,-0.25,151,29
2033.007405,30.31,30.01,29.18,29.4,-0.21,152,29
2035.043681,30.29,30.01,29.15,29.4,-0.18,152,29
2037.065178,30.29,29.96,29.11,29.36,-0.15,153,29
2039.109129,30.29,29.94,29.08,29.29,-0.11,154,29
2041.09456,30.27,29.9,29.05,29.29,-0.08,154,29
2043.113161,30.31,29.88,29.02,29.32,-0.05,155,29
2045.163452,30.31,29.88,29,29.29,-0.02,156,29
2047.160293,30.31,29.83,28.97,29.27,0,157,29
2049.221675,30.33,29.85,28.94,29.27,0.03,157,29
2051.237054,30.35,29.81,28.92,29.23,0.06,158,29
2053.240098,30.4,29.81,28.89,29.21,0.08,159,29
2055.281917,30.42,29.81,28.87,29.17,0.11,159,29
2057.272806,30.44,29.81,28.85,29.14,0.13,160,29
2059.306967,30.5,29.79,28.83,29.12,0.15,160,29
2061.334077,30.55,29.79,28.81,29.12,0.17,161,29
2063.370227,30.59,29.79,28.8,29.12,0.19,161,29
2065.405687,30.59,29.77,28.78,29.12,0.2,162,29
2067.396485,30.66,29.77,28.77,29.08,0.22,162,29
2069.417428,30.7,29.79,28.76,29.08,0.23,163,29
2071.424695,30.74,29.77,28.75,29.06,0.24,163,29
2073.464565,30.79,29.79,28.74,29.06,0.25,163,29
2075.50217,30.81,29.79,28.73,29.02,0.26,164,29
2077.497893,30.83,29.79,28.73,28.99,0.27,164,29
2079.523996,30.92,29.79,28.72,28.97,0.27,164,29
2081.542573,30.94,29.75,28.72,28.91,0.28,164,29
2083.569795,31.01,29.81,28.71,28.95,0.28,165,29
2085.614655,31.05,29.81,28.71,28.97,0.29,165,29
2087.616477,31.01,29.79,28.71,29.02,0.29,165,29
2089.626075,31.09,29.85,28.71,28.97,0.29,165,29
2091.686504,31.16,29.88,28.71,28.99,0.29,165,29
2093.681306,31.18,29.9,28.72,28.97,0.29,165,29
2095.729239,31.2,29.92,28.72,28.97,0.28,165,29
2097.721636,31.2,29.94,28.73,28.99,0.28,165,29
2099.741402,31.2,29.94,28.74,28.99,0.27,165,29
2101.772444,31.22,29.94,28.74,29.02,0.26,165,29
2103.805833,31.22,29.94,28.75,28.99,0.26,165,29
2105.807105,31.27,29.98,28.76,29.02,0.25,165,29
2107.831527,31.27,29.98,28.77,29.02,0.24,165,29
2109.875932,31.29,29.98,28.78,29.02,0.23,165,29
2111.867246,31.29,29.98,28.79,29.02,0.22,164,29
2113.892928,31.29,29.98,28.79,28.97,0.21,164,29
2115.930564,31.31,30.03,28.8,29.04,0.21,164,29
2117.937674,31.29,30.01,28.81,29.04,0.2,164,29
2119.958248,31.33,30.03,28.82,29.06,0.19,164,29
2121.990861,31.33,30.05,28.83,29.06,0.18,164,29
2124.011566,31.38,30.03,28.84,29.06,0.17,164,29
2126.044206,31.33,30.05,28.84,29.08,0.16,163,29
2128.069625,31.38,30.05,28.85,29.1,0.16,163,29
2130.08551,31.38,30.05,28.86,29.1,0.15,163,29
2132.090886,31.38,30.07,28.87,29.1,0.14,163,29
2134.108938,31.4,30.07,28.88,29.12,0.13,163,29
2136.181558,31.42,30.09,28.88,29.12,0.12,163,29
2138.166691,31.44,30.14,28.89,29.12,0.12,163,29
2140.185865,31.42,30.09,28.9,29.08,0.11,162,29
2142.241343,31.44,30.16,28.91,29.14,0.1,162,29
2144.225942,31.44,30.14,28.92,29.12,0.09,162,29
2146.279811,31.44,30.14,28.93,29.12,0.08,162,29
2148.263545,31.47,30.14,28.94,29.12,0.07,162,29
2150.335635,31.44,30.14,28.94,29.14,0.06,162,29
2152.304754,31.47,30.14,28.95,29.14,0.06,161,29
2154.357876,31.42,30.14,28.96,29.17,0.05,161,29
2156.351783,31.42,30.14,28.96,29.17,0.04,161,29
2158.397816,31.38,30.14,28.97,29.17,0.04,161,29
2160.40422,31.38,30.16,28.97,29.21,0.03,161,29
2162.459663,31.36,30.11,28.98,29.17,0.03,161,29
2164.448268,31.31,30.16,28.98,29.21,0.02,161,29
2166.474269,31.29,30.14,28.99,29.23,0.02,161,29
2168.499735,31.25,30.11,28.99,29.25,0.01,160,29
2170.507602,31.29,30.14,28.99,29.23,0.01,160,29
2172.541963,31.27,30.14,28.99,29.21,0.01,160,29
2174.556795,31.22,30.14,29,29.21,0.01,160,29
2176.577549,31.22,30.16,29,29.21,0,160,29
2178.608672,31.22,30.14,29,29.21,0,160,29
2180.618164,31.22,30.16,29,29.19,0,160,29
2182.646872,31.25,30.14,29,29.21,0,160,29
2184.690139,31.2,30.14,29,29.23,0,160,29
2186.731489,31.16,30.14,29,29.23,0,160,29
2188.709675,31.14,30.16,29,29.23,0,160,29
2190.724436,31.12,30.11,29,29.23,0,160,29
2192.768521,31.12,30.16,29,29.27,0,160,29
2194.778766,31.14,30.14,29,29.23,0,160,29
2196.831515,31.14,30.11,29,29.21,0,160,29
2198.817931,31.12,30.05,29,29.25,0,160,29
2200.881963,31.16,30.09,28.99,29.21,0,160,29
2202.879145,31.14,30.07,28.99,29.21,0.01,160,29
2204.91782,31.14,30.11,28.98,29.21,0.01,160,29
2206.919603,31.12,30.09,28.98,29.23,0.02,161,29
2208.933638,31.07,30.11,28.98,29.23,0.02,161,29
2211.001818,31.16,30.07,28.98,29.19,0.02,161,29
2213.00002,31.14,30.07,28.98,29.21,0.02,161,29
2214.990089,31.16,30.09,28.97,29.21,0.02,161,29
2217.042745,31.14,30.09,28.97,29.21,0.03,161,29
2219.053332,31.12,30.09,28.97,29.19,0.03,161,29
2221.060858,31.12,30.09,28.97,29.21,0.03,161,29
2223.102633,31.12,30.09,28.97,29.23,0.03,161,29
2225.107312,31.14,30.07,28.96,29.23,0.03,161,29
2227.16133,31.09,30.05,28.96,29.19,0.04,161,29
2229.144346,31.09,30.07,28.96,29.21,0.04,161,29
2231.176856,31.09,30.05,28.96,29.17,0.04,161,29
2233.221747,31.12,30.09,28.95,29.21,0.04,161,29
2235.222486,31.12,30.07,28.95,29.19,0.05,161,29
2237.243709,31.14,30.09,28.95,29.19,0.05,161,29
2239.265939,31.18,30.07,28.95,29.14,0.05,162,29
2241.280462,31.2,30.07,28.95,29.17,0.05,162,29
2243.303828,31.18,30.07,28.95,29.14,0.05,162,29
2245.369704,31.16,30.05,28.95,29.14,0.05,162,29
2247.379635,31.16,30.01,28.94,29.12,0.05,162,29
2249.36625,31.2,30.03,28.94,29.19,0.06,162,29
2251.39172,31.18,30.01,28.94,29.17,0.06,162,29
2253.415428,31.18,30.05,28.94,29.19,0.06,162,29
2255.430579,31.2,30.05,28.94,29.19,0.06,162,29
2257.466399,31.18,30.03,28.93,29.12,0.06,162,29
2259.518664,31.2,30.09,28.93,29.19,0.07,162,29
2261.505694,31.18,30.05,28.94,29.14,0.07,162,29
2263.520803,31.16,30.09,28.94,29.17,0.06,162,29
2265.569013,31.2,30.09,28.94,29.17,0.06,162,29
2267.590226,31.2,30.09,28.94,29.17,0.06,162,29
2269.583835,31.18,30.07,28.94,29.17,0.06,162,29
2271.634611,31.18,30.05,28.94,29.19,0.06,162,29
2273.629706,31.18,30.05,28.94,29.14,0.06,162,29
2275.691553,31.14,30.07,28.94,29.21,0.06,162,29
2277.673582,31.18,30.09,28.94,29.19,0.06,162,29
2279.729048,31.18,30.09,28.94,29.21,0.06,162,29
2281.731594,31.18,30.07,28.94,29.21,0.06,162,29
2283.753917,31.18,30.05,28.94,29.21,0.06,162,29
2285.772574,31.14,30.05,28.94,29.21,0.06,162,29
2287.799652,31.16,30.07,28.94,29.21,0.06,162,29
2289.812779,31.14,30.07,28.94,29.19,0.06,162,29
2291.849077,31.14,30.09,28.94,29.23,0.06,162,29
2293.850505,31.12,30.05,28.94,29.23,0.06,162,29
2295.893589,31.22,30.05,28.94,29.23,0.06,162,29
2297.894435,31.22,30.07,28.94,29.21,0.06,162,29
2299.928021,31.22,30.07,28.94,29.21,0.06,162,29
2301.944423,31.27,30.09,28.94,29.23,0.06,162,29
2304.013258,31.29,30.09,28.94,29.23,0.06,163,29
2305.993922,31.27,30.09,28.94,29.21,0.06,162,29
2308.012276,31.27,30.09,28.94,29.23,0.06,162,29
2310.042795,31.27,30.09,28.95,29.23,0.06,162,29
2312.056576,31.27,30.11,28.95,29.23,0.05,162,29
2314.125746,31.22,30.14,28.95,29.25,0.05,162,29
2316.109994,31.25,30.11,28.95,29.23,0.05,162,29
2318.152895,31.25,30.09,28.96,29.23,0.05,162,29
2320.144305,31.25,30.09,28.96,29.21,0.04,162,29
2322.169685,31.2,30.05,28.96,29.19,0.04,162,29
2324.18681,31.25,30.11,28.96,29.23,0.04,162,29
2326.208863,31.22,30.09,28.96,29.21,0.04,162,29
2328.242493,31.22,30.11,28.96,29.21,0.04,162,29
2330.260242,31.22,30.11,28.96,29.23,0.04,162,29
2332.306075,31.2,30.11,28.96,29.23,0.04,162,29
2334.304372,31.22,30.11,28.96,29.23,0.04,162,29
2336.313198,31.22,30.14,28.96,29.21,0.04,162,29
2338.369616,31.2,30.11,28.97,29.21,0.04,162,29
2340.356961,31.2,30.09,28.97,29.17,0.03,162,29
2342.390558,31.22,30.11,28.97,29.21,0.03,162,29
2344.407585,31.25,30.14,28.97,29.21,0.03,162,29
2346.429184,31.25,30.16,28.97,29.21,0.03,162,29
2348.452354,31.27,30.16,28.97,29.19,0.03,162,29
2350.474367,31.25,30.16,28.97,29.21,0.03,162,29
2352.542984,31.25,30.09,28.98,29.17,0.03,162,29
2354.518602,31.25,30.11,28.98,29.19,0.02,162,29
2356.569693,31.29,30.09,28.98,29.19,0.02,162,29
2358.5592,31.27,30.07,28.98,29.21,0.02,162,29
2360.613327,31.25,30.07,28.97,29.17,0.02,162,29
2362.602289,31.25,30.07,28.97,29.17,0.03,162,29
2364.623213,31.27,30.11,28.97,29.21,0.03,162,29
2366.645741,31.29,30.11,28.97,29.21,0.03,162,29
2368.707452,31.31,30.14,28.97,29.23,0.03,162,29
2370.693149,31.27,30.11,28.98,29.21,0.03,162,29
2372.71834,31.27,30.14,28.98,29.23,0.02,162,29
2374.745285,31.25,30.14,28.98,29.23,0.02,162,29
2376.7651,31.27,30.11,28.98,29.21,0.02,162,29
2378.807897,31.29,30.16,28.98,29.23,0.02,162,29
2380.814889,31.25,30.11,28.98,29.29,0.02,162,29
2382.878638,31.31,30.16,28.98,29.25,0.02,162,29
2384.857853,31.33,30.18,28.99,29.27,0.02,162,29
2386.916268,31.29,30.14,28.99,29.23,0.01,162,29
2388.89561,31.31,30.18,28.99,29.25,0.01,162,29
2390.928189,31.31,30.14,28.99,29.19,0.01,162,29
2392.943497,31.29,30.16,28.99,29.23,0.01,162,29
2394.977701,31.31,30.16,29,29.25,0.01,162,29
2397.022978,31.31,30.16,29,29.25,0,162,29
2399.001534,31.27,30.11,29,29.23,0,162,29
2401.026845,31.29,30.16,29,29.27,0,162,29
2403.079728,31.27,30.11,29,29.25,0,162,29
2405.065979,31.27,30.11,29,29.25,0,162,29
2407.110647,31.25,30.11,29,29.25,0,162,29
2409.113343,31.25,30.11,29,29.25,0,162,29
2411.134513,31.29,30.14,29,29.25,0,162,29
2413.202356,31.29,30.14,29,29.25,0,162,29
2415.201687,31.31,30.11,29,29.23,0,162,29
2417.198689,31.31,30.11,29,29.25,0,162,29
2419.250754,31.33,30.11,29,29.25,0,162,29
2421.249732,31.31,30.09,29,29.23,0,162,29
2423.27968,31.33,30.16,29,29.29,0,162,29
2425.297602,31.36,30.16,29,29.29,0,162,29
2427.314849,31.33,30.16,29,29.29,0,162,29
2429.333842,31.33,30.16,29,29.27,0,162,29
2431.352178,31.36,30.14,29,29.29,0,162,29
2433.38773,31.38,30.14,29,29.29,0,161,29
2435.443663,31.4,30.16,29.01,29.32,0,161,29
2437.416575,31.38,30.16,29.01,29.29,-0.01,161,29
2439.488871,31.36,30.18,29.01,29.32,-0.01,161,29
2441.463653,31.38,30.18,29.01,29.32,-0.01,161,29
2443.508792,31.38,30.2,29.01,29.34,-0.01,161,29
2445.522057,31.38,30.22,29.02,29.34,-0.01,161,29
2447.552568,31.38,30.22,29.02,29.34,-0.02,161,29
2449.554094,31.36,30.18,29.03,29.34,-0.02,161,29
2451.574154,31.36,30.22,29.03,29.34,-0.03,161,29
2453.61484,31.33,30.22,29.03,29.34,-0.03,161,29
2455.632589,31.36,30.24,29.03,29.36,-0.03,161,29
2457.666597,31.31,30.2,29.04,29.32,-0.03,161,29
2459.665035,31.31,30.2,29.04,29.34,-0.04,161,29
2461.684365,31.29,30.2,29.04,29.34,-0.04,161,29
2463.757574,31.31,30.18,29.04,29.34,-0.04,161,29
2465.731808,31.31,30.22,29.04,29.36,-0.04,160,29
2467.755097,31.29,30.18,29.04,29.36,-0.04,160,29
2469.781568,31.27,30.2,29.04,29.38,-0.04,160,29
2471.837942,31.2,30.2,29.04,29.38,-0.04,160,29
2473.814714,31.2,30.16,29.04,29.38,-0.04,160,29
2475.8609,31.22,30.18,29.04,29.34,-0.04,160,29
2477.900372,31.22,30.2,29.04,29.34,-0.04,160,29
2479.882715,31.2,30.2,29.04,29.34,-0.04,160,29
2481.926552,31.18,30.2,29.04,29.32,-0.04,160,29
2483.951737,31.18,30.2,29.04,29.36,-0.04,160,29
2485.988149,31.16,30.18,29.04,29.38,-0.04,160,29
2488.017617,31.22,30.22,29.03,29.36,-0.04,160,29
2489.997451,31.22,30.24,29.03,29.36,-0.03,160,29
2492.025846,31.18,30.16,29.04,29.36,-0.03,160,29
2494.054843,31.2,30.16,29.03,29.32,-0.04,160,29
2496.088275,31.2,30.16,29.03,29.32,-0.03,160,29
2498.09031,31.18,30.16,29.03,29.34,-0.03,161,29
2500.113946,31.18,30.18,29.02,29.34,-0.03,161,29
2502.130691,31.2,30.18,29.02,29.34,-0.02,161,29
2504.15945,31.16,30.14,29.02,29.34,-0.02,161,29
2506.202594,31.16,30.11,29.02,29.36,-0.02,161,29
2508.195538,31.2,30.16,29.01,29.34,-0.02,161,29
2510.213045,31.22,30.16,29.01,29.34,-0.01,161,29
2512.259648,31.25,30.18,29.01,29.34,-0.01,161,29
2514.25969,31.22,30.16,29.01,29.34,-0.01,161,29
2516.288881,31.25,30.18,29.01,29.36,-0.01,161,29
2518.349261,31.25,30.18,29.01,29.34,-0.01,161,29
2520.359343,31.25,30.2,29.01,29.32,-0.01,161,29
2522.373095,31.22,30.2,29.01,29.32,-0.01,161,29
2524.381188,31.2,30.2,29.01,29.34,-0.01,161,29
2526.424329,31.22,30.2,29.01,29.32,-0.01,161,29
2528.43427,31.22,30.2,29.01,29.32,-0.01,161,29
2530.475186,31.25,30.18,29.01,29.32,-0.01,161,29
2532.46965,31.22,30.16,29.01,29.32,-0.01,161,29
2534.480228,31.25,30.18,29.01,29.32,-0.01,161,29
2536.52987,31.22,30.18,29.01,29.29,-0.01,161,29
2538.53694,31.29,30.18,29.01,29.29,-4.01,64,25
2540.550578,31.05,30.2,29.01,29.36,-4.01,62,25
2542.574944,30.2,30.18,29.01,29.34,-4.01,61,25
2544.59748,29.38,30.18,29.01,29.34,-4.01,59,25
2546.663032,28.67,30.11,29,29.34,-4.01,58,25
2548.639631,28.08,30.01,28.99,29.34,-4,57,25
2550.66578,27.55,29.85,28.96,29.27,-3.99,55,25
2552.734401,27.12,29.75,28.93,29.32,-3.96,55,25
2554.705591,26.66,29.55,28.88,29.32,-3.93,54,25
2556.726877,26.31,29.42,28.83,29.25,-3.88,54,25
2558.758654,25.95,29.25,28.76,29.21,-3.83,54,25
2560.766662,25.64,29.06,28.68,29.14,-3.76,54,25
2562.808788,25.32,28.87,28.6,29.08,-3.68,54,25
2564.812439,25.03,28.69,28.51,28.99,-3.6,55,25
2566.831007,24.78,28.52,28.4,28.93,-3.51,56,25
2568.870197,24.53,28.33,28.3,28.82,-3.41,57,25
2570.881749,24.27,28.14,28.19,28.69,-3.3,59,25
2572.901388,24.12,27.99,28.07,28.63,-3.19,60,25
2574.930179,23.93,27.82,27.95,28.5,-3.07,62,25
2576.945671,23.77,27.63,27.82,28.42,-2.95,64,25
2578.987863,23.65,27.48,27.7,28.29,-2.82,66,25
2580.991494,23.5,27.31,27.57,28.14,-2.7,68,25
2583.020985,23.38,27.15,27.44,28.03,-2.57,70,25
2585.070828,23.25,26.98,27.31,27.86,-2.44,72,25
2587.072369,23.19,26.87,27.18,27.76,-2.31,74,25
2589.106223,23.13,26.75,27.05,27.63,-2.18,77,25
2591.106185,23.07,26.58,26.92,27.5,-2.05,79,25
2593.151834,23.03,26.47,26.8,27.38,-1.92,81,25
2595.145549,22.97,26.31,26.67,27.27,-6.8,0,20
2597.19603,22.99,26.39,26.55,27.27,-6.67,0,20
2599.184582,22.43,26.28,26.43,27.15,-6.55,0,20
2601.213751,21.9,26.14,26.32,27.04,-6.43,0,20
2603.274879,21.49,25.99,26.21,26.87,-6.32,0,20
2605.258836,21.1,25.85,26.09,26.81,-6.21,0,20
2607.276474,20.77,25.68,25.98,26.66,-6.09,0,20
2609.318266,20.49,25.53,25.86,26.58,-5.98,0,20
2611.327061,20.2,25.32,25.73,26.43,-5.86,0,20
2613.346626,19.96,25.18,25.61,26.33,-5.73,0,20
2615.364729,19.69,25.01,25.48,26.22,-5.61,0,20
2617.383626,19.49,24.8,25.35,26.08,-5.48,0,20
2619.403625,19.26,24.64,25.21,25.95,-5.35,0,20
2621.463883,19.02,24.45,25.07,25.78,-5.21,0,20
2623.478114,18.81,24.27,24.94,25.66,-5.07,0,20
2625.501693,18.63,24.08,24.8,25.51,-4.94,0,20
2627.496675,18.49,23.91,24.65,25.37,-4.8,0,20
2629.524068,18.36,23.77,24.51,25.24,-4.65,0,20
2631.555709,18.2,23.58,24.37,25.1,-4.51,0,20
2633.561616,18.02,23.4,24.23,24.95,-4.37,0,20
2635.62889,17.83,23.21,24.09,24.78,-4.23,0,20
2637.617992,17.69,23.09,23.94,24.66,-4.09,0,20
2639.625388,17.57,22.92,23.8,24.51,-3.94,0,20
2641.649102,17.47,22.78,23.66,24.37,-3.8,0,20
2643.675497,17.34,22.6,23.52,24.22,-3.66,0,20
2645.700819,17.18,22.45,23.38,24.06,-3.52,0,20
2647.728456,17.12,22.35,23.25,23.96,-3.38,0,20
2649.755581,16.95,22.21,23.11,23.83,-3.25,0,20
2651.815098,16.87,22.06,22.98,23.67,-3.11,0,20
2653.790447,16.69,21.96,22.85,23.52,-2.98,2,20
2655.803692,16.61,21.82,22.73,23.4,-2.85,4,20
2657.834327,16.5,21.65,22.6,23.23,-2.73,6,20
2659.879071,16.44,21.57,22.47,23.13,-2.6,9,20
2661.874193,16.34,21.41,22.35,22.99,-2.47,11,20
2663.911762,16.22,21.26,22.23,22.84,-2.35,13,20
2665.913832,16.12,21.1,22.11,22.68,-2.23,15,20
2667.970467,16.05,21,21.99,22.56,-2.11,17,20
2669.963116,15.99,20.88,21.87,22.41,-1.99,19,20
2671.992689,16.05,20.77,21.76,22.31,-1.87,21,20
2674.007889,16.05,20.69,21.65,22.21,-1.76,23,20
2676.041549,16.03,20.61,21.54,22.1,-1.65,26,20
2678.104013,16.05,20.49,21.44,21.94,-1.54,28,20
2680.091606,16.1,20.45,21.34,21.86,-1.44,30,20
2682.098995,16.05,20.36,21.24,21.76,-1.34,32,20
2684.146017,15.99,20.24,21.15,21.61,-1.24,33,20
2686.13869,15.95,20.14,21.05,21.51,-1.15,35,20
2688.186806,15.93,20.04,20.97,21.41,-1.05,37,20
2690.186478,15.97,19.98,20.88,21.3,-0.97,39,20
2692.197865,16.01,19.89,20.79,21.22,-0.88,41,20
2694.331486,16.01,19.83,20.71,21.16,-0.79,42,20
2696.265558,16.03,19.75,20.64,21.04,-0.71,44,20
2698.268428,16.07,19.69,20.56,20.96,-0.64,46,20
2700.320309,16.1,19.65,20.49,20.9,-0.56,47,20
2702.314539,16.1,19.59,20.42,20.81,-0.49,49,20
2704.346786,16.12,19.55,20.36,20.73,-0.42,50,20
2706.368623,16.14,19.55,20.3,20.65,-0.36,52,20
2708.39288,16.22,19.49,20.24,20.57,-0.3,53,20
2710.413637,16.22,19.47,20.19,20.53,-0.24,54,20
2712.452731,16.26,19.45,20.14,20.45,-0.19,56,20
2714.441952,16.3,19.38,20.09,20.36,-0.14,57,20
2716.496351,16.42,19.36,20.04,20.34,-0.09,58,20
2718.49022,16.44,19.34,20,20.26,-0.04,59,20
2720.508178,16.53,19.34,19.96,20.22,0,60,20
2722.582322,16.59,19.34,19.93,20.2,0.04,61,20
2724.572604,16.63,19.34,19.9,20.12,0.07,62,20
2726.589201,16.65,19.3,19.87,20.1,0.1,63,20
2728.614612,16.69,19.26,19.84,20.1,0.13,63,20
2730.649719,16.71,19.2,19.82,20.06,0.16,64,20
2732.673419,16.73,19.2,19.79,20.04,0.18,65,20
2734.670663,16.77,19.18,19.77,19.98,0.21,65,20
2736.718658,16.75,19.18,19.75,19.94,0.23,66,20
2738.706856,16.81,19.18,19.73,19.92,0.25,67,20
2740.755879,16.83,19.16,19.71,19.83,0.27,67,20
2742.773647,16.85,19.22,19.7,19.83,0.29,68,20
2744.817644,16.93,19.2,19.69,19.81,0.3,68,20
2746.807877,16.95,19.2,19.68,19.83,0.31,69,20
2748.819365,16.98,19.22,19.67,19.81,0.32,69,20
2750.859609,17.04,19.24,19.66,19.83,0.33,69,20
2752.868527,17.06,19.26,19.66,19.81,0.34,70,20
2754.904196,17.08,19.2,19.66,19.79,0.34,70,20
2756.907297,17.12,19.26,19.65,19.79,0.34,70,20
2758.961558,17.18,19.28,19.65,19.79,0.35,70,20
2760.955936,17.12,19.28,19.65,19.77,0.35,70,20
2762.973588,17.12,19.3,19.65,19.77,0.35,70,20
2764.993428,17.14,19.28,19.66,19.77,0.35,71,20
2767.023952,17.16,19.3,19.66,19.79,0.34,71,20
2769.093889,17.2,19.3,19.66,19.81,0.34,71,20
2771.090019,17.16,19.26,19.67,19.79,0.34,71,20
2773.087466,17.26,19.28,19.67,19.79,0.33,71,20
2775.10606,17.26,19.28,19.67,19.75,0.33,71,20
2777.141071,17.26,19.26,19.67,19.75,0.33,71,20
2779.163615,17.3,19.3,19.68,19.77,0.33,71,20
2781.181098,17.24,19.28,19.68,19.77,0.32,71,20
2783.204615,17.26,19.3,19.68,19.73,0.32,71,20
2785.25213,17.26,19.32,19.69,19.77,0.32,71,20
2787.245435,17.26,19.34,19.69,19.77,0.31,71,20
2789.268503,17.28,19.34,19.7,19.81,0.31,71,20
2791.296371,17.26,19.36,19.71,19.81,0.3,71,20
2793.306903,17.28,19.34,19.71,19.79,0.29,71,20
2795.341679,17.26,19.32,19.72,19.79,0.29,71,20
2797.350554,17.28,19.34,19.72,19.83,0.28,71,20
2799.3692,17.28,19.32,19.73,19.83,0.28,71,20
2801.438058,17.28,19.32,19.73,19.83,0.27,71,20
2803.419009,17.26,19.32,19.73,19.83,0.27,71,20
2805.438677,17.22,19.32,19.74,19.83,0.27,71,20
2807.484618,17.22,19.32,19.74,19.83,0.26,71,20
2809.502414,17.2,19.32,19.74,19.83,0.26,71,20
2811.552401,17.18,19.32,19.75,19.79,0.26,71,20
2813.563596,17.18,19.32,19.75,19.81,0.25,71,20
2815.544575,17.22,19.34,19.75,19.83,0.25,71,20
2817.577584,17.22,19.34,19.75,19.81,0.25,71,20
2819.613743,17.22,19.34,19.75,19.81,0.25,71,20
2821.640565,17.26,19.34,19.76,19.79,0.25,71,20
2823.636108,17.28,19.34,19.76,19.83,0.24,71,20
2825.66195,17.3,19.32,19.76,19.83,0.24,71,20
2827.704069,17.26,19.3,19.76,19.81,0.24,71,20
2829.726212,17.24,19.32,19.76,19.83,0.24,71,20
2831.764701,17.24,19.3,19.76,19.79,0.24,71,20
2833.750281,17.28,19.34,19.76,19.81,0.24,71,20
2835.769279,17.3,19.32,19.77,19.79,0.24,71,20
2837.803455,17.32,19.38,19.77,19.83,0.23,71,20
2839.809628,17.28,19.36,19.77,19.83,0.23,72,20
2841.837874,17.28,19.38,19.78,19.83,0.23,72,20
2843.886679,17.3,19.38,19.78,19.83,0.22,72,20
2845.882955,17.32,19.38,19.78,19.83,0.22,72,20
2847.897799,17.28,19.38,19.79,19.85,0.22,72,20
2849.964646,17.28,19.38,19.79,19.81,0.21,72,20
2851.957584,17.26,19.4,19.79,19.85,0.21,72,20
2853.980969,17.22,19.34,19.79,19.81,0.21,72,20
2855.988178,17.26,19.38,19.8,19.81,0.21,72,20
2858.058677,17.28,19.36,19.8,19.81,0.2,72,20
2860.044815,17.3,19.36,19.8,19.83,0.2,72,20
2862.086921,17.3,19.36,19.8,19.79,0.2,72,20
2864.085743,17.3,19.32,19.8,19.81,0.2,72,20
2866.101452,17.3,19.34,19.8,19.85,0.2,72,20
2868.134427,17.32,19.3,19.8,19.83,0.2,72,20
2870.146562,17.34,19.32,19.8,19.85,0.2,72,20
2872.189642,17.28,19.3,19.8,19.81,0.2,72,20
2874.223634,17.32,19.34,19.8,19.85,0.2,72,20
2876.208732,17.3,19.3,19.8,19.85,0.2,72,20
2878.240881,17.28,19.3,19.8,19.85,0.2,72,20
2880.268596,17.32,19.3,19.8,19.87,0.2,72,20
2882.27776,17.34,19.3,19.8,19.81,0.2,72,20
2884.340998,17.34,19.26,19.8,19.81,0.2,72,20
2886.321594,17.3,19.26,19.79,19.81,0.2,73,20
2888.352129,17.26,19.3,19.79,19.83,0.21,73,20
2890.389596,17.3,19.3,19.79,19.83,0.21,73,20
2892.39516,17.32,19.3,19.79,19.81,0.21,73,20
2894.432583,17.32,19.28,19.79,19.79,0.21,73,20
2896.428415,17.28,19.28,19.79,19.81,0.21,73,20
2898.459705,17.24,19.3,19.79,19.83,0.21,73,20
2900.480611,17.22,19.26,19.79,19.81,0.21,73,20
2902.50562,17.24,19.24,19.79,19.79,0.21,73,20
2904.525693,17.24,19.24,19.79,19.79,0.21,73,20
2906.586506,17.26,19.22,19.79,19.77,0.21,73,20
2908.5643,17.22,19.18,19.78,19.81,0.21,74,20
2910.616311,17.26,19.22,19.78,19.75,0.22,74,20
2912.628964,17.28,19.22,19.78,19.77,0.22,74,20
2914.631949,17.26,19.22,19.77,19.79,0.22,74,20
2916.656032,17.3,19.24,19.77,19.79,0.23,74,20
2918.684723,17.28,19.26,19.77,19.79,0.23,74,20
2920.69541,17.32,19.24,19.77,19.79,0.23,74,20
2922.736231,17.3,19.26,19.77,19.79,0.23,75,20
2924.74382,17.28,19.26,19.77,19.79,0.23,75,20
2926.762074,17.3,19.24,19.77,19.75,0.23,75,20
2928.784651,17.34,19.28,19.77,19.79,0.23,75,20
2930.851391,17.32,19.26,19.77,19.79,0.23,75,20
2932.829085,17.2,19.18,19.77,19.79,0.23,75,20
2934.871515,17.2,19.24,19.77,19.79,0.23,75,20
2936.869793,17.12,19.22,19.77,19.79,0.23,75,20
2938.903577,17.1,19.22,19.77,19.77,0.23,75,20
2940.916086,17.1,19.24,19.77,19.83,0.23,75,20
2942.979844,17.06,19.24,19.76,19.83,0.23,76,20
2944.971605,17.08,19.26,19.76,19.83,0.24,76,20
2947.003341,17.06,19.24,19.76,19.81,0.24,76,20
2949.009562,17.1,19.22,19.76,19.83,0.24,76,20
2951.073943,17.14,19.24,19.76,19.83,0.24,76,20
2953.064218,17.12,19.22,19.75,19.79,0.24,76,20
2955.072206,17.06,19.16,19.75,19.77,0.25,76,20
2957.091357,17.1,19.22,19.75,19.77,0.25,76,20
2959.172673,17.18,19.2,19.74,19.75,0.25,77,20
2961.136691,17.24,19.22,19.74,19.75,0.26,77,20
2963.220622,17.24,19.22,19.74,19.73,0.26,77,20
2965.18591,17.22,19.24,19.74,19.73,0.26,77,20
2967.20182,17.26,19.24,19.74,19.75,0.26,77,20
2969.248583,17.32,19.26,19.74,19.75,0.26,77,20
2971.248677,17.34,19.26,19.74,19.75,0.26,77,20
2973.283801,17.38,19.3,19.74,19.77,0.26,78,20
2975.293842,17.38,19.3,19.74,19.77,0.26,78,20
2977.337585,17.36,19.3,19.75,19.75,0.26,78,20
2979.335856,17.42,19.32,19.75,19.77,0.25,78,20
2981.359512,17.51,19.32,19.76,19.75,0.25,78,20
2983.384682,17.79,19.36,19.76,19.77,0.24,78,20
2985.44365,18.04,19.51,19.77,19.81,0.24,78,20
2987.424558,18.32,19.65,19.78,19.79,0.23,77,20
2989.461663,18.71,19.87,19.8,19.85,0.22,77,20
2991.478615,19.02,20.06,19.83,19.89,0.2,77,20
2993.504639,19.3,20.22,19.87,19.89,0.17,76,20
2995.52258,19.51,20.38,19.92,19.96,0.13,75,20
2997.534237,19.63,20.55,19.97,20.08,0.08,74,20
2999.593684,19.81,20.67,20.03,20.18,0.03,73,20
3001.584666,19.92,20.77,20.09,20.26,-0.03,71,20
3003.606612,20.04,20.9,20.16,20.36,-0.09,70,20
3005.640629,20.1,21,20.23,20.45,-0.16,68,20
3007.644316,20.16,21.1,20.29,20.55,-0.23,67,20
3009.682598,20.18,21.18,20.37,20.67,-0.29,65,20
3011.714479,20.18,21.26,20.44,20.73,-0.37,63,20
3013.708255,20.18,21.35,20.51,20.83,-0.44,61,20
3015.74194,20.14,21.43,20.57,20.96,-0.51,59,20
3017.79878,20.06,21.47,20.64,21.04,-0.57,57,20
3019.782738,20,21.51,20.71,21.14,-0.64,56,20
3021.812699,19.96,21.57,20.77,21.22,-0.71,54,20
3023.834886,19.87,21.61,20.83,21.28,-0.77,52,20
3025.860724,19.79,21.63,20.89,21.35,-0.83,50,20
3027.889277,19.71,21.65,20.94,21.43,-0.89,48,20
3029.893923,19.65,21.69,20.99,21.49,-0.94,47,20
3031.910306,19.57,21.69,21.04,21.55,-0.99,45,20
3033.935152,19.45,21.69,21.08,21.59,-1.04,44,20
3035.950646,19.36,21.69,21.12,21.65,-1.08,42,20
3038.028784,19.28,21.71,21.16,21.69,-1.12,41,20
3039.998691,19.2,21.69,21.19,21.71,-1.16,40,20
3042.024537,19.06,21.69,21.21,21.76,-1.19,39,20
3044.066183,18.96,21.63,21.24,21.84,-1.21,38,20
3046.063486,18.89,21.65,21.26,21.84,-1.24,37,20
3048.091558,18.83,21.63,21.27,21.84,-1.26,36,20
3050.113721,18.81,21.63,21.28,21.86,-1.27,35,20
3052.138612,18.75,21.61,21.29,21.86,-1.28,34,20
3054.16094,18.65,21.57,21.3,21.88,-1.29,33,20
3056.208348,18.57,21.55,21.3,21.88,-1.3,33,20
3058.196568,18.47,21.51,21.31,21.86,-1.3,32,20
3060.232207,18.4,21.49,21.3,21.88,-1.31,32,20
3062.28083,18.4,21.45,21.3,21.84,-1.3,31,20
3064.285647,18.32,21.41,21.29,21.86,-1.3,31,20
3066.30057,18.26,21.41,21.28,21.84,-1.29,31,20
3068.305952,18.22,21.41,21.27,21.84,-1.28,30,20
3070.360552,18.2,21.37,21.26,21.84,-1.27,30,20
3072.34821,18.12,21.33,21.25,21.82,-1.26,30,20
3074.390953,18.02,21.26,21.24,21.76,-1.25,30,20
3076.396861,17.98,21.26,21.22,21.78,-1.24,30,20
3078.422462,17.87,21.18,21.2,21.71,-1.22,30,20
3080.45185,17.83,21.2,21.18,21.76,-1.2,29,20
3082.495614,17.83,21.16,21.17,21.73,-1.18,30,20
3084.486658,17.75,21.1,21.15,21.69,-1.17,30,20
3086.536338,17.71,21.06,21.12,21.67,-1.15,30,20
3088.536257,17.69,21,21.1,21.61,-1.12,30,20
3090.555162,17.73,21.02,21.08,21.63,-1.1,30,20
3092.576348,17.69,20.98,21.05,21.59,-1.08,30,20
3094.617414,17.71,20.96,21.03,21.57,-1.05,30,20
3096.650101,17.65,20.9,21.01,21.51,-1.03,30,20
3098.651358,17.57,20.88,20.98,21.51,-1.01,31,20
3100.656989,17.51,20.81,20.96,21.47,-0.98,31,20
3102.705768,17.49,20.81,20.93,21.47,-0.96,31,20
3104.701524,17.47,20.79,20.91,21.45,-0.93,31,20
3106.758979,17.38,20.73,20.88,21.45,-0.91,32,20
3108.761529,17.42,20.73,20.86,21.39,-0.88,32,20
3110.772039,17.45,20.71,20.83,21.37,-0.86,32,20
3112.796723,17.42,20.69,20.81,21.37,-0.83,33,20
3114.846,17.42,20.65,20.79,21.35,-0.81,33,20
3116.837246,17.42,20.63,20.76,21.3,-0.79,33,20
3118.888041,17.34,20.59,20.74,21.28,-0.76,33,20
3120.882919,17.36,20.55,20.72,21.2,-0.74,34,20
3122.940225,17.36,20.55,20.69,21.24,-0.72,34,20
3124.927636,17.32,20.49,20.67,21.22,-0.69,34,20
3126.948676,17.32,20.47,20.65,21.14,-0.67,35,20
3129.00963,17.34,20.47,20.63,21.14,-0.65,35,20
3131.010696,17.3,20.45,20.61,21.12,-0.63,35,20
3133.014112,17.28,20.43,20.59,21.08,-0.61,35,20
3135.035691,17.22,20.41,20.57,21.08,-0.59,36,20
3137.087657,17.16,20.34,20.55,21.08,-0.57,36,20
3139.097286,17.16,20.36,20.53,21.08,-0.55,36,20
3141.119954,17.16,20.34,20.51,21.04,-0.53,37,20
3143.137138,17.1,20.34,20.49,21.02,-0.51,37,20
3145.155161,17.16,20.28,20.47,20.96,-0.49,37,20
3147.16647,17.16,20.28,20.45,20.98,-0.47,37,20
3149.220603,17.14,20.26,20.43,20.94,-0.45,38,20
3151.212316,17.18,20.24,20.41,20.9,-0.43,38,20
3153.266776,17.18,20.22,20.4,20.85,-0.41,38,20
3155.296378,17.2,20.22,20.38,20.85,-0.4,39,20
3157.28379,17.2,20.2,20.36,20.88,-0.38,39,20
3159.318001,17.2,20.18,20.35,20.81,-0.36,39,20
3161.32629,17.2,20.18,20.33,20.81,-0.35,39,20
3163.375423,17.18,20.16,20.32,20.79,-0.33,40,20
3165.362821,17.16,20.14,20.31,20.75,-0.32,40,20
3167.401034,17.2,20.12,20.29,20.73,-0.31,40,20
3169.415378,17.22,20.12,20.28,20.73,-0.29,40,20
3171.432145,17.26,20.08,20.27,20.73,-0.28,40,20
3173.475282,17.26,20.1,20.26,20.73,-0.27,41,20
3175.473621,17.28,20.1,20.25,20.71,-0.26,41,20
3177.530494,17.26,20.1,20.24,20.69,-0.25,41,20
3179.55709,17.24,20.08,20.23,20.71,-0.24,41,20
3181.546781,17.2,20.08,20.22,20.71,-0.23,41,20
3183.600937,17.16,20.08,20.21,20.71,-0.22,41,20
3185.584658,17.14,20.06,20.2,20.71,-0.21,42,20
3187.651679,17.14,20.04,20.19,20.67,-0.2,42,20
3189.64169,17.12,20.04,20.19,20.69,-0.19,42,20
3191.658067,17.06,20.04,20.18,20.69,-0.19,42,20
3193.690701,17.08,20.04,20.17,20.69,-0.18,42,20
3195.737521,17.06,20.02,20.16,20.69,-0.17,42,20
3197.72961,17.06,19.98,20.15,20.65,-0.16,42,20
3199.752726,17.02,19.98,20.15,20.63,-0.15,42,20
3201.76747,17.02,19.96,20.14,20.59,-0.15,43,20
3203.790527,17.08,19.96,20.13,20.59,-0.14,43,20
3205.817874,17.1,19.94,20.12,20.61,-0.13,43,20
3207.841851,17.12,19.94,20.11,20.59,-0.12,43,20
3209.867254,17.1,19.92,20.1,20.59,-0.11,43,20
3211.883988,17.08,19.92,20.09,20.59,-0.1,43,20
3213.89827,17.06,19.89,20.09,20.55,-0.09,44,20
3215.918201,17,19.85,20.08,20.55,-0.09,44,20
3217.98877,17.02,19.92,20.07,20.55,-0.08,44,20
3219.969856,17,19.87,20.06,20.49,-0.07,44,20
3221.983091,17.06,19.89,20.06,20.55,-0.06,44,20
3224.008391,17.04,19.85,20.05,20.49,-0.06,44,20
3226.031454,17.06,19.85,20.04,20.49,-0.05,44,20
3228.077991,17.1,19.85,20.04,20.51,-0.04,45,20
3230.073835,17.1,19.85,20.03,20.51,-0.04,45,20
3232.095515,17.08,19.81,20.03,20.53,-0.03,45,20
3234.124841,17.06,19.81,20.02,20.47,-0.03,45,20
3236.173206,17.02,19.81,20.01,20.49,-0.02,45,20
3238.197622,16.98,19.77,20.01,20.41,-0.01,45,20
3240.187046,16.98,19.79,20,20.41,-0.01,45,20
3242.239454,16.98,19.77,19.99,20.41,0,46,20
3244.236371,16.95,19.81,19.99,20.45,0.01,46,20
3246.266587,16.93,19.77,19.98,20.41,0.01,46,20
3248.26892,17,19.77,19.98,20.41,0.02,46,20
3250.29278,17,19.77,19.97,20.36,0.02,46,20
3252.325578,16.98,19.77,19.97,20.38,0.03,46,20
3254.35964,16.98,19.77,19.96,20.36,0.03,46,20
3256.360059,17,19.71,19.96,20.32,0.04,47,20
3258.412571,17.06,19.77,19.95,20.36,0.04,47,20
3260.402594,17.1,19.75,19.95,20.36,0.05,47,20
3262.474876,17.06,19.73,19.94,20.3,0.05,47,20
3264.492844,17.1,19.75,19.94,20.32,0.06,47,20
3266.472366,17.12,19.79,19.94,20.32,0.06,47,20
3268.498075,17.1,19.75,19.94,20.26,0.06,47,20
3270.525655,17.12,19.79,19.93,20.28,0.06,47,20
3272.565431,17.1,19.77,19.93,20.28,0.07,47,20
3274.573572,17.16,19.79,19.93,20.3,0.07,47,20
3276.606348,17.14,19.77,19.93,20.28,0.07,48,20
3278.624647,17.12,19.73,19.93,20.26,0.07,48,20
3280.623591,17.14,19.71,19.93,20.26,0.07,48,20
3282.67147,17.1,19.71,19.93,20.26,0.07,48,20
3284.666707,17.08,19.67,19.93,20.24,0.07,48,20
3286.704838,17.08,19.67,19.92,20.22,0.07,48,20
3288.717588,17.08,19.67,19.92,20.22,0.08,48,20
3290.779774,17.06,19.69,19.92,20.24,0.08,48,20
3292.76543,17.06,19.67,19.91,20.22,0.08,48,20
3294.792595,17.1,19.65,19.91,20.22,0.09,48,20
3296.814663,17.04,19.63,19.91,20.2,0.09,48,20
3298.884949,17.04,19.65,19.9,20.22,0.09,48,20
3300.843887,16.98,19.61,19.9,20.18,0.1,49,20
3302.895677,16.98,19.59,19.9,20.18,0.1,49,20
3304.909553,17.02,19.57,19.89,20.14,0.1,49,20
3306.90889,17.02,19.61,19.89,20.16,0.11,49,20
3308.95936,17,19.59,19.88,20.14,0.11,49,20
3310.958307,16.95,19.57,19.88,20.16,0.12,49,20
3312.983271,16.93,19.57,19.87,20.16,0.12,49,20
3315.005612,16.89,19.55,19.87,20.14,0.13,50,20
3317.023642,16.87,19.55,19.86,20.18,0.13,50,20
3319.050216,16.91,19.55,19.86,20.14,0.14,50,20
3321.078706,16.91,19.57,19.85,20.12,0.14,50,20
3323.089997,16.98,19.63,19.85,20.14,0.15,50,20
3325.141557,17.04,19.63,19.85,20.14,0.15,50,20
3327.148625,17.08,19.63,19.85,20.14,0.15,50,20
3329.187763,17.04,19.55,19.85,20.06,0.15,51,20
3331.179584,17.08,19.57,19.84,20.1,0.15,51,20
3333.204211,17.1,19.55,19.84,20.08,0.16,51,20
3335.2311,17.08,19.51,19.84,20.06,0.16,51,20
3337.249115,17.1,19.57,19.83,20.06,0.16,51,20
3339.308913,17.08,19.55,19.83,20.06,0.17,51,20
3341.29064,17.12,19.57,19.83,20.06,0.17,51,20
3343.320846,17.12,19.57,19.83,20.06,0.17,51,20
3345.330887,17.1,19.53,19.83,20.04,0.17,51,20
3347.35457,17.14,19.51,19.83,20.02,0.17,51,20
3349.417609,17.1,19.53,19.83,20.06,0.17,52,20
3351.411557,17.1,19.51,19.83,20.06,0.17,52,20
3353.444065,17.12,19.51,19.83,20.06,0.17,52,20
3355.474612,17.12,19.53,19.82,20.02,0.17,52,20
3357.492893,17.18,19.57,19.82,20.06,0.18,52,20
3359.486278,17.18,19.57,19.83,20.04,0.18,52,20
3361.541927,17.18,19.59,19.83,20.1,0.17,52,20
3363.534806,17.18,19.61,19.83,20.08,0.17,52,20
3365.564889,17.18,19.63,19.83,20.12,0.17,52,20
3367.615369,17.14,19.61,19.84,20.1,0.17,52,20
3369.600855,17.1,19.59,19.84,20.12,0.16,52,20
3371.659448,17.08,19.57,19.84,20.08,0.16,52,20
3373.644854,17.1,19.57,19.84,20.12,0.16,52,20
3375.680009,17.12,19.57,19.84,20.12,0.16,52,20
3377.697755,17.1,19.59,19.84,20.1,0.16,52,20
3379.734831,17.1,19.59,19.85,20.1,0.16,52,20
3381.738965,17.04,19.59,19.85,20.08,0.15,52,20
3383.755722,16.93,19.55,19.85,20.1,0.15,52,20
3385.775375,16.85,19.51,19.85,20.06,0.15,52,20
3387.819404,16.73,19.45,19.84,20.08,0.15,52,20
3389.856342,16.61,19.38,19.84,20.04,0.16,52,20
3391.870652,16.61,19.47,19.83,20.06,0.16,53,20
3393.85918,16.61,19.45,19.82,20.12,0.17,53,20
3395.880575,16.71,19.49,19.81,20.1,0.18,53,20
3397.91385,16.75,19.47,19.81,20.06,0.19,53,20
3399.930206,16.77,19.63,19.8,20.12,0.19,54,20
3401.951598,16.75,19.94,19.8,20.22,0.2,54,20
3404.00989,16.83,20.24,19.81,20.41,0.2,54,20
3406.009605,17.02,20.45,19.84,20.53,0.19,54,20
3408.042217,17.14,20.63,19.87,20.69,0.16,53,20
3410.083617,17.36,20.81,19.91,20.83,0.13,52,20
3412.115512,17.45,20.83,19.95,20.94,0.09,52,20
3414.085821,17.59,20.88,19.99,21.04,0.05,51,20
3416.105169,17.61,20.83,20.03,21.12,0.01,50,20
3418.127732,17.67,20.79,20.06,21.2,-0.03,49,20
3420.170569,17.61,20.71,20.09,21.2,-0.06,48,20
3422.181476,17.57,20.67,20.12,21.22,-0.09,47,20
3424.194522,17.45,20.55,20.14,21.22,-0.12,46,20
3426.243589,17.38,20.53,20.16,21.2,-0.14,46,20
3428.247253,17.34,20.49,20.17,21.16,-0.16,45,20
3430.286397,17.2,20.38,20.18,21.1,-0.17,45,20
3432.285815,17.16,20.38,20.19,21.14,-0.18,45,20
3434.30167,17.12,20.34,20.19,21.1,-0.19,44,20
3436.331736,17.04,20.26,20.2,21.04,-0.19,44,20
3438.353529,16.95,20.2,20.19,21.04,-0.2,44,20
3440.374612,16.91,20.18,20.19,21,-0.19,44,20
3442.413993,16.91,20.14,20.18,20.96,-0.19,44,20
3444.428765,16.85,20.06,20.17,20.92,-0.18,44,20
3446.475566,16.81,20.04,20.16,20.9,-0.17,44,20
3448.478748,16.75,19.96,20.15,20.83,-0.16,45,20
3450.486118,16.59,19.85,20.14,20.75,-0.15,45,20
3452.518123,16.5,19.85,20.12,20.79,-0.14,45,20
3454.533038,16.48,19.81,20.1,20.75,-0.12,46,20
3456.54585,16.44,19.77,20.08,20.67,-0.1,46,20
3458.600003,16.4,19.69,20.06,20.61,-0.08,46,20
3460.600905,16.38,19.65,20.04,20.59,-0.06,47,20
3462.621386,16.32,19.57,20.01,20.49,-0.04,47,20
3464.644561,16.4,19.59,19.99,20.49,-0.01,48,20
3466.733809,16.34,19.51,19.96,20.43,0.01,49,20
3468.679407,16.22,19.47,19.94,20.38,0.04,49,20
3470.709753,16.22,19.45,19.91,20.38,0.06,50,20
